planet,host_star,num_stars,num_planets,discovery_year,discovery_method,discovery_facility,orbital_period_days,orbit_au,radius_earth,mass_earth,equilibrium_temp_k,star_temp_k,distance_pc
11 Com b,11 Com,2,1,2007,Radial Velocity,Xinglong Station,323.21,1.178,,4914.898486,,4874,93.1846
11 UMi b,11 UMi,1,1,2009,Radial Velocity,Thueringer Landessternwarte Tautenburg,516.21997,1.53,,4684.8142,,4213,125.321
14 And b,14 And,1,1,2008,Radial Velocity,Okayama Astrophysical Observatory,186.76,0.775,,1131.151301,,4888,75.4392
14 Her b,14 Her,1,2,2002,Radial Velocity,W. M. Keck Observatory,,2.839,,2828.672822,,,17.9323
16 Cyg B b,16 Cyg B,3,1,1996,Radial Velocity,Multiple Observatories,798.5,1.66,,565.7374,,5750,21.1397
17 Sco b,17 Sco,1,1,2020,Radial Velocity,Lick Observatory,578.38,1.45,,1373.018718,,4157,124.953
18 Del b,18 Del,2,1,2008,Radial Velocity,Okayama Astrophysical Observatory,982.85,2.476,,2926.246143,,4980,76.222
1RXS J160929.1-210524 b,1RXS J160929.1-210524,1,1,2008,Imaging,Gemini Observatory,,330,,3000,1700,4060,139.135
24 Boo b,24 Boo,1,1,2018,Radial Velocity,Okayama Astrophysical Observatory,30.33,0.194,,280.6424834,,4816,95.9863
24 Sex b,24 Sex,1,2,2010,Radial Velocity,Lick Observatory,452.8,1.333,,632.46,,5098,72.0691
24 Sex c,24 Sex,1,2,2010,Radial Velocity,Lick Observatory,883,2.08,,273.32,,5098,72.0691
2M0437 b,2MASS J04372171+2651014,1,1,2021,Imaging,Subaru Telescope,,118,,1271.313628,1450,3100,128.484
2MASS J01033563-5515561 AB b,2MASS J01033563-5515561 A,2,1,2013,Imaging,Paranal Observatory,,84,,4131.79,,,
2MASS J01225093-2439505 b,2MASS J01225093-2439505,1,1,2013,Imaging,W. M. Keck Observatory,,52,,7786.5,,3530,33.8281
2MASS J02192210-3925225 b,2MASS J02192210-3925225,1,1,2015,Imaging,Cerro Tololo Inter-American Observatory,,156,16.14096,4417.837,,3064,
2MASS J0249-0557 c,2MASS J0249-0557 A,2,1,2018,Imaging,Mauna Kea Observatory,,,17.37392009,3616.887272,1723,,66.0613
2MASS J03590986+2009361 b,2MASS J03590986+2009361,1,1,2024,Imaging,European Space Agency (ESA) Gaia Satellite,,572,,5720.911326,2369,,117.435
2MASS J04414489+2301513 b,2MASS J04414489+2301513,1,1,2010,Imaging,Hubble Space Telescope,,15,,2383.6,,,
2MASS J11011926-7732383 b,2MASS J11011926-7732383,1,1,2024,Imaging,European Space Agency (ESA) Gaia Satellite,,266,,8899.195396,2677,,
2MASS J11550485-7919108 b,2MASS J11550485-7919108,1,1,2024,Imaging,European Space Agency (ESA) Gaia Satellite,,587,,6356.56814,2506,,100.862
2MASS J12073346-3932539 b,2MASS J12073346-3932539,1,1,2004,Imaging,Paranal Observatory,,,15.69257298,1652.707716,1163,,64.308
2MASS J19383260+4603591 b,2MASS J19383260+4603591,2,3,2015,Eclipse Timing Variations,Kepler,406,,,591.160837,,29564,396.332
2MASS J21252752-8138278 b,2MASS J21252752-8138278,1,1,2024,Imaging,European Space Agency (ESA) Gaia Satellite,,7493,,3813.940884,1616,,34.1154
2MASS J22362452+4751425 b,2MASS J22362452+4751425,1,1,2016,Imaging,W. M. Keck Observatory,,230,,3972.875,,4045,69.5737
2MASS J22501512+2325342 b,2MASS J22501512+2325342,1,1,2018,Imaging,The 2 (Two) Micron All Sky Survey (2MASS),,518,,9534.85221,1600,,57.2309
4 UMa b,4 UMa,1,1,2006,Radial Velocity,Thueringer Landessternwarte Tautenburg,270.27,0.877,,2511.480072,,4415,73.4603
47 UMa b,47 UMa,1,3,1996,Radial Velocity,Lick Observatory,1078,2.1,,804.08,,5872,13.7967
47 UMa c,47 UMa,1,3,2001,Radial Velocity,Lick Observatory,2391,3.6,,171.621,,5872,13.7967
47 UMa d,47 UMa,1,3,2009,Radial Velocity,Lick Observatory,14002.00000000000,11.6,,521.22,,5872,13.7967
51 Eri b,51 Eri,3,1,2015,Imaging,Gemini Observatory,9100,10.4,,3464.329636,,,29.7575
51 Peg b,51 Peg,1,1,1995,Radial Velocity,Haute-Provence Observatory,4.2307966,0.052,,193.8753283,,5761,15.4614
55 Cnc B b,55 Cnc B,2,7,2025,Radial Velocity,Mauna Kea Observatory,6.7994,0.044,,3.5,,3286,12.4773
55 Cnc B c,55 Cnc B,2,7,2025,Radial Velocity,Mauna Kea Observatory,33.747,0.13,,5.3,,3286,12.4773
55 Cnc b,55 Cnc,2,7,1996,Radial Velocity,Lick Observatory,14.651552,0.118,,276,,5198,12.5855
55 Cnc c,55 Cnc,2,7,2004,Radial Velocity,McDonald Observatory,44.3936,0.247,,56.6,,5198,12.5855
55 Cnc d,55 Cnc,2,7,2002,Radial Velocity,Lick Observatory,4799,5.6,,1214.104515,,5198,12.5855
55 Cnc e,55 Cnc,2,7,2004,Radial Velocity,McDonald Observatory,0.7365474,0.01544,1.875,7.99,,5172,12.5855
55 Cnc f,55 Cnc,2,7,2007,Radial Velocity,Multiple Observatories,260.58,0.802,,48.5,,5198,12.5855
6 Lyn b,6 Lyn,1,1,2008,Radial Velocity,Okayama Astrophysical Observatory,919.86,2.028,,597.8352336,,4941,54.6599
61 Vir b,61 Vir,1,3,2009,Radial Velocity,Multiple Observatories,4.215,0.050201,,5.1,,5577,8.50332
61 Vir c,61 Vir,1,3,2009,Radial Velocity,Multiple Observatories,38.021,0.2175,,18.2,,5577,8.50332
61 Vir d,61 Vir,1,3,2009,Radial Velocity,Multiple Observatories,123.01,0.476,,22.9,,5577,8.50332
7 CMa b,7 CMa,1,2,2011,Radial Velocity,Anglo-Australian Telescope,735.1,1.758,,587.9855,,4826,19.8101
7 CMa c,7 CMa,1,2,2019,Radial Velocity,Multiple Observatories,996,2.153,,276.5121,,4826,19.8101
70 Vir b,70 Vir,1,1,1996,Radial Velocity,Lick Observatory,116.688,0.481,,2357.02728,,5495,17.9011
75 Cet b,75 Cet,2,2,2012,Radial Velocity,Okayama Astrophysical Observatory,696.62,1.912,,787.896621,,4809,82.9613
75 Cet c,75 Cet,2,2,2023,Radial Velocity,Okayama Astrophysical Observatory,2051.62,3.929,,289.8595072,,4809,82.9613
8 UMi b,8 UMi,1,1,2015,Radial Velocity,Bohyunsan Optical Astronomical Observatory,93.31,0.462,,524.4168716,,4847,162.552
81 Cet b,81 Cet,1,1,2008,Radial Velocity,Okayama Astrophysical Observatory,1005.57,2.104,,1051.058542,,4734,101.26
91 Aqr b,91 Aqr,3,1,2013,Radial Velocity,Lick Observatory,181.4,0.7,,1017,,4665,44.0304
AB Aur b,AB Aur,1,1,2022,Imaging,Subaru Telescope,,93.9,,2860.455663,,9770,162.127
AB Pic b,AB Pic,1,1,2005,Imaging,Paranal Observatory,,260,,4290.5,,,50.0475
AF Lep b,AF Lep,1,1,2023,Imaging,Paranal Observatory,8905,8.996,,1147.360549,,,26.8564
AT2021ueyL b,AT2021ueyL,1,1,2025,Microlensing,Multiple Observatories,4168.69,4.01,,425.8900654,,3680,1040
AU Mic b,AU Mic,1,4,2020,Transit,Transiting Exoplanet Survey Satellite (TESS),8.463446,0.07,4.79,8.99,554.8,3540,9.7221
AU Mic c,AU Mic,1,4,2021,Transit,Transiting Exoplanet Survey Satellite (TESS),18.859023,0.119,2.79,14.46,424.7,3540,9.7221
AU Mic d,AU Mic,1,4,2023,Transit Timing Variations,Multiple Observatories,12.73596,,,1.053,,3678,9.7221
AU Mic e,AU Mic,1,4,2025,Radial Velocity,Mauna Kea Observatory,33.11,,,21.1,,3665,9.7221
BD+03 2562 b,BD+03 2562,1,1,2017,Radial Velocity,Multiple Observatories,481.9,1.3,,2034.112,,4095,1070.63
BD+05 4868 A b,BD+05 4868 A,2,1,2025,Transit,Transiting Exoplanet Survey Satellite (TESS),1.271869,0.0208,,6.2,1820,4596,43.5687
BD+14 4559 b,BD+14 4559,1,1,2009,Radial Velocity,McDonald Observatory,268.94,0.78,,330.5432,,4864,49.352
BD+15 2375 b,BD+15 2375,1,1,2016,Radial Velocity,Roque de los Muchachos Observatory,153.22,0.576,,337.21763,,4649,768.045
BD+15 2940 b,BD+15 2940,1,1,2013,Radial Velocity,McDonald Observatory,137.48,0.539,,352.78,,4796,426.42
BD+20 2457 b,BD+20 2457,1,2,2009,Radial Velocity,McDonald Observatory,379.63,1.45,,6807.63,,4137,1539.71
BD+20 2457 c,BD+20 2457,1,2,2009,Radial Velocity,McDonald Observatory,621.99,2.01,,3963.17,,4137,1539.71
BD+20 274 b,BD+20 274,1,1,2012,Radial Velocity,McDonald Observatory,578.2,1.3,,1334.886,,4296,1322.51
BD+20 594 b,BD+20 594,1,1,2016,Transit,K2,41.6855,,2.57807,22.2481,,5766,179.461
BD+37 3172 b,BD+37 3172,1,1,2023,Radial Velocity,McDonald Observatory,1887.76,4.65,,3368.981114,,4500,454.251
BD+42 2315 b,BD+42 2315,1,1,2023,Radial Velocity,McDonald Observatory,123.05,0.54,,174.8056239,,4500,610.715
BD+45 564 b,BD+45 564,1,1,2021,Radial Velocity,Haute-Provence Observatory,307.88,0.83,,432.2466335,,5004,53.622
BD+48 738 b,BD+48 738,1,1,2011,Radial Velocity,McDonald Observatory,392.6,1,,289.2253,,4414,871.493
BD+48 740 b,BD+48 740,1,1,2018,Radial Velocity,Multiple Observatories,733,1.7,,540.311,,4534,666.589
BD+49 828 b,BD+49 828,1,1,2015,Radial Velocity,McDonald Observatory,2590,4.2,,508.5,,4943,442.042
BD+55 362 b,BD+55 362,1,1,2021,Radial Velocity,Haute-Provence Observatory,265.59,0.78,,228.836453,,5012,52.5697
BD+60 1417 b,BD+60 1417,1,1,2021,Imaging,Wide-field Infrared Survey Explorer (WISE) Sat,,1662,14.68376472,4767.426105,1303,4993,44.9543
BD+63 1405 b,BD+63 1405,1,1,2021,Radial Velocity,Haute-Provence Observatory,1198.48,2.06,,1258.600492,,5000,38.0473
BD-06 1339 b,BD-06 1339,1,2,2013,Radial Velocity,La Silla Observatory,3.8728,0.0428,,8.5,,4324,20.2695
BD-06 1339 c,BD-06 1339,1,2,2013,Radial Velocity,La Silla Observatory,125.94,0.435,,53,,4324,20.2695
BD-08 2823 b,BD-08 2823,1,2,2009,Radial Velocity,La Silla Observatory,5.6,0.06,,12.7132,,4816,41.3342
BD-08 2823 c,BD-08 2823,1,2,2009,Radial Velocity,La Silla Observatory,237.6,0.68,,104,,4746,41.3342
BD-10 3166 b,BD-10 3166,1,1,2000,Radial Velocity,W. M. Keck Observatory,3.48777,0.04,,187.5197,,5393,84.4069
BD-11 4672 b,BD-11 4672,1,2,2014,Radial Velocity,La Silla Observatory,1634,2.36,,206.5895,,4550,27.1665
BD-11 4672 c,BD-11 4672,1,2,2020,Radial Velocity,Roque de los Muchachos Observatory,74.2,0.3,,15.37,,4550,27.1665
BD-13 2130 b,BD-13 2130,1,1,2007,Radial Velocity,La Silla Observatory,714.29999,1.66,,3108.3774,,4545,925.214
BD-14 3065 b,BD-14 3065 A,3,1,2024,Transit,Transiting Exoplanet Survey Satellite (TESS),4.2889731,0.0656,21.59,3932,2001,6935,589.423
BD-17 63 b,BD-17 63,1,1,2008,Radial Velocity,La Silla Observatory,655.57,,,1639.99458,,,34.4603
BD-210397 b,BD-210397,1,2,2023,Radial Velocity,La Silla Observatory,1891,2.63,,214,,4051,23.7324
BD-210397 c,BD-210397,1,2,2023,Radial Velocity,La Silla Observatory,6240,5.9,,1525.576354,,,23.7324
BEBOP-3 b,BEBOP-3,2,1,2025,Radial Velocity,Haute-Provence Observatory,547,1.444,,177.3482511,,6033,119.052
BEBOP-4 AB b,BEBOP-4 A,2,1,2025,Radial Velocity,Haute-Provence Observatory,1823.5,3.634,,8358.887104,,,234.294
Barnard b,Barnard's star,1,4,2024,Radial Velocity,Paranal Observatory,3.1542,0.0229,,0.299,438,3195,1.82655
Barnard c,Barnard's star,1,4,2025,Radial Velocity,Gemini Observatory,4.1244,0.0274,,0.335,400,3195,1.82655
Barnard d,Barnard's star,1,4,2025,Radial Velocity,Gemini Observatory,2.3402,0.0188,,0.263,483,3195,1.82655
Barnard e,Barnard's star,1,4,2025,Radial Velocity,Gemini Observatory,6.7392,0.0381,,0.193,340,3195,1.82655
CD Cet b,CD Cet,1,1,2020,Radial Velocity,Calar Alto Observatory,2.2907,0.0185,,3.95,464,3130,8.60715
CD-35 2722 B b,CD-35 2722 B,2,1,2026,Radial Velocity,Paranal Observatory,171.11,0.2,,292.4021344,,,
CFBDSIR J145829+101343 b,CFBDSIR J145829+101343,1,1,2011,Imaging,W. M. Keck Observatory,10037.50000000000,2.6,,3337.1,370,580.5,
CFHTWIR-Oph 98 b,CFHTWIR-Oph 98 A,1,1,2020,Imaging,Hubble Space Telescope,8040000.00000000000,200,20.8487041,2479.061575,1800,2320,
CHXR 73 b,CHXR 73,1,1,2006,Imaging,Hubble Space Telescope,,210,,3994.486,,,190.374
CI Tau c,CI Tau,1,1,2024,Radial Velocity,Multiple Observatories,25.2,0.17,,1144.182265,,,157.998
COCONUTS-2 b,COCONUTS-2 A,1,1,2021,Imaging,NASA Infrared Telescope Facility (IRTF),,,12.57647635,2383.713053,493,3552,10.8864
CT Cha b,CT Cha,1,1,2007,Imaging,Paranal Observatory,,440,24.66,5403,2600,,190.72
CWISEP J193518.59-154620.3 b,CWISEP J193518.59-154620.3,1,1,2025,Imaging,James Webb Space Telescope (JWST),,2.48,,4926.340309,390,,14.43
CoRoT-1 b,CoRoT-1,1,1,2008,Transit,CoRoT,1.5089557,,16.7,327.35,1898,5950,787.909
CoRoT-10 b,CoRoT-10,1,1,2010,Transit,CoRoT,13.2406,0.1055,10.87,874,600,5075,338.386
CoRoT-11 b,CoRoT-11,1,1,2010,Transit,CoRoT,2.99433,0.0436,16.03,740.51,1657,6440,655.037
CoRoT-12 b,CoRoT-12,1,1,2010,Transit,CoRoT,2.828042,0.04016,16.14,291.438,1442,5675,1126.37
CoRoT-13 b,CoRoT-13,1,1,2010,Transit,CoRoT,4.03519,0.051,9.92,415.704,1700,5945,1148.93
CoRoT-14 b,CoRoT-14,1,1,2010,Transit,CoRoT,1.51214,0.027,12.22,2415.4,1952,6035,1744.6
CoRoT-16 b,CoRoT-16,1,1,2011,Transit,CoRoT,5.35227,0.0618,13.11,170.032,,5650,732.409
CoRoT-17 b,CoRoT-17,1,1,2011,Transit,CoRoT,3.7681,0.0461,11.43,772.29,1626,5740,1176.12
CoRoT-18 b,CoRoT-18,1,1,2011,Transit,CoRoT,1.9000693,0.0295,14.68,1102.82,1550,5440,764.889
CoRoT-19 b,CoRoT-19,1,1,2011,Transit,CoRoT,3.89713,0.0518,14.46,352.78,2000,6090,790.663
CoRoT-2 b,CoRoT-2,2,1,2008,Transit,CoRoT,1.7429935,0.02798,16.432,1102.82,,5625,213.283
CoRoT-20 b,CoRoT-20,1,2,2011,Transit,CoRoT,9.24285,0.09,,1366.669,,,844.061
CoRoT-20 c,CoRoT-20,1,2,2018,Radial Velocity,Multiple Observatories,1675,2.9,,5403.11,,,844.061
CoRoT-21 b,CoRoT-21,1,1,2012,Transit,CoRoT,2.72474,0.0417,14.5717,718.2958,,6200,
CoRoT-22 b,CoRoT-22,1,1,2014,Transit,CoRoT,9.75598,0.092,4.88,12.2,885,5939,627.158
CoRoT-23 b,CoRoT-23,1,1,2011,Transit,CoRoT,3.6313,0.048,11.77,889.9,1660,5900,1060.97
CoRoT-24 b,CoRoT-24,1,2,2014,Transit,CoRoT,5.1134,0.056,3.7,5.7,1070,4950,591.555
CoRoT-24 c,CoRoT-24,1,2,2014,Transit,CoRoT,11.759,0.098,5,28,850,4950,591.555
CoRoT-25 b,CoRoT-25,1,1,2013,Transit,CoRoT,4.86069,0.0578,12.11,85.81,1330,6040,1103.48
CoRoT-26 b,CoRoT-26,1,1,2013,Transit,CoRoT,4.20474,0.0526,14.12,165.26,1600,5590,1045.18
CoRoT-27 b,CoRoT-27,1,1,2014,Transit,CoRoT,3.57532,0.0476,11.287,3302.11,1500,5900,1010.28
CoRoT-28 b,CoRoT-28,1,1,2015,Transit,CoRoT,5.20851,0.0603,10.704595,153.82972,,5150,766.183
CoRoT-29 b,CoRoT-29,1,1,2015,Transit,CoRoT,2.85057,0.0386,10.0881,270.1555,,5260,806.507
CoRoT-3 b,CoRoT-3,1,1,2008,Transit,CoRoT,4.2568,,11.32,6883.91,,6740,768.771
CoRoT-30 b,CoRoT-30,1,1,2020,Transit,CoRoT,9.06005,0.0844,11.309881,921.707,,5650,1032.23
CoRoT-31 b,CoRoT-31,1,1,2020,Transit,CoRoT,4.62941,0.0586,16.36514,266.9772,,5700,2005.76
CoRoT-32 b,CoRoT-32,1,1,2018,Transit,CoRoT,6.71837,0.071,6.38913,47.6745,938,5970,576.683
CoRoT-35 b,CoRoT-35,1,1,2022,Transit,CoRoT,3.22748,0.0429,18.83108758,349.6112477,1747,6390,1123.21
CoRoT-36 b,CoRoT-36,1,1,2022,Transit,CoRoT,5.616531,0.066,15.80466279,216.1233168,1567,6730,925.958
CoRoT-4 b,CoRoT-4,1,1,2008,Transit,CoRoT,9.20205,0.09,13.34,228.83,1074,6190,726.412
CoRoT-5 b,CoRoT-5,1,1,2009,Transit,CoRoT,4.0378962,0.04947,15.558,148.42,1438,6100,882.472
CoRoT-6 b,CoRoT-6,1,1,2009,Transit,CoRoT,8.886593,0.0855,13.068,940.74,1017,6090,645.294
CoRoT-7 b,CoRoT-7,1,3,2009,Transit,CoRoT,0.85359163,,1.68135,4.07660518,,5275,159.906
CoRoT-7 c,CoRoT-7,1,3,2009,Radial Velocity,CoRoT,3.698,0.046,,8.4,,5256,159.906
CoRoT-7 d,CoRoT-7,1,3,2022,Radial Velocity,La Silla Observatory,8.966,,,17.142,,5250,159.906
CoRoT-8 b,CoRoT-8,1,1,2010,Transit,CoRoT,6.21229,0.063,6.39,69.92,,5080,322.037
CoRoT-9 b,CoRoT-9,2,1,2009,Transit,CoRoT,95.272656,0.4021,11.948794,266.9772,420,5625,412.98
DE CVn b,DE CVn,2,1,2018,Eclipse Timing Variations,Multiple Facilities,4098.1,5.75,,3823.273302,,,30.5225
DENIS-P J082303.1-491201 b,DENIS-P J082303.1-491201,1,1,2013,Astrometry,Paranal Observatory,246.36,0.36,,9057.77,,,
DH Tau b,DH Tau,1,1,2004,Imaging,Subaru Telescope,,330,,3496,,,134.846
DMPP-1 b,DMPP-1,1,4,2019,Radial Velocity,La Silla Observatory,17.812,0.1423,,16.8,,,62.5388
DMPP-1 c,DMPP-1,1,4,2019,Radial Velocity,La Silla Observatory,10.03,0.0973,,10.94,,,62.5388
DMPP-1 d,DMPP-1,1,4,2019,Radial Velocity,La Silla Observatory,3.1417,0.04467,,4.72,,,62.5388
DMPP-1 e,DMPP-1,1,4,2019,Radial Velocity,La Silla Observatory,5.516,0.0651,,4.13,1314,6196,62.5388
DMPP-2 b,DMPP-2,1,3,2019,Radial Velocity,Multiple Facilities,5.203,0.06638,,171.48,,,137.94
DMPP-2 c,DMPP-2,1,3,2026,Radial Velocity,Multiple Observatories,3.168,0.04789,,51.79,,,137.94
DMPP-2 d,DMPP-2,1,3,2026,Radial Velocity,Multiple Observatories,16.491,0.1432,,91.79,,,137.94
DMPP-3 A b,DMPP-3 A,2,1,2019,Radial Velocity,La Silla Observatory,5.59,0.05958,,2.67,,,46.8917
DMPP-4 b,DMPP-4,1,1,2023,Radial Velocity,Multiple Observatories,3.4982,0.04853,,12.2,,6400,25.3284
DMPP-6 b,DMPP-6,1,2,2026,Radial Velocity,Multiple Observatories,7.6027,0.0779,,5.8,,,54.6303
DMPP-6 c,DMPP-6,1,2,2026,Radial Velocity,Multiple Observatories,36.441,0.2206,,13.47,,,54.6303
DMPP-7 b,DMPP-7,1,1,2026,Radial Velocity,Multiple Observatories,4.92666,0.0607,,68.958,1456,6096,101.386
DMPP-8 b,DMPP-8,1,1,2026,Radial Velocity,Multiple Observatories,62.915,0.3098,,81.09,,,76.1335
DMPP-9 b,DMPP-9,1,1,2026,Radial Velocity,Multiple Observatories,12.733,0.1097,,14.43,,,109.539
DP Leo b,DP Leo,2,1,2009,Eclipse Timing Variations,Yunnan Astronomical Observatory,10220.00000000000,8.19,,1922.79,,,305.684
DS Tuc A b,DS Tuc A,2,1,2019,Transit,Transiting Exoplanet Survey Satellite (TESS),8.138268,,5.7,,850,5428,44.0622
EPIC 201170410.02,EPIC 201170410,1,1,2020,Transit,K2,6.7987,0.0349,1.047,,,3648,
EPIC 201238110 b,EPIC 201238110,1,1,2019,Transit,K2,28.1656,,1.87,,,,159.259
EPIC 201427007 b,EPIC 201427007,1,1,2021,Transit,K2,0.72091,,1.5,,,5633,706.391
EPIC 201497682 b,EPIC 201497682,1,1,2019,Transit,K2,2.13174,,0.692,,,,253.026
EPIC 201595106 b,EPIC 201595106,1,2,2021,Transit,K2,0.87724,0.0177,1.565,7.67,2038,5679,232.1
EPIC 201615463 c,K2-166,1,2,2019,Transit,K2,3.80464,,1.22,,,,476.882
EPIC 201754305 d,K2-16,1,3,2019,Transit,K2,2.71578,,1.03,,,,334.967
EPIC 201757695.02,EPIC 201757695,1,1,2020,Transit,K2,2.0478,0.0296,0.90819,,,4520,
EPIC 201833600 c,K2-50,1,2,2019,Transit,K2,3.96151,,1,,,,257.443
EPIC 201841433 b,EPIC 201841433,1,1,2019,Transit,K2,4.1698,0.035,1.04,,,5053,436.488
EPIC 205950854 c,K2-168,1,2,2019,Transit,K2,8.050722,,1.31,,960.6,5502.7,243.935
EPIC 206024342 b,EPIC 206024342,1,3,2019,Transit,K2,4.50756,,1.7,,,,369.888
EPIC 206024342 c,EPIC 206024342,1,3,2021,Transit,K2,0.911724,,1.4,,,5724,369.888
EPIC 206024342 d,EPIC 206024342,1,3,2021,Transit,K2,14.647531,,2.6,,,5724,369.888
EPIC 206032309 b,EPIC 206032309,1,1,2019,Transit,K2,2.87814,,1.01,,,,161.365
EPIC 206042996 b,EPIC 206042996,1,2,2019,Transit,K2,5.2986,,1.7,,,4114,451.769
EPIC 206042996 c,EPIC 206042996,1,2,2021,Transit,K2,0.354884,,1.2,,,4114,451.769
EPIC 206215704 b,EPIC 206215704,1,1,2019,Transit,K2,2.255436,,1,,,3297,109.888
EPIC 206317286 b,EPIC 206317286,1,2,2019,Transit,K2,1.58252,,0.96,,,,314.35
EPIC 206317286 c,EPIC 206317286,1,2,2022,Transit,K2,17.515472,,2.094,,,4752,314.35
EPIC 211822797 b,EPIC 211822797,1,1,2016,Transit,K2,21.1701963,0.1195,1.92,,431,4057,186.197
EPIC 211945201 b,EPIC 211945201,1,1,2018,Transit,K2,19.49221,0.1493,5.76,,817,6069,181.69
EPIC 212297394 b,EPIC 212297394,1,2,2019,Transit,K2,2.289363,,1.48,,1149,5171,418.395
EPIC 212297394 c,EPIC 212297394,1,2,2021,Transit,K2,5.213965,,2.27,,866,5171,418.395
EPIC 212424622 b,EPIC 212424622,1,1,2019,Transit,K2,18.0983,,2.17,,,,611.804
EPIC 212499991 b,EPIC 212499991,1,1,2019,Transit,K2,34.885,,1.6,,,,283.29
EPIC 212587672 b,EPIC 212587672,1,2,2019,Transit,K2,15.28078,,1.26,,756,6004,320.07
EPIC 212587672 c,EPIC 212587672,1,2,2021,Transit,K2,23.228555,,2.32,,658,6004,320.07
EPIC 212624936 b,EPIC 212624936,1,2,2021,Transit,K2,0.578657,,1.2,,,5765,561.929
EPIC 212624936 c,EPIC 212624936,1,2,2021,Transit,K2,11.811437,,2.3,,,5765,561.929
EPIC 212737443 b,EPIC 212737443,1,2,2019,Transit,K2,13.603,0.098,2.586,,536,4684,336.25
EPIC 212737443 c,EPIC 212737443,1,2,2019,Transit,K2,65.55,0.28,2.69,,316,4684,336.25
EPIC 220492298 b,EPIC 220492298,1,1,2021,Transit,K2,0.762406,,0.99,,,5620,624.512
EPIC 220554210 c,K2-282,1,2,2019,Transit,K2,0.70531,,1.6,,,5499,496.289
EPIC 220674823 b,EPIC 220674823,1,2,2016,Transit,K2,0.57130782,0.0132,1.606,7.54,2324,5578,244.59
EPIC 220674823 c,EPIC 220674823,1,2,2016,Transit,K2,13.340603,0.1078,2.712,7.9,838,5578,244.59
EPIC 228836835 b,EPIC 228836835,1,1,2021,Transit,K2,0.728113,,1.1,,,3782,150.124
EPIC 229004835 b,EPIC 229004835,1,1,2023,Transit,K2,16.141132,0.1237,2.332,10.4,804,5868,121.971
EPIC 246851721 b,EPIC 246851721,2,1,2018,Transit,K2,6.180235,0.07229,11.780659,953.49,1401,6202,372.632
EPIC 248847494 b,EPIC 248847494,1,1,2018,Transit,K2,3650,4.5,12.44199,4131.79,183,4898,551.886
EPIC 249893012 b,EPIC 249893012,1,3,2020,Transit,K2,3.5951,0.047,1.95,8.75,1616,5430,321.296
EPIC 249893012 c,EPIC 249893012,1,3,2020,Transit,K2,15.624,0.13,3.67,14.67,990,5430,321.296
EPIC 249893012 d,EPIC 249893012,1,3,2020,Transit,K2,35.747,0.22,3.94,10.18,752,5430,321.296
FU Tau b,FU Tau,1,1,2008,Imaging,Spitzer Space Telescope,,800,,5085.28,2375,2838,
G 192-15 b,G 192-15,1,2,2025,Radial Velocity,Calar Alto Observatory,2.27476,0.01723,,1.03,453.6,,9.53114
G 192-15 c,G 192-15,1,2,2025,Radial Velocity,Calar Alto Observatory,1219,1.137,,14.3,55.9,,9.53114
G 196-3 b,G 196-3,1,1,2024,Imaging,European Space Agency (ESA) Gaia Satellite,,350,,8263.538582,1670,,21.7912
G 261-6 b,G 261-6,1,1,2025,Radial Velocity,Calar Alto Observatory,5.4536,0.02971,,1.37,322.3,,10.6267
G 264-012 b,G 264-012,1,2,2021,Radial Velocity,Calar Alto Observatory,2.30538,0.02279,,2.5,587,3326,16.009
G 264-012 c,G 264-012,1,2,2021,Radial Velocity,Calar Alto Observatory,8.0518,0.0525,,3.75,387,3326,16.009
G 268-110 b,G 268-110,1,1,2025,Radial Velocity,Calar Alto Observatory,1.43263,0.01283,,1.52,534,,
G 9-40 b,G 9-40,1,1,2019,Transit,K2,5.7459982,0.0418,1.9,4,440.6,3395,27.9276
GJ 1002 b,GJ 1002,1,2,2022,Radial Velocity,Multiple Observatories,10.3465,0.0457,,1.08,230.9,3024,4.84867
GJ 1002 c,GJ 1002,1,2,2022,Radial Velocity,Multiple Observatories,21.202,0.0738,,1.36,181.7,3024,4.84867
GJ 1061 b,GJ 1061,1,3,2020,Radial Velocity,La Silla Observatory,3.2073,0.021,,1.11,,2953,3.67278
GJ 1061 c,GJ 1061,1,3,2020,Radial Velocity,La Silla Observatory,6.6821,0.0342,,1.81,,2953,3.67278
GJ 1061 d,GJ 1061,1,3,2020,Radial Velocity,La Silla Observatory,13.066,0.054,,1.67,,2953,3.67278
GJ 1132 b,GJ 1132,1,2,2015,Transit,Cerro Tololo Inter-American Observatory,1.62892911,0.0157,1.19151465,1.83704819,583.8,3229,12.613
GJ 1132 c,GJ 1132,1,2,2018,Radial Velocity,La Silla Observatory,8.929,,,2.91,,,12.613
GJ 1137 c,HD 93083,1,2,2026,Radial Velocity,La Silla Observatory,9.6412,0.0835,,5.12,,5033.8,28.5159
GJ 1148 b,GJ 1148,1,2,2010,Radial Velocity,W. M. Keck Observatory,41.38,0.166,,96.7,,3287,11.0143
GJ 1148 c,GJ 1148,1,2,2017,Radial Velocity,Calar Alto Observatory,532.58,0.912,,68.06,,3287,11.0143
GJ 1151 c,GJ 1151,1,1,2023,Radial Velocity,Multiple Facilities,389.7,0.5714,,10.62,,3280,8.03625
GJ 1214 b,GJ 1214,1,1,2009,Transit,MEarth Project,1.580404531,0.01505,2.733,8.41,567,3101,14.6427
GJ 1252 b,GJ 1252,1,1,2020,Transit,Transiting Exoplanet Survey Satellite (TESS),0.5182331,,1.193,1.32,,3458,20.373
GJ 1265 b,GJ 1265,1,1,2018,Radial Velocity,Calar Alto Observatory,3.6511,0.026,,7.4,,3236,10.2525
GJ 1289 b,GJ 1289,1,1,2024,Radial Velocity,Multiple Observatories,111.74,0.27,,6.27,150,3296,8.35147
GJ 143 b,GJ 143,1,2,2019,Transit,Transiting Exoplanet Survey Satellite (TESS),35.61253,0.1915,2.61,22.7,422,4640,16.32
GJ 15 A b,GJ 15 A,2,2,2014,Radial Velocity,W. M. Keck Observatory,11.4407,0.072,,3.03,,3607,3.56228
GJ 15 A c,GJ 15 A,2,2,2018,Radial Velocity,Roque de los Muchachos Observatory,7600,5.4,,36,,3607,3.56228
GJ 160.2 b,GJ 160.2,1,1,2014,Radial Velocity,Multiple Observatories,5.2354,0.053,,10.2,,4347,25.8557
GJ 163 b,GJ 163,1,3,2013,Radial Velocity,La Silla Observatory,8.63182,0.0607,,10.6,,,15.1285
GJ 163 c,GJ 163,1,3,2013,Radial Velocity,La Silla Observatory,25.63058,0.1254,,6.8,,,15.1285
GJ 163 d,GJ 163,1,3,2013,Radial Velocity,La Silla Observatory,603.95116,1.0304,,29.4,,,15.1285
GJ 179 b,GJ 179,1,1,2009,Radial Velocity,W. M. Keck Observatory,2288,2.41,,260.61,,3370,12.356
GJ 180 b,GJ 180,1,3,2014,Radial Velocity,Multiple Observatories,17.133,0.092,,6.49,,,11.9407
GJ 180 c,GJ 180,1,3,2014,Radial Velocity,Multiple Observatories,24.329,0.129,,6.4,,3371,11.9407
GJ 180 d,GJ 180,1,3,2020,Radial Velocity,Multiple Facilities,106.3,0.309,,7.56,,,11.9407
GJ 2030 b,GJ 2030,1,2,2022,Radial Velocity,Multiple Observatories,2.38129,0.034,,4.76742611,,,37.0788
GJ 2030 c,GJ 2030,1,2,2022,Radial Velocity,Multiple Observatories,25533.11353000000,16.761,,4069.157095,,,37.0788
GJ 2056 b,GJ 2056,1,1,2020,Radial Velocity,Multiple Observatories,69.971,0.283,,16.2,,,28.4434
GJ 2126 b,GJ 2126,1,1,2025,Radial Velocity,La Silla Observatory,272.7,0.71,,413.1769291,,4159,38.129
GJ 229 A c,GJ 229,3,2,2020,Radial Velocity,Multiple Facilities,121.93268,0.384,,8.58136699,,,5.75624
GJ 229 b,GJ 229,3,2,2014,Radial Velocity,Multiple Observatories,579.47495,1.086,,14.93793513,,,5.75624
GJ 238 b,GJ 238,1,1,2024,Transit,Transiting Exoplanet Survey Satellite (TESS),1.7446999,0.02123,0.566,,758,3485,15.2142
GJ 251 b,GJ 251,1,2,2020,Radial Velocity,W. M. Keck Observatory,14.237,0.0808,,3.85,336,3342,5.58057
GJ 251 c,GJ 251,1,2,2025,Radial Velocity,Multiple Observatories,53.647,0.196,,3.88,216,3342,5.58057
GJ 27.1 b,GJ 27.1,1,1,2014,Radial Velocity,Multiple Observatories,15.819,0.101,,13,,3542,23.6062
GJ 273 b,GJ 273,1,2,2017,Radial Velocity,La Silla Observatory,18.6498,0.091101,,2.89,,3382,5.921535
GJ 273 c,GJ 273,1,2,2017,Radial Velocity,La Silla Observatory,4.7234,0.036467,,1.18,,3382,5.921535
GJ 3021 b,GJ 3021,2,1,2000,Radial Velocity,La Silla Observatory,133.71,0.49,,1071.04,350,5540,17.5559
GJ 3082 b,GJ 3082,1,1,2020,Radial Velocity,Multiple Facilities,11.949,0.079,,8.2,,,16.6186
GJ 3090 b,GJ 3090,1,2,2022,Transit,Transiting Exoplanet Survey Satellite (TESS),2.85310198,0.0316,2.18,4.52,723,3707,22.4751
GJ 3090 c,GJ 3090,1,2,2026,Radial Velocity,Multiple Facilities,15.9407,0.0997,,10,407.2,3707,22.4751
GJ 3138 b,GJ 3138,1,3,2017,Radial Velocity,La Silla Observatory,1.22003,0.0197,,1.78,,3717,28.4712
GJ 3138 c,GJ 3138,1,3,2017,Radial Velocity,La Silla Observatory,5.974,0.057,,4.18,,3717,28.4712
GJ 3138 d,GJ 3138,1,3,2017,Radial Velocity,La Silla Observatory,257.8,0.698,,10.5,,3717,28.4712
GJ 317 b,GJ 317,1,2,2007,Radial Velocity,W. M. Keck Observatory,695.69,1.138,,536.494351,,3496,15.1968
GJ 317 c,GJ 317,1,2,2016,Radial Velocity,W. M. Keck Observatory,6500,5.04,,454.494622,,3496,15.1968
GJ 3222 b,GJ 3222,2,1,2022,Radial Velocity,Multiple Observatories,10.66669,0.091,,11.44182265,,,18.23817
GJ 328 b,GJ 328,1,2,2013,Radial Velocity,McDonald Observatory,3771,4.11,,797.7493016,,3897,20.5266
GJ 328 c,GJ 328,1,2,2023,Radial Velocity,Roque de los Muchachos Observatory,241.8,0.657,,21.4,,3897,20.5266
GJ 3293 b,GJ 3293,1,4,2015,Radial Velocity,La Silla Observatory,30.5987,0.14339,,23.54,,3466,20.1903
GJ 3293 c,GJ 3293,1,4,2015,Radial Velocity,La Silla Observatory,122.6196,0.36175,,21.09,,3466,20.1903
GJ 3293 d,GJ 3293,1,4,2017,Radial Velocity,La Silla Observatory,48.1345,0.19394,,7.6,,3466,20.1903
GJ 3293 e,GJ 3293,1,4,2017,Radial Velocity,La Silla Observatory,13.2543,0.08208,,3.28,,3466,20.1903
GJ 3323 b,GJ 3323,1,2,2017,Radial Velocity,La Silla Observatory,5.3636,0.03282,,2.02,,3159,5.37484
GJ 3323 c,GJ 3323,1,2,2017,Radial Velocity,La Silla Observatory,40.54,0.1264,,2.31,,3159,5.37484
GJ 3341 b,GJ 3341,1,1,2015,Radial Velocity,La Silla Observatory,14.207,0.089,,6.6,,3526,23.619
GJ 3378 b,GJ 3378,1,1,2026,Radial Velocity,Mauna Kea Observatory,21.45,0.09673,,2.3,272,3340,7.72274
GJ 338 B b,GJ 338 B,2,1,2020,Radial Velocity,Calar Alto Observatory,24.422,0.142,,10.6,,4014,6.33256
GJ 341 b,GJ 341,1,1,2025,Transit,Transiting Exoplanet Survey Satellite (TESS),7.57686,,0.88,4,,3770,10.454
GJ 3470 b,GJ 3470,1,1,2012,Radial Velocity,La Silla Observatory,3.3366496,0.0355,4.57,13.9,593.5,3600,29.4214
GJ 3473 b,GJ 3473,2,2,2020,Transit,Transiting Exoplanet Survey Satellite (TESS),1.1980035,0.01589,1.264,1.86,773,3347,27.3644
GJ 3473 c,GJ 3473,2,2,2020,Radial Velocity,Multiple Observatories,15.509,0.0876,,7.41,329.1,3347,27.3644
GJ 3512 b,GJ 3512,1,2,2019,Radial Velocity,Calar Alto Observatory,203.109,0.3376,,146.5188956,,3141,9.48637
GJ 3512 c,GJ 3512,1,2,2020,Radial Velocity,Multiple Observatories,2354,1.731,,143.9762684,,3141,9.48637
GJ 357 b,GJ 357,1,3,2019,Transit,Transiting Exoplanet Survey Satellite (TESS),3.9306,0.036,1.2,,518,3505,9.44181
GJ 357 c,GJ 357,1,3,2019,Radial Velocity,Multiple Observatories,9.1247,0.061,,3.4,401.2,3505,9.44181
GJ 357 d,GJ 357,1,3,2019,Radial Velocity,Multiple Observatories,55.661,0.204,,6.1,219.6,3505,9.44181
GJ 3634 b,GJ 3634,1,1,2010,Radial Velocity,La Silla Observatory,2.64561,0.0287,,8.4,,,20.3779
GJ 367 b,GJ 367,1,3,2021,Transit,Transiting Exoplanet Survey Satellite (TESS),0.3219226,,0.736,0.503,1329,3535,9.41263
GJ 367 c,GJ 367,1,3,2023,Radial Velocity,La Silla Observatory,11.5301,,,4.13,,3522,9.41263
GJ 367 d,GJ 367,1,3,2023,Radial Velocity,La Silla Observatory,34.369,,,6.03,,3522,9.41263
GJ 3779 b,GJ 3779,1,1,2018,Radial Velocity,Calar Alto Observatory,3.0232,0.026,,8,,3324,13.743
GJ 3929 b,GJ 3929,1,2,2022,Transit,Transiting Exoplanet Survey Satellite (TESS),2.616235,0.0252,1.09,1.75,568,3384,15.8095
GJ 3929 c,GJ 3929,1,2,2022,Radial Velocity,Multiple Observatories,15.04,0.081,,5.71,317,3384,15.8095
GJ 393 b,GJ 393,1,1,2021,Radial Velocity,Multiple Observatories,7.02679,0.05402,,1.71,485,3579,7.03149
GJ 3942 b,GJ 3942,1,1,2017,Radial Velocity,Roque de los Muchachos Observatory,6.905,0.0608,,7.14,590,3867,16.9287
GJ 3988 b,GJ 3988,1,1,2023,Radial Velocity,Calar Alto Observatory,6.9442,0.0405,,3.69,348,3273,9.9105
GJ 3998 b,GJ 3998,1,3,2016,Radial Velocity,Roque de los Muchachos Observatory,2.65033,0.03,,2.5,,3726,18.1459
GJ 3998 c,GJ 3998,1,3,2016,Radial Velocity,Roque de los Muchachos Observatory,13.727,0.09,,6.82,,3726,18.1459
GJ 3998 d,GJ 3998,1,3,2025,Radial Velocity,Multiple Observatories,41.78,0.189,,6.07,,3726,18.1459
GJ 411 b,GJ 411,1,2,2019,Radial Velocity,Haute-Provence Observatory,12.9394,0.07879,,2.69,,3719,5.675773
GJ 414 A b,GJ 414 A,2,2,2021,Radial Velocity,W. M. Keck Observatory,50.8,0.2324,2.63,7.6,308.6,4120,11.8893
GJ 414 A c,GJ 414 A,2,2,2021,Radial Velocity,W. M. Keck Observatory,749.83,1.4,8.4,53.83,124.7,4120,11.8893
GJ 422 b,GJ 422,1,1,2014,Radial Velocity,Multiple Observatories,20.129,0.111,,11.07,,,12.6631
GJ 4274 b,GJ 4274,1,2,2026,Radial Velocity,Mauna Kea Observatory,1.6339,0.0153,,2.97,,3228,7.23556
GJ 4274 c,GJ 4274,1,2,2026,Radial Velocity,Mauna Kea Observatory,69.57,0.186,,8.39,,3228,7.23556
GJ 4276 b,GJ 4276,1,1,2019,Radial Velocity,Calar Alto Observatory,13.352,0.082,,16.57,,3387,21.3362
GJ 433 b,GJ 433,1,3,2013,Radial Velocity,La Silla Observatory,7.3705,0.062,,6.043,,,9.06456
GJ 433 c,GJ 433,1,3,2014,Radial Velocity,Multiple Observatories,5094.105,4.819,,32.422,,,9.06456
GJ 433 d,GJ 433,1,3,2020,Radial Velocity,Multiple Facilities,36.059,0.178,,5.223,,,9.06456
GJ 436 b,GJ 436,1,1,2004,Radial Velocity,W. M. Keck Observatory,2.64388312,0.0291,4.17,22.1,,,9.75321
GJ 463 b,GJ 463,1,1,2022,Radial Velocity,Multiple Observatories,3459,3.53,,524.0990431,,3563,18.3554
GJ 480 b,GJ 480,1,1,2020,Radial Velocity,Multiple Observatories,9.5536,0.068,,8.8,406,3509,14.2358
GJ 486 b,GJ 486,1,1,2021,Radial Velocity,Calar Alto Observatory,1.46712127,0.01714,1.289,2.77,696.3,3317,8.07426
GJ 504 b,GJ 504,1,1,2013,Imaging,Subaru Telescope,,43.5,,1271.3,510,6234,17.5299
GJ 508.2 b,GJ 508.2,1,1,2025,Radial Velocity,Calar Alto Observatory,5300,4.85,,587.982553,,3720,16.6374
GJ 514 b,GJ 514,1,1,2022,Radial Velocity,Multiple Observatories,140.43,0.422,,5.2,202,3728,7.61778
GJ 536 b,GJ 536,1,2,2016,Radial Velocity,La Silla Observatory,8.70874,0.0668,,6.37,451,3641,10.4092
GJ 536 c,GJ 536,1,2,2025,Radial Velocity,Multiple Facilities,32.761,0.1617,,5.89,290.5,3641,10.4092
GJ 581 b,GJ 581,1,3,2005,Radial Velocity,La Silla Observatory,5.3686,0.0399,,20.5,,3500,6.2981
GJ 581 c,GJ 581,1,3,2007,Radial Velocity,La Silla Observatory,12.9211,0.0718,,6.81,,3500,6.2981
GJ 581 e,GJ 581,1,3,2009,Radial Velocity,La Silla Observatory,3.1481,0.02799,,2.48,,3500,6.2981
GJ 625 b,GJ 625,1,1,2017,Radial Velocity,Multiple Observatories,14.628,0.078361,,2.82,,3499,6.47249
GJ 649 b,GJ 649,1,1,2009,Radial Velocity,W. M. Keck Observatory,600.1,1.112,,81.99972901,,3734,10.3796
GJ 667 C b,GJ 667 C,3,5,2012,Radial Velocity,La Silla Observatory,7.203,,,,,,7.24396
GJ 667 C c,GJ 667 C,3,5,2013,Radial Velocity,La Silla Observatory,28.14,0.125,,3.8,,3350,7.24396
GJ 667 C e,GJ 667 C,3,5,2013,Radial Velocity,La Silla Observatory,62.24,0.213,,2.7,,3350,7.24396
GJ 667 C f,GJ 667 C,3,5,2013,Radial Velocity,La Silla Observatory,39.026,0.156,,2.7,,3350,7.24396
GJ 667 C g,GJ 667 C,3,5,2013,Radial Velocity,La Silla Observatory,256.2,0.549,,4.6,,3350,7.24396
GJ 674 b,GJ 674,1,1,2007,Radial Velocity,La Silla Observatory,4.6938,0.039,,11.09,,3600,4.54896
GJ 676 A b,GJ 676 A,2,4,2010,Radial Velocity,La Silla Observatory,1051.44521,1.735,,1840.862133,,,16.0272
GJ 676 A c,GJ 676 A,2,4,2016,Radial Velocity,Paranal Observatory,13921.42302000000,9.726,,4288.140867,,,16.0272
GJ 676 A d,GJ 676 A,2,4,2012,Radial Velocity,La Silla Observatory,3.60076,0.039,,3.81394088,,,16.0272
GJ 676 A e,GJ 676 A,2,4,2012,Radial Velocity,La Silla Observatory,35.47358,0.181,,6.67439655,,,16.0272
GJ 680 b,GJ 680,2,1,2022,Radial Velocity,Multiple Observatories,17281.66514000000,10.138,,7977.493016,,,9.67315
GJ 682 b,GJ 682,1,2,2014,Radial Velocity,Multiple Observatories,17.478,0.08,,4.4,,3028,5.00671
GJ 682 c,GJ 682,1,2,2014,Radial Velocity,Multiple Observatories,57.32,0.176,,8.7,,3028,5.00671
GJ 685 b,GJ 685,1,1,2019,Radial Velocity,Roque de los Muchachos Observatory,24.16,0.1344,,9,,3816,14.3155
GJ 687 b,GJ 687,1,2,2014,Radial Velocity,Lick Observatory,38.142,0.163,,17.2,,,4.54939
GJ 687 c,GJ 687,1,2,2020,Radial Velocity,Multiple Observatories,727.562,1.165,,16,,,4.54939
GJ 720 A b,GJ 720 A,2,1,2021,Radial Velocity,Roque de los Muchachos Observatory,19.466,0.119,,13.64,401,3837,15.5575
GJ 724 b,GJ 724,1,1,2023,Radial Velocity,Calar Alto Observatory,5.101284,0.04685,,10.75,611,3799,16.9658
GJ 740 b,GJ 740,1,1,2021,Radial Velocity,Multiple Observatories,2.37756,0.029,,2.96,829,3913,11.1017
GJ 806 b,GJ 806,1,2,2023,Transit,Transiting Exoplanet Survey Satellite (TESS),0.9263237,0.01406,1.331,1.9,940,3600,12.0445
GJ 806 c,GJ 806,1,2,2023,Radial Velocity,Multiple Observatories,6.64064,0.0523,,5.8,490,3600,12.0445
GJ 832 b,GJ 832,1,1,2008,Radial Velocity,Anglo-Australian Telescope,3853,3.7,,314.6501229,,,4.96435
GJ 849 b,GJ 849,1,2,2006,Radial Velocity,W. M. Keck Observatory,1925.31,2.32,,283.8207675,,3467,8.80058
GJ 849 c,GJ 849,1,2,2014,Radial Velocity,W. M. Keck Observatory,5990,4.95,,314.6501229,,3467,8.80058
GJ 86 b,GJ 86,2,1,1999,Radial Velocity,La Silla Observatory,15.76491,0.11,,1404.8086,,5182,10.7836
GJ 876 b,GJ 876,1,4,1998,Radial Velocity,Multiple Observatories,61.1166,0.208317,,723.2235,,,4.67517
GJ 876 c,GJ 876,1,4,2000,Radial Velocity,Multiple Observatories,30.0881,0.12959,,226.9846,,,4.67517
GJ 876 d,GJ 876,1,4,2005,Radial Velocity,W. M. Keck Observatory,1.93778,0.02080665,,6.83,,,4.67517
GJ 876 e,GJ 876,1,4,2010,Radial Velocity,W. M. Keck Observatory,124.26,0.3343,,14.6,,,4.67517
GJ 887 b,GJ 887,1,4,2020,Radial Velocity,La Silla Observatory,9.2619,0.0683,,3.9,426,3688,3.28679
GJ 887 c,GJ 887,1,4,2020,Radial Velocity,La Silla Observatory,21.784,0.121,,6.5,320,3688,3.28679
GJ 887 d,GJ 887,1,4,2026,Radial Velocity,Multiple Observatories,50.77,0.212,,6.1,241,3688,3.28679
GJ 887 e,GJ 887,1,4,2026,Radial Velocity,Multiple Observatories,4.4249,0.0417,,1.46,544,3688,3.28679
GJ 896 A b,GJ 896 A,2,1,2022,Astrometry,Very Long Baseline Array,284.39,0.63965,,718.2921998,,,6.26022
GJ 900 b,GJ 900 A,3,1,2024,Imaging,Multiple Observatories,,12000,,3496.112477,,,20.8065
GJ 9066 c,GJ 9066,1,1,2020,Radial Velocity,Multiple Observatories,771.36,0.88,,66.74396547,,3154,4.471
GJ 9404 b,GJ 9404,1,1,2023,Radial Velocity,Roque de los Muchachos Observatory,13.4586,0.0943,,11.9,,,23.8839
GJ 96 b,GJ 96,1,1,2018,Radial Velocity,Haute-Provence Observatory,73.94,0.291,,19.66,,3785,11.9315
GJ 9689 b,GJ 9689,1,1,2020,Radial Velocity,Roque de los Muchachos Observatory,18.27,0.1139,,9.65,453.04,3836,30.6203
GJ 9714 b,GJ 9714,1,1,2022,Radial Velocity,Multiple Observatories,19240.75467000000,12.319,,2988.540511,,,20.5121
GJ 9773 b,GJ 9773,1,1,2025,Radial Velocity,Calar Alto Observatory,2965,2.921,,172.580825,,3528,15.9211
GJ 9827 b,GJ 9827,1,3,2017,Transit,K2,1.208974,0.0189,1.44,4.28,1035.01,4236,29.661
GJ 9827 c,GJ 9827,1,3,2017,Transit,K2,3.648103,0.0395,1.13,1.86,715.94,4236,29.661
GJ 9827 d,GJ 9827,1,3,2017,Transit,K2,6.20183,0.053,1.98,3.02,675,4236,29.661
GPX-1 b,GPX-1,1,1,2021,Transit,Acton Sky Portal Observatory,1.744579,0.0338,16.47720163,6261.219618,2300,7000,655.013
GQ Lup b,GQ Lup,1,1,2004,Imaging,Paranal Observatory,,100,33.6,6356,2650,,151.169
GSC 06214-00210 b,GSC 06214-00210,1,1,2010,Imaging,Palomar Observatory,,320,,5000,2300,4200,108.5
GU Psc b,GU Psc,1,1,2014,Imaging,Gemini Observatory,,2000,14.179,3591.3,1050,,47.5501
Gaia-1 b,Gaia-1,1,1,2022,Transit,European Space Agency (ESA) Gaia Satellite,3.052524,0.04047,13.77583728,533.9517238,,5470,363.66
Gaia-2 b,Gaia-2,1,1,2022,Transit,European Space Agency (ESA) Gaia Satellite,3.6915224,0.0467,14.81827249,259.6658085,,5720,209.229
Gaia-4 b,Gaia-4,1,1,2025,Astrometry,European Space Agency (ESA) Gaia Satellite,571.3,,,3750.375203,,4034,73.4829
Gaia-5 b,Gaia-5,1,1,2025,Astrometry,European Space Agency (ESA) Gaia Satellite,358.62,,,6633.078854,,3447,41.1813
Gaia22dkvL b,Gaia22dkvL,1,1,2024,Microlensing,European Space Agency (ESA) Gaia Satellite,,1.4,,187.8365885,,,1270
Gaia23braL b,Gaia23braL,1,1,2026,Microlensing,European Space Agency (ESA) Gaia Satellite,,4.847,,518.0603034,,,4330
Gl 378 b,Gl 378,1,1,2019,Radial Velocity,Haute-Provence Observatory,3.822,0.039435,,13.02,830,3879,14.9545
Gl 410 b,Gl 410,1,1,2025,Radial Velocity,Mauna Kea Observatory,6.02,0.0531,,8.4,,3842,11.9324
Gl 49 b,Gl 49,2,1,2019,Radial Velocity,Multiple Observatories,13.8508,0.0905,,5.63,,3805,9.8528
Gl 686 b,Gl 686,1,1,2018,Radial Velocity,Roque de los Muchachos Observatory,15.53,0.091,,6.624,,3656,8.15728
Gl 725 A b,Gl 725 A,2,2,2025,Radial Velocity,Multiple Observatories,11.2201,0.068,,2.78,,3433,3.5214
Gl 725 B c,Gl 725 B,2,2,2026,Radial Velocity,Mauna Kea Observatory,37.9,0.139,,3.4,215,3379,6.842357
Gliese 12 b,Gliese 12,1,1,2024,Transit,Transiting Exoplanet Survey Satellite (TESS),12.761418,,0.93,0.95,,3328,12.21
Gliese 48 b,Gliese 48,1,1,2026,Radial Velocity,Multiple Observatories,39.6299,0.1752,,8.11,271,3450,8.23366
HAT-P-1 b,HAT-P-1,2,1,2006,Transit,HATNet,4.46529976,0.05561,14.784671,166.86075,1322,5980,158.979
HAT-P-11 b,HAT-P-11,1,2,2010,Transit,HATNet,4.888,0.05258,,23.51930212,,,37.7647
HAT-P-11 c,HAT-P-11,1,2,2018,Radial Velocity,W. M. Keck Observatory,3361,4.1,,851.7801308,,,37.7647
HAT-P-12 b,HAT-P-12,1,1,2009,Transit,HATNet,3.2130598,0.0384,10.749,67.059,963,4650,142.751
HAT-P-13 b,HAT-P-13,1,2,2009,Transit,HATNet,2.91625,,14.258,270.462,,,246.81
HAT-P-13 c,HAT-P-13,1,2,2009,Radial Velocity,W. M. Keck Observatory,446.27,,,4538.421,,,246.81
HAT-P-14 b,HAT-P-14,2,1,2010,Transit,HATNet,4.62767,,15.91678,1093.3352,,6600,222.663
HAT-P-15 b,HAT-P-15,1,1,2010,Transit,HATNet,10.8635,,11.88154,616.5902,,5568,192.516
HAT-P-16 b,HAT-P-16,3,1,2010,Transit,HATNet,,,14.68376472,,1566,,226.637
HAT-P-17 b,HAT-P-17,1,2,2012,Transit,HATNet,10.33852,,11.76945,184.3414,,5246,92.3831
HAT-P-17 c,HAT-P-17,1,2,2012,Radial Velocity,W. M. Keck Observatory,5584,5.6,,1080.6,,5336.96,92.3831
HAT-P-18 b,HAT-P-18,1,1,2010,Transit,HATNet,5.5080291,,10.70457657,55.5246227,,,161.4
HAT-P-19 b,HAT-P-19,1,1,2010,Transit,HATNet,4.00878322,0.04599,11.29865255,88.03846874,981.2,4962,202.078
HAT-P-2 b,HAT-P-2,1,2,2007,Transit,HATNet,5.6335158,0.06814,,2739.6946,,6380,127.774
HAT-P-2 c,HAT-P-2,1,2,2023,Radial Velocity,Multiple Observatories,8500,,,3400.763955,,,127.774
HAT-P-20 b,HAT-P-20,1,1,2010,Transit,HATNet,2.875317,0.0361,9.718,2302.899,970,4595,71.0374
HAT-P-21 b,HAT-P-21,1,1,2010,Transit,HATNet,4.12448,,12.44199,1547.8321,,5588,277.278
HAT-P-22 b,HAT-P-22,2,1,2010,Transit,HATNet,3.21222,,12.89035,785.0401,,5302,81.7647
HAT-P-23 b,HAT-P-23,1,1,2010,Transit,HATNet,1.212884,0.0232,15.334,664.237,2056,5905,364.813
HAT-P-24 b,HAT-P-24,2,1,2010,Transit,HATNet,3.35524,,14.5717,238.3725,,6373,415.344
HAT-P-25 b,HAT-P-25,1,1,2012,Transit,HATNet,3.65281514,0.0466,12.722215,180.84527,1182,5519,300.384
HAT-P-26 b,HAT-P-26,1,1,2010,Transit,HATNet,4.23452,,7.06167,22.2481,,5079,141.837
HAT-P-27 b,HAT-P-27,2,1,2011,Transit,HATNet,3.039577,0.04,11.43,197.05,,5316,199.173
HAT-P-28 b,HAT-P-28,1,1,2011,Transit,HATNet,3.257215,0.0434,13.585,198.953,1384,5680,401.319
HAT-P-29 b,HAT-P-29,2,1,2011,Transit,HATNet,5.72319,,13.11453,279.6904,,6087,313.576
HAT-P-3 b,HAT-P-3,2,1,2007,Transit,HATNet,2.8997,,10.53646,206.5895,,5185,134.554
HAT-P-30 b,HAT-P-30,2,1,2011,Transit,HATNet,2.8106,,16.14096,263.7989,,6304,213.985
HAT-P-31 b,HAT-P-31,1,1,2011,Transit,HATNet,5.00542,,12.21781,721.4741,,6065,344.05
HAT-P-32 b,HAT-P-32,2,1,2011,Transit,HATNet,2.1500082,0.03397,22.19382,216.1244,1835.7,6001,289.205
HAT-P-33 b,HAT-P-33,2,1,2011,Transit,HATNet,3.47447,,20.73665,292.4036,,6446,396.11
HAT-P-34 b,HAT-P-34,1,1,2011,Transit,HATNet,5.452654,0.06774,13.417173,1058.3739,,6442,249.325
HAT-P-35 b,HAT-P-35,3,1,2011,Transit,HATNet,3.646706,0.04978,14.930388,335.62848,,6096,506.965
HAT-P-36 b,HAT-P-36,1,1,2011,Transit,HATNet,1.32734683,0.0241,14.313893,587.413406,1780.97,5620,294.419
HAT-P-37 b,HAT-P-37,1,1,2011,Transit,HATNet,2.797436,0.0379,13.204,371.528,1271,5500,390.594
HAT-P-38 b,HAT-P-38,1,1,2012,Transit,HATNet,4.640382,0.0523,9.247,84.857,1082,5330,255.206
HAT-P-39 b,HAT-P-39,2,1,2012,Transit,HATNet,3.54387,0.0509,17.609,190.372,1752,6430,697.004
HAT-P-4 b,HAT-P-4,2,1,2007,Transit,HATNet,3.056536,0.04438,14.28,213.255,1686,5860,320.451
HAT-P-40 b,HAT-P-40,1,1,2012,Transit,HATNet,4.45724,,17.03768,152.5584,,6080,464.469
HAT-P-41 b,HAT-P-41,2,1,2012,Transit,HATNet,2.69405,,22.97845,378.2177,,6390,348.185
HAT-P-42 b,HAT-P-42,1,1,2012,Transit,HATNet,4.641878,0.0575,14.348,331.801,1428,5743,405.238
HAT-P-43 b,HAT-P-43,1,1,2012,Transit,HATNet,3.3326414,0.0444,13.63,,1353,5693,528.825
HAT-P-44 b,HAT-P-44,1,2,2014,Transit,HATNet,4.301219,0.0507,13.922,111.871,1108,5295,347.85
HAT-P-44 c,HAT-P-44,1,2,2014,Radial Velocity,W. M. Keck Observatory,872.2,1.752,,1271.3,,5295,347.85
HAT-P-45 b,HAT-P-45,1,1,2014,Transit,HATNet,3.128992,0.0452,15.984,283.492,1652,6330,298.64
HAT-P-46 b,HAT-P-46,1,1,2014,Transit,HATNet,4.463129,0.0577,14.392,156.684,1458,6120,290.736
HAT-P-47 b,HAT-P-47,1,1,2026,Transit,Transiting Exoplanet Survey Satellite (TESS),4.73217441,,14.71739166,65.47265184,1605,6703,282.096
HAT-P-49 b,HAT-P-49,1,1,2014,Transit,HATNet,2.69155,,17.82231,699.226,,6820,350.351
HAT-P-5 b,HAT-P-5,1,1,2007,Transit,HATNet,2.78849,,13.56289,311.4734,,5960,303.336
HAT-P-50 b,HAT-P-50,1,1,2015,Transit,HATNet,3.1220109,0.0453,14.437192,429.0705,1862,6280,515.458
HAT-P-51 b,HAT-P-51,1,1,2015,Transit,HATNet,4.21802091,0.05042,13.50682174,97.57332095,1168.2,5453,440.089
HAT-P-52 b,HAT-P-52,1,1,2015,Transit,HATNet,2.7535953,0.03694,11.309881,259.98494,1218,5131,361.155
HAT-P-53 b,HAT-P-53,1,1,2015,Transit,HATNet,1.9616241,0.03159,14.773462,471.65972,1778,5956,666.802
HAT-P-54 b,HAT-P-54,1,1,2015,Transit,HATNet,3.799847,0.04117,10.581296,241.5508,818,4390,143.651
HAT-P-55 b,HAT-P-55,1,1,2015,Transit,HATNet,3.5852313,0.04628,14.84069045,189.4257306,1367,5804,511.388
HAT-P-56 b,HAT-P-56,1,1,2015,Transit,HATNet,2.79083,,16.92559,734.1873,,6566,320.639
HAT-P-57 b,HAT-P-57,3,1,2015,Transit,HATNet,2.4653,,19.50366,448.1403,,6330,279.86
HAT-P-58 b,HAT-P-58,1,1,2021,Transit,HATNet,4.0138379,0.04994,14.93036229,118.2321674,1622,6078,515.59
HAT-P-59 b,HAT-P-59,1,1,2021,Transit,HATNet,4.1419771,0.05064,12.58768533,489.4557468,1277.8,5678,265.471
HAT-P-6 b,HAT-P-6,1,1,2007,Transit,HATNet,3.85298,,16.58932,419.5356,,6570,275.358
HAT-P-60 b,HAT-P-60,1,1,2021,Transit,HATNet,4.7947813,0.06277,18.28184752,182.4335056,1772,6212,233.22
HAT-P-61 b,HAT-P-61,1,1,2021,Transit,HATNet,1.90231289,0.0301,10.07687365,335.9446262,1505,5587,338.84
HAT-P-62 b,HAT-P-62,1,1,2021,Transit,HATNet,2.6453235,0.03772,12.02723629,241.8674177,1512,5629,348.815
HAT-P-63 b,HAT-P-63,1,1,2021,Transit,HATNet,3.377728,0.04294,12.5428494,195.1466419,1237,5400,403.458
HAT-P-64 b,HAT-P-64,1,1,2021,Transit,HATNet,4.007232,0.05387,19.08889413,184.3404761,1766,6457,651.897
HAT-P-65 b,HAT-P-65,1,1,2016,Transit,HATNet,2.60544751,0.04042,18.05766791,176.0769375,1818,5872,738.519
HAT-P-66 b,HAT-P-66,1,1,2016,Transit,HATNet,2.972086,0.04363,17.82231,248.86089,1896,6002,935.456
HAT-P-67 b,HAT-P-67,2,1,2017,Transit,HATNet,4.8101069,,23.9872187,143.0227832,,6640,371.686
HAT-P-68 b,HAT-P-68,1,1,2020,Transit,HATNet,2.29840551,0.02996,12.016048,230.10892,1027.8,4508,202.152
HAT-P-69 b,HAT-P-69,1,1,2019,Transit,HATNet,4.7869491,0.06555,18.786284,1137.8314,1930,7394,341.263
HAT-P-7 b,HAT-P-7,3,1,2008,Transit,HATNet,2.20474,,16.92559,584.8072,,6389,341.079
HAT-P-70 b,HAT-P-70,1,1,2019,Transit,HATNet,2.74432452,0.04739,20.96083,2154.8874,2562,8450,330.739
HAT-P-8 b,HAT-P-8,3,1,2008,Transit,HATNet,3.07634,,15.6926,406.8224,,6200,211.553
HAT-P-9 b,HAT-P-9,1,1,2008,Transit,HATNet,3.92281072,0.05287,15.614137,238.05467,1540,6350,455.203
HATS-1 b,HATS-1,1,1,2012,Transit,HATSouth,3.446459,0.0444,14.594,589.55,1359,5870,283.971
HATS-10 b,HATS-10,1,1,2015,Transit,HATSouth,3.312846,0.04491,10.861521,167.17858,1407,5880,534.889
HATS-11 b,HATS-11,1,1,2016,Transit,HATSouth,3.619188,0.0507,18.03,,1596,6563,944.603
HATS-12 b,HATS-12,1,1,2016,Transit,HATSouth,3.142702,0.0441,7.76,,1446,6357,746.138
HATS-13 b,HATS-13,1,1,2015,Transit,HATSouth,3.0440499,0.04057,13.585308,172.58169,1244,5523,421.855
HATS-14 b,HATS-14,1,1,2015,Transit,HATSouth,2.7667641,0.03815,11.646151,340.39593,1276,5346,513.011
HATS-15 b,HATS-15,1,1,2016,Transit,HATSouth,1.74748753,0.02712,12.385945,689.6911,1505,5311,1139.55
HATS-16 b,HATS-16,1,1,2016,Transit,HATSouth,2.686502,0.03744,14.5717,1039.3041,1592,5738,757.044
HATS-17 b,HATS-17,1,1,2016,Transit,HATSouth,16.254611,0.1308,8.709393,425.25654,814,5846,400.331
HATS-18 b,HATS-18,1,1,2016,Transit,Multiple Observatories,0.83784,0.0174,14.896761,629.144485,2069.48,5600,624.368
HATS-2 b,HATS-2,1,1,2013,Transit,HATSouth,1.35413379,0.02317,12.57647635,435.4249176,1550,,341.925
HATS-22 b,HATS-22,1,1,2017,Transit,HATSouth,4.7228124,0.05025,10.682177,870.8542,858,4803,229.518
HATS-23 b,HATS-23,1,1,2017,Transit,HATSouth,2.1605156,0.03397,20.84874,467.2101,1654,5780,639.004
HATS-24 b,HATS-24,1,1,2017,Transit,HATSouth,1.3484978,0.0238,15.636555,718.2958,2166,6125,494.182
HATS-25 b,HATS-25,1,1,2016,Transit,HATSouth,4.2986432,0.05163,14.12334,194.82979,1277,5715,471.158
HATS-26 b,HATS-26,1,1,2016,Transit,HATSouth,3.3023881,0.04735,19.61575,206.5895,1918,6071,861.843
HATS-27 b,HATS-27,1,1,2016,Transit,HATSouth,4.637038,0.0611,16.8135,168.4499,1659,6438,816.988
HATS-28 b,HATS-28,1,1,2016,Transit,HATSouth,3.1810781,0.04131,13.383546,213.58176,1253,5498,535.383
HATS-29 b,HATS-29,1,1,2016,Transit,HATSouth,4.6058749,0.05475,14.022459,207.54299,1212,5670,353.891
HATS-3 b,HATS-3,1,1,2013,Transit,HATSouth,3.547851,0.0485,15.48,340.382,1648,6351,411.211
HATS-30 b,HATS-30,2,1,2016,Transit,HATSouth,3.1743516,0.04354,13.170575,224.38798,1414,5943,342.14
HATS-31 b,HATS-31,1,1,2016,Transit,HATSouth,3.37796,0.0478,18.38276,279.6904,1823,6050,773.974
HATS-32 b,HATS-32,1,1,2016,Transit,HATSouth,2.8126548,0.04024,14.000041,292.4036,1437,5700,745.116
HATS-33 b,HATS-33,1,1,2016,Transit,HATSouth,2.5495551,0.03727,13.78707,378.85336,1429,5659,248.46
HATS-34 b,HATS-34,1,1,2016,Transit,HATSouth,2.1061607,0.03166,16.02887,299.07803,1445,5380,508.842
HATS-35 b,HATS-35,1,1,2016,Transit,HATSouth,1.8209993,0.03199,16.409976,388.38826,2037,6300,514.555
HATS-36 b,HATS-36,1,1,2018,Transit,HATSouth,4.175186,0.0523,12.92,,1203,5950,856.436
HATS-37 A b,HATS-37 A,2,1,2020,Transit,HATSouth,4.3315366,0.04913,6.792654,31.46517,1085,5326,211.896
HATS-38 b,HATS-38,1,1,2020,Transit,HATSouth,4.375021,0.05036,6.882326,23.51942,1294,5732,343.525
HATS-39 b,HATS-39,1,1,2018,Transit,HATSouth,4.5776348,0.06007,17.59813,200.2329,1645,6572,878.521
HATS-4 b,HATS-4,1,1,2014,Transit,HATSouth,2.516729,0.0362,11.433,420.471,1315,5403,416.459
HATS-40 b,HATS-40,1,1,2018,Transit,HATSouth,3.2642736,0.04997,17.71022,505.3497,2101,6460,1342.29
HATS-41 b,HATS-41,1,1,2018,Transit,HATSouth,4.193649,0.0583,14.90797,3082.951,1710,6424,737.668
HATS-42 b,HATS-42,1,1,2018,Transit,HATSouth,2.292102,0.03689,15.6926,597.5204,1856,6060,800.377
HATS-43 b,HATS-43,1,1,2018,Transit,HATSouth,4.3888497,0.04944,13.22662,82.95363,1003,5099,362.273
HATS-44 b,HATS-44,1,1,2018,Transit,HATSouth,2.7439004,0.03649,11.960003,177.9848,1161,5080,446.035
HATS-45 b,HATS-45,1,1,2018,Transit,HATSouth,4.1876244,0.05511,14.414774,222.481,1518,6450,772.11
HATS-46 b,HATS-46,1,1,2018,Transit,HATSouth,4.7423729,0.05367,10.121727,54.98459,1054,5495,453.808
HATS-47 b,HATS-47,1,1,2020,Transit,HATSouth,3.9228038,0.04269,12.520453,117.27927,852.9,4512,300.67
HATS-48 A b,HATS-48 A,2,1,2020,Transit,HATSouth,3.1316666,0.03769,8.9672,77.23269,954.6,4546,263.609
HATS-49 b,HATS-49,1,1,2020,Transit,HATSouth,4.1480467,0.04515,8.574885,112.19399,834.8,4405,324.413
HATS-5 b,HATS-5,1,1,2014,Transit,HATSouth,4.763387,0.0542,10.223,75.323,1025,5304,246.384
HATS-50 b,HATS-50,1,1,2017,Transit,HATSouth,3.8297015,0.05046,12.66617,123.9537,,5990,756.742
HATS-51 b,HATS-51,1,1,2017,Transit,HATSouth,3.3488702,0.04639,15.80469,244.09344,1553,5758,389.57
HATS-52 b,HATS-52,1,1,2017,Transit,HATSouth,1.36665436,0.02498,15.490838,711.9392,1834,6010,555.134
HATS-53 b,HATS-53,1,1,2017,Transit,HATSouth,3.8537768,0.04753,15.02006,189.10885,1312,5644,585.77
HATS-54 b,HATS-54,1,1,2019,Transit,HATSouth,2.5441765,0.037,11.37711541,239.3247905,1429,5621,748.585
HATS-55 b,HATS-55,1,1,2019,Transit,HATSouth,4.2042001,0.05412,14.022459,292.72143,1367,6214,609.838
HATS-56 b,HATS-56,1,1,2019,Transit,HATSouth,4.324799,0.06043,18.920792,191.33366,1902,6536,564.409
HATS-57 b,HATS-57,1,1,2019,Transit,HATSouth,2.350621,0.03493,12.767051,1000.21101,1413.4,5587,279.485
HATS-58 A b,HATS-58 A,2,1,2019,Transit,HATSouth,4.2180896,0.05798,12.273855,327.3649,1721,7175,403.591
HATS-59 b,HATS-59,1,2,2018,Transit,HATSouth,5.416081,0.06112,12.621334,256.17098,1128,5670,642.884
HATS-59 c,HATS-59,1,2,2018,Radial Velocity,HATSouth,1422,2.504,,4036.441,175.9,5670,642.884
HATS-6 b,HATS-6,1,1,2015,Transit,HATSouth,3.3252725,0.03623,11.186582,101.38777,712.8,3724,169.318
HATS-60 b,HATS-60,1,1,2018,Transit,HATSouth,3.560829,0.04708,12.923977,210.40346,1528,5688,486.474
HATS-61 b,HATS-61,1,1,2018,Transit,HATSouth,7.817953,0.07908,13.394755,1080.622,1226.1,5542,679.761
HATS-62 b,HATS-62,1,1,2018,Transit,HATSouth,3.2768837,0.04163,11.825495,56.89157,1237,5416,523.067
HATS-63 b,HATS-63,1,1,2018,Transit,HATSouth,3.0566527,0.04026,13.529263,305.1168,1398.3,5627,623.232
HATS-64 b,HATS-64,1,1,2018,Transit,HATSouth,4.908897,0.06562,18.819911,305.1168,1793,6554,1080.15
HATS-65 b,HATS-65,2,1,2018,Transit,HATSouth,3.105161,0.04497,16.824709,260.93843,1634,6277,493.32
HATS-66 b,HATS-66,1,1,2018,Transit,HATSouth,3.1414391,0.04714,15.815899,1694.0339,1998,6626,1477.98
HATS-67 b,HATS-67,1,1,2018,Transit,HATSouth,1.6091788,0.03032,18.887165,460.8535,2193,6594,960.109
HATS-68 b,HATS-68,1,1,2018,Transit,HATSouth,3.5862202,0.05071,13.809488,410.0007,1741,6147,603.955
HATS-69 b,HATS-69,1,1,2018,Transit,HATSouth,2.2252577,0.03211,10.592505,183.38791,1295.7,5137,414.537
HATS-7 b,HATS-7,1,1,2015,Transit,HATSouth,3.185315,0.04012,6.310667,38.1396,1084,4985,240.707
HATS-70 b,HATS-70,1,1,2019,Transit,HATSouth,1.8882378,0.03632,15.513256,4100.007,2730,7930,1458.83
HATS-71 b,HATS-71,1,1,2020,Transit,HATSouth,3.7955202,0.03745,11.478016,117.5971,586.8,3405,140.225
HATS-72 b,HATS-72,1,1,2020,Transit,HATSouth,7.3279474,0.066517,8.0973816,39.855882,739.3,4656.1,127.589
HATS-74 A b,HATS-74 A,2,1,2021,Transit,HATSouth,1.73185606,0.02384,11.56766808,464.0294742,895.1,3776.9,299.389
HATS-75 b,HATS-75,1,1,2021,Transit,HATSouth,2.7886556,0.032742,9.90873894,156.0537478,772.3,3790.4,194.964
HATS-76 b,HATS-76,1,1,2021,Transit,HATSouth,1.9416423,0.02658,12.09449018,835.570882,939.8,4016,385.689
HATS-77 b,HATS-77,1,1,2021,Transit,HATSouth,3.0876262,0.03607,13.05846252,436.6962312,828.3,4071,436.176
HATS-8 b,HATS-8,1,1,2015,Transit,HATSouth,3.583893,0.04667,9.785457,43.86054,1324,5679,794.637
HATS-9 b,HATS-9,1,1,2015,Transit,HATSouth,1.915291,0.0312,13.85,,1746,5599,638.7
HD 100508 b,HD 100508,1,1,2026,Radial Velocity,Las Campanas Observatory,5681,6.11,,381.3940884,,5419,32.7548
HD 100546 b,HD 100546,1,1,2014,Imaging,Paranal Observatory,,53,77.3421,2701.54146,,10500,109.677
HD 100655 b,HD 100655,2,1,2011,Radial Velocity,Bohyunsan Optical Astronomical Observatory,157.57001,0.68,,511.7063,,4891,137.178
HD 100777 b,HD 100777,1,1,2007,Radial Velocity,La Silla Observatory,383,1.06,,390.9289406,,,49.5336
HD 101581 b,HIP 56998,1,2,2025,Transit,Transiting Exoplanet Survey Satellite (TESS),4.46569,0.046,0.956,,834,4675,12.7781
HD 101581 c,HIP 56998,1,2,2025,Transit,Transiting Exoplanet Survey Satellite (TESS),6.20401,0.0573,0.99,,747,4675,12.7781
HD 10180 c,HD 10180,1,6,2010,Radial Velocity,La Silla Observatory,5.75969,0.06412,,13.221728,,5911,38.9607
HD 10180 d,HD 10180,1,6,2010,Radial Velocity,La Silla Observatory,16.357,0.12859,,12.013974,,5911,38.9607
HD 10180 e,HD 10180,1,6,2010,Radial Velocity,La Silla Observatory,49.748,0.2699,,25.585315,,5911,38.9607
HD 10180 f,HD 10180,1,6,2010,Radial Velocity,La Silla Observatory,122.744,0.4929,,22.947326,,5911,38.9607
HD 10180 g,HD 10180,1,6,2010,Radial Velocity,La Silla Observatory,604.67,1.427,,23.265156,,5911,38.9607
HD 10180 h,HD 10180,1,6,2010,Radial Velocity,La Silla Observatory,2205,3.381,,65.663678,,5911,38.9607
HD 101930 b,HD 101930,2,1,2005,Radial Velocity,La Silla Observatory,70.46,0.3,,79.4575,,5108,30.0274
HD 102117 b,HD 102117,1,1,2005,Radial Velocity,La Silla Observatory,20.8133,0.15,,54.0311,,5655,39.5792
HD 102195 b,HD 102195,1,1,2006,Radial Velocity,Kitt Peak National Observatory,4.11377,0.05,,130.3103,,5301,29.3386
HD 102272 b,HD 102272,1,1,2008,Radial Velocity,McDonald Observatory,127.58,0.51,,1570.0802,,4790,347.097
HD 102329 b,HD 102329,1,2,2011,Radial Velocity,W. M. Keck Observatory,778.09998,1.81,,2593.4928,,4745,217.107
HD 102329 c,HD 102329,1,2,2016,Radial Velocity,W. M. Keck Observatory,1123,,,483.1016,,,217.107
HD 102843 b,HD 102843,1,1,2019,Radial Velocity,Las Campanas Observatory,3090.942,4.074,,113.9,,5436,62.758
HD 102888 b,HD 102888,1,1,2025,Radial Velocity,La Silla Observatory,252.06,1.05,,1808.443636,,4990,126.484
HD 102956 b,HD 102956,2,1,2010,Radial Velocity,W. M. Keck Observatory,6.4947,0.0807,,305.1168,,4985,121.89
HD 103197 b,HD 103197,1,1,2011,Radial Velocity,La Silla Observatory,47.84,0.25,,28.6047,,5250,57.1463
HD 103720 b,HD 103720,1,1,2014,Radial Velocity,La Silla Observatory,4.5557,0.0498,,197.046,,5017,45.5352
HD 103774 b,HD 103774,2,1,2013,Radial Velocity,La Silla Observatory,5.8881,0.07,,116,,6489,56.4089
HD 103891 b,HD 103891,1,1,2022,Radial Velocity,La Silla Observatory,1919,3.27,,457.6729061,,6072,55.5213
HD 103949 b,HD 103949,1,1,2019,Radial Velocity,Las Campanas Observatory,120.878,0.439,,11.2,,4792,26.4997
HD 104067 b,HD 104067,1,2,2011,Radial Velocity,La Silla Observatory,55.851,0.2674,,62.1,,4952,20.3632
HD 104067 c,HD 104067,1,2,2024,Radial Velocity,Multiple Observatories,13.8992,0.1058,,13.2,,4952,20.3632
HD 10442 b,HD 10442,1,1,2014,Radial Velocity,W. M. Keck Observatory,1032.3,2.01,,472.61321,,4912,135.374
HD 104985 b,HD 104985,1,1,2003,Radial Velocity,Okayama Astrophysical Observatory,199.68,0.715,,1766.808115,,4738,100.576
HD 105618 b,HD 105618,1,2,2022,Radial Velocity,Multiple Observatories,10.02245,0.091,,25.42627256,,,70.0837
HD 105618 c,HD 105618,1,2,2022,Radial Velocity,Multiple Observatories,77114.07158000000,35.731,,8419.59233,,,70.0837
HD 105779 b,HD 105779,1,1,2022,Radial Velocity,La Silla Observatory,2412,3.38,,203.4101805,,5792,55.2411
HD 106252 b,HD 106252,1,1,2002,Radial Velocity,Lick Observatory,1535,2.655,,3178.28407,,,38.185
HD 106270 b,HD 106270,1,1,2011,Radial Velocity,W. M. Keck Observatory,1888,3.34,,3219.6179,,5509,93.808
HD 106315 b,HD 106315,1,2,2017,Transit,K2,9.55237,0.0907,2.44,12.6,1153,6327,109.353
HD 106315 c,HD 106315,1,2,2017,Transit,K2,21.05704,0.1536,4.35,15.2,886,6327,109.353
HD 10647 b,HD 10647,1,1,2006,Radial Velocity,W. M. Keck Observatory,989.2,2.015,,298.75,,6218,17.3357
HD 106515 A b,HD 106515 A,2,1,2012,Radial Velocity,La Silla Observatory,3626,4.48,,6006.956892,,,34.0915
HD 106906 b,HD 106906,1,1,2013,Imaging,Las Campanas Observatory,,650,,3496,1800,6516,103.029
HD 10697 b,HD 10697,1,1,1999,Radial Velocity,W. M. Keck Observatory,1075.3799,2.051,,1825.288541,,,33.1205
HD 107148 b,HD 107148,2,2,2005,Radial Velocity,W. M. Keck Observatory,48.056,0.269,,66.741,,5797,49.4156
HD 107148 c,HD 107148,2,2,2021,Radial Velocity,Multiple Observatories,18.3267,0.1407,,19.89605828,,5752.92,49.4156
HD 108147 b,HD 108147,1,1,2002,Radial Velocity,La Silla Observatory,10.8985,0.102,,82.95,,6255.73,38.92
HD 108202 b,HD 108202,1,1,2023,Radial Velocity,La Silla Observatory,2990,3.7,,953.485221,,,38.6846
HD 108236 b,HD 108236,1,5,2020,Transit,Transiting Exoplanet Survey Satellite (TESS),3.795963,0.04527,1.615,,,5660,64.5978
HD 108236 c,HD 108236,1,5,2020,Transit,Transiting Exoplanet Survey Satellite (TESS),6.203449,0.062,2.071,,,5660,64.5978
HD 108236 e,HD 108236,1,5,2020,Transit,Transiting Exoplanet Survey Satellite (TESS),19.590025,0.1367,3.083,,,5660,64.5978
HD 108236 f,HD 108236,1,5,2021,Transit,CHaracterising ExOPlanets Satellite (CHEOPS),29.54115,0.1758,2.017,,,5660,64.5978
HD 108341 b,HD 108341,2,1,2014,Radial Velocity,La Silla Observatory,1129,2,,1112.4,,5122,48.9102
HD 108863 b,HD 108863,1,1,2011,Radial Velocity,W. M. Keck Observatory,437.7,1.32,,767.24162,,4878,164.742
HD 108874 b,HD 108874,1,2,2002,Radial Velocity,W. M. Keck Observatory,394.48123,1.04,,451.3186,,5600,59.5175
HD 108874 c,HD 108874,1,2,2005,Radial Velocity,W. M. Keck Observatory,1624,2.659,,314.64,,5551,59.5175
HD 109246 b,HD 109246,1,1,2010,Radial Velocity,Haute-Provence Observatory,68.27,0.33,,273.3338,,5844,67.8349
HD 109271 b,HD 109271,1,2,2013,Radial Velocity,La Silla Observatory,7.8543,0.079,,17.162,,5783,55.8716
HD 109271 c,HD 109271,1,2,2013,Radial Velocity,La Silla Observatory,30.93,0.196,,24.154,,5783,55.8716
HD 109286 b,HD 109286,1,1,2021,Radial Velocity,Haute-Provence Observatory,520.1,1.259,,950.3069369,259.4,5694,55.4156
HD 109749 b,HD 109749,2,1,2005,Radial Velocity,W. M. Keck Observatory,5.239891,0.0615,,85.8141,,5824,63.0821
HD 10975 b,HD 10975,1,1,2021,Radial Velocity,Okayama Astrophysical Observatory,283.8,0.95,,143.0227832,,4840,116.506
HD 109833 b,HD 109833,1,2,2022,Transit,Transiting Exoplanet Survey Satellite (TESS),9.188526,,2.888,,,5881,79.5561
HD 109833 c,HD 109833,1,2,2022,Transit,Transiting Exoplanet Survey Satellite (TESS),13.900148,,2.59,,,5881,79.5561
HD 109988 b,HD 109988,1,1,2022,Radial Velocity,Multiple Observatories,17132.15854000000,12.518,,6935.333669,,,42.5279
HD 110014 b,HD 110014,1,1,2009,Radial Velocity,La Silla Observatory,835.477,2.14,,3524.59,,4445,100.758
HD 110067 b,HD 110067,3,6,2023,Transit,Multiple Observatories,9.113678,0.0793,2.2,5.69,800,5266,32.1585
HD 110067 c,HD 110067,3,6,2023,Transit,Multiple Observatories,13.673694,0.1039,2.388,6.3,699,5266,32.1585
HD 110067 d,HD 110067,3,6,2023,Transit,Multiple Observatories,20.519617,0.1362,2.852,8.52,602,5266,32.1585
HD 110067 e,HD 110067,3,6,2023,Transit,Multiple Observatories,30.793091,0.1785,1.94,3.9,533,5266,32.1585
HD 110067 f,HD 110067,3,6,2023,Transit,Multiple Observatories,41.05854,0.2163,2.601,5.04,489,5266,32.1585
HD 110067 g,HD 110067,3,6,2023,Transit,Multiple Observatories,54.76992,0.2621,2.607,8.4,440,5266,32.1585
HD 110082 b,HD 110082,2,1,2021,Transit,Transiting Exoplanet Survey Satellite (TESS),10.18271,0.113,3.2,,,6200,105.096
HD 110113 b,HD 110113,1,2,2021,Transit,Transiting Exoplanet Survey Satellite (TESS),2.541,0.035,2.05,4.55,1371,5732,106.307
HD 110113 c,HD 110113,1,2,2021,Radial Velocity,La Silla Observatory,6.744,0.068,,10.5,990,5732,106.307
HD 110537 b,HD 110537,1,1,2022,Radial Velocity,Multiple Observatories,24469.67342000000,16.714,,8612.832001,,,45.0858
HD 11112 b,HD 11112,1,1,2022,Radial Velocity,Multiple Observatories,17244.90764000000,13.38,,2598.565056,,,44.3804
HD 111232 b,HD 111232,1,2,2003,Radial Velocity,La Silla Observatory,1169.13202,2.148,,2531.503262,,,28.9571
HD 111232 c,HD 111232,1,2,2022,Radial Velocity,Multiple Observatories,26472.44623000000,17.25,,5740.934516,,,28.9571
HD 111591 b,HD 111591,1,1,2017,Radial Velocity,Multiple Observatories,1056.4,2.5,,1398.452,,4884,114.166
HD 111998 b,HD 111998,1,1,2016,Radial Velocity,La Silla Observatory,810,1.91,,1525.576354,,,33.2237
HD 112300 b,HD 112300,1,1,2023,Radial Velocity,Bohyunsan Optical Astronomical Observatory,466.63,1.33,,5031.223683,,3657,62.07324
HD 112570 b,HD 112570,1,1,2023,Radial Velocity,Multiple Observatories,2615,3.9,,1086.973152,,4750,101.166
HD 112640 b,HD 112640,1,1,2020,Radial Velocity,Bohyunsan Optical Astronomical Observatory,613.2,1.7,,1589.15,,4155,323.335
HD 113337 b,HD 113337,3,2,2013,Radial Velocity,Haute-Provence Observatory,317.58639,1.022,,1035.802778,,,36.18
HD 113337 c,HD 113337,3,2,2020,Radial Velocity,Haute-Provence Observatory,5429.93477,6.805,,6299.676855,,,36.18
HD 11343 c,HIP 8541,2,2,2022,Radial Velocity,Multiple Observatories,228.53731,0.923,,255.5340392,,,155.121
HD 113538 b,HD 113538,1,2,2010,Radial Velocity,La Silla Observatory,663.2,1.24,,114.41,,4462,16.2817
HD 113538 c,HD 113538,1,2,2010,Radial Velocity,La Silla Observatory,1818,2.44,,295.57,,4462,16.2817
HD 113996 b,HD 113996,2,1,2017,Radial Velocity,Bohyunsan Optical Astronomical Observatory,610.2,1.6,,2002.329,,4181,116.334
HD 114082 b,HD 114082,1,1,2022,Transit,Transiting Exoplanet Survey Satellite (TESS),225.5504,0.791,11.72459381,508.5254512,,6610,95.3906
HD 114386 b,HD 114386,1,2,2003,Radial Velocity,La Silla Observatory,937.70001,1.73,,362.3262,,4836,27.9243
HD 114386 c,HD 114386,1,2,2026,Radial Velocity,Las Campanas Observatory,444,1.05,,117.5965106,,4895,27.9243
HD 114729 b,HD 114729,2,1,2002,Radial Velocity,W. M. Keck Observatory,1121.79,2.067,,262.20975,,5844,37.8063
HD 114783 b,HD 114783,1,2,2001,Radial Velocity,W. M. Keck Observatory,493.7,1.16,,349.6,,5135,21.0628
HD 114783 c,HD 114783,1,2,2016,Radial Velocity,W. M. Keck Observatory,4352,5,,603.8739733,,,21.0628
HD 11505 b,HD 11505,1,1,2022,Radial Velocity,Multiple Observatories,32669.22247000000,20.247,,2510.526587,,,38.9679
HD 11506 b,HD 11506,1,3,2007,Radial Velocity,W. M. Keck Observatory,1617.7,2.885,,1525.576354,,6123,51.261
HD 11506 c,HD 11506,1,3,2008,Radial Velocity,W. M. Keck Observatory,223.92,0.771,,127.1313628,,6123,51.261
HD 11506 d,HD 11506,1,3,2022,Radial Velocity,Multiple Observatories,26500.00000000000,18.2,,4068.20361,,6123,51.261
HD 115404 A b,HD 115404 A,1,2,2022,Radial Velocity,Multiple Observatories,10.49488,0.088,,30.82935548,,,10.9816
HD 115404 A c,HD 115404 A,1,2,2022,Radial Velocity,Multiple Observatories,15319.22517000000,11.364,,3279.671332,,,10.9816
HD 115954 b,HD 115954,1,1,2021,Radial Velocity,Haute-Provence Observatory,3700,5,,2634.797494,144.9,5957,87.6437
HD 116029 b,HD 116029,2,2,2011,Radial Velocity,W. M. Keck Observatory,670,1.65,,444.962,,4819,123.245
HD 116029 c,HD 116029,2,2,2016,Radial Velocity,W. M. Keck Observatory,907,,,403.6441,,,123.245
HD 117207 b,HD 117207,1,1,2004,Radial Velocity,W. M. Keck Observatory,2621.75,3.787,,612.14058,,5732,32.3547
HD 11755 b,HD 11755,1,1,2015,Radial Velocity,Bohyunsan Optical Astronomical Observatory,433.70001,1.09,,1789.3829,,4312,235.045
HD 117618 b,HD 117618,1,1,2004,Radial Velocity,Anglo-Australian Telescope,25.8,0.18,,55.30242,,5990,37.7781
HD 118203 b,HD 118203,1,2,2005,Radial Velocity,Haute-Provence Observatory,6.1349779,0.0713,12.778238,680.152791,1361,5742,92.2589
HD 118203 c,HD 118203,1,2,2024,Radial Velocity,Multiple Observatories,5103,6.28,,3747.196919,,5742,92.2589
HD 11964 b,HD 11964,2,2,2005,Radial Velocity,W. M. Keck Observatory,1945,3.16,,198,,5303,33.5369
HD 11964 c,HD 11964,2,2,2008,Radial Velocity,W. M. Keck Observatory,37.91,0.229,,25,,5303,33.5369
HD 11977 b,HD 11977,1,1,2005,Radial Velocity,La Silla Observatory,711,1.93,,2080,,4970,67.9331
HD 120084 b,HD 120084,1,1,2013,Radial Velocity,Okayama Astrophysical Observatory,2142,4.21,,2034.101805,,4879,103.044
HD 121504 b,HD 121504,1,1,2003,Radial Velocity,La Silla Observatory,63.33,0.33,,479.9233,,6027,41.6592
HD 12235 b,HD 12235,1,2,2022,Radial Velocity,Multiple Observatories,4.36305,0.054,,10.48833743,,,31.7627
HD 12235 c,HD 12235,1,2,2022,Radial Velocity,Multiple Observatories,36336.70679000000,22.21,,3135.695063,,,31.7627
HD 122562 c,HD 122562,1,1,2022,Radial Velocity,Multiple Observatories,84.96276,0.406,,73.10053361,,,53.2528
HD 124330 b,HD 124330,1,1,2021,Radial Velocity,Haute-Provence Observatory,270.66,0.86,,238.3713053,,5873,60.1977
HD 12484 b,HD 12484,1,1,2016,Radial Velocity,Haute-Provence Observatory,58.83,0.297,,947.1334,,5920,48.3367
HD 125136 b,HD 125136,1,1,2026,Radial Velocity,La Silla Observatory,849.77,,,718.2921998,,4959,121.257
HD 125271 b,HD 125271,1,1,2022,Radial Velocity,Multiple Observatories,14901.99295000000,10.817,,3465.60095,,,39.3466
HD 125390 b,HD 125390,1,1,2019,Radial Velocity,W. M. Keck Observatory,1757.39151,3.496,,8646.203984,,,153.647
HD 125595 b,HD 125595,1,1,2011,Radial Velocity,La Silla Observatory,9.6737,0.08,,6.3566,,4691,28.1989
HD 125612 b,HD 125612,2,3,2007,Radial Velocity,W. M. Keck Observatory,557.69994,1.349,,945.2216824,,,57.6207
HD 125612 c,HD 125612,2,3,2009,Radial Velocity,La Silla Observatory,4.15466,0.051,,15.57359194,,,57.6207
HD 125612 d,HD 125612,2,3,2009,Radial Velocity,La Silla Observatory,2822.72698,3.982,,2281.372305,,,57.6207
HD 126105 b,HD 126105,1,1,2026,Radial Velocity,Multiple Facilities,524,1.36,,530.7734397,,4875,82.8811
HD 12648 b,HD 12648,1,1,2015,Radial Velocity,Bohyunsan Optical Astronomical Observatory,133.60001,0.54,,622.9468,,4835,182.192
HD 126525 b,HD 126525,1,1,2018,Radial Velocity,La Silla Observatory,960.41,1.837,,75.32571,,5638,37.6506
HD 12661 b,HD 12661,1,2,2000,Radial Velocity,Multiple Observatories,262.70862,0.84,,772.3269,,5645,37.8478
HD 12661 c,HD 12661,1,2,2002,Radial Velocity,Multiple Observatories,1708,2.8145,,575.884,,5748,37.8478
HD 126614 b,HD 126614,3,1,2009,Radial Velocity,W. M. Keck Observatory,1257.25303,2.249,,107.74383,,,73.0961
HD 127195 b,HD 127195,1,2,2026,Radial Velocity,La Silla Observatory,534.5,,,212.9450327,,4981,84.7167
HD 127195 c,HD 127195,1,2,2026,Radial Velocity,La Silla Observatory,836.99,,,206.5884646,,4981,84.7167
HD 127506 b,HD 127506,1,1,2022,Radial Velocity,Multiple Observatories,65.78395,0.287,,27.333243,,,22.5279
HD 128311 b,HD 128311,1,2,2002,Radial Velocity,W. M. Keck Observatory,453.019,1.084,,562.24127,,,16.3292
HD 128311 c,HD 128311,1,2,2005,Radial Velocity,W. M. Keck Observatory,921.538,1.74,,1204.25787,,,16.3292
HD 128356 b,HD 128356,1,1,2016,Radial Velocity,Multiple Observatories,298.2,0.87,,282.8687,,4875,26.1548
HD 128717 b,HD 128717,1,1,2025,Astrometry,European Space Agency (ESA) Gaia Satellite,3420,4.85,,6293.002459,,6210,73.636
HD 129445 b,HD 129445,1,1,2009,Radial Velocity,Las Campanas Observatory,1840,2.9,,508.507,,,67.4386
HD 130322 b,HD 130322,1,1,1999,Radial Velocity,La Silla Observatory,10.70871,0.0925,,365.49,,5387,31.8766
HD 131496 b,HD 131496,1,1,2011,Radial Velocity,W. M. Keck Observatory,896,2.01,,572.094,,4846,131.849
HD 13167 b,HD 13167,1,1,2018,Radial Velocity,W. M. Keck Observatory,2613,4.1,,1052.0173,,5671,148.934
HD 13189 b,HD 13189,1,1,2005,Radial Velocity,Thueringer Landessternwarte Tautenburg,471.60001,1.25,,3480.2385,,4175,497.823
HD 132406 b,HD 132406,1,1,2007,Radial Velocity,Haute-Provence Observatory,908,,,1887.900738,,,70.7832
HD 132563 b,HD 132563,3,1,2011,Radial Velocity,Roque de los Muchachos Observatory,1544,2.62,,473.547,,6289,105.155
HD 133131 A b,HD 133131 A,2,3,2016,Radial Velocity,Las Campanas Observatory,649,1.44,,451.3186,,5799,51.4736
HD 133131 A c,HD 133131 A,2,3,2016,Radial Velocity,Las Campanas Observatory,3568,4.49,,133.4886,,5799,51.4736
HD 133131 B b,HD 133131 B,2,3,2016,Radial Velocity,Las Campanas Observatory,5769,6.15,,794.575,,5805,51.2993
HD 134060 b,HD 134060,1,2,2019,Radial Velocity,La Silla Observatory,3.2696,0.0444,,10.1,,5966,24.0125
HD 134060 c,HD 134060,1,2,2019,Radial Velocity,La Silla Observatory,1291.5646,2.3928,,29.29,,5966,24.0125
HD 134606 b,HD 134606,1,5,2024,Radial Velocity,Multiple Observatories,12.089,0.1046,,9.09,,5576,26.7909
HD 134606 c,HD 134606,1,5,2024,Radial Velocity,Multiple Observatories,58.883,0.3007,,11.31,,5576,26.7909
HD 134606 d,HD 134606,1,5,2024,Radial Velocity,Multiple Observatories,966.5,1.941,,44.8,,5576,26.7909
HD 134606 e,HD 134606,1,5,2024,Radial Velocity,Multiple Observatories,4.3203,0.0527,,2.34,,5576,26.7909
HD 134606 f,HD 134606,1,5,2024,Radial Velocity,Multiple Observatories,26.915,0.1784,,5.63,,5576,26.7909
HD 134987 b,HD 134987,1,2,1999,Radial Velocity,W. M. Keck Observatory,258.17999,0.81,,511.7063,,5736,26.1804
HD 134987 c,HD 134987,1,2,2009,Radial Velocity,Multiple Observatories,5000,5.8,,260,,5585,26.1804
HD 135344 A b,HD 135344 A,2,1,2025,Imaging,Paranal Observatory,,16.5,16.25302201,3178.28407,1585,9540,141.595
HD 135625 b,HD 135625,1,1,2023,Radial Velocity,La Silla Observatory,4055,5.4,,731.0053361,,,56.518
HD 135694 b,HD 135694,1,1,2023,Transit,Transiting Exoplanet Survey Satellite (TESS),15.92347557,0.124695,2.857,,,5712,73.8713
HD 135872 b,HD 135872,1,1,2022,Radial Velocity,Multiple Observatories,2422.32597,4.172,,1744.560126,,,82.4251
HD 136118 b,HD 136118,1,1,2022,Radial Velocity,Multiple Observatories,1187.59765,2.327,,4164.187789,,,51.4359
HD 136352 b,HD 136352,1,3,2019,Radial Velocity,La Silla Observatory,11.57797,0.0964,1.664,4.72,905,5664,14.682
HD 136352 c,HD 136352,1,3,2019,Radial Velocity,La Silla Observatory,27.59221,0.1721,2.916,11.24,677,5664,14.682
HD 136352 d,HD 136352,1,3,2019,Radial Velocity,La Silla Observatory,107.245,0.425,2.562,8.82,431,5664,14.682
HD 136418 b,HD 136418,1,1,2009,Radial Velocity,W. M. Keck Observatory,464.29999,1.29,,680.1562,,4989,105.168
HD 136925 b,HD 136925,1,1,2021,Radial Velocity,Multiple Observatories,4540,5.13,,266.9758619,,5773.19,47.874
HD 13724 c,HD 13724,1,1,2022,Radial Velocity,Multiple Observatories,142.22895,0.534,,50.85254512,,,43.465
HD 137388 b,HD 137388,1,1,2011,Radial Velocity,La Silla Observatory,330,0.89,,63.566,,5181,40.4841
HD 137496 b,HD 137496,1,2,2021,Transit,K2,1.62116,0.02732,1.31,4.04,2130,5799,155.317
HD 137496 c,HD 137496,1,2,2021,Radial Velocity,Multiple Observatories,479.9,1.2163,,2434.565598,370,5799,155.317
HD 13808 b,HD 13808,1,2,2021,Radial Velocity,La Silla Observatory,14.1815,0.10519,,11.2,,5035,28.2305
HD 13808 c,HD 13808,1,2,2021,Radial Velocity,La Silla Observatory,53.753,0.2554,,9.96,,5035,28.2305
HD 13908 b,HD 13908,1,2,2013,Radial Velocity,Haute-Provence Observatory,19.382,0.154,,274.91,,6255,79.5515
HD 13908 c,HD 13908,1,2,2013,Radial Velocity,Haute-Provence Observatory,931,2.03,,1630.4,,6255,79.5515
HD 13931 b,HD 13931,1,1,2009,Radial Velocity,W. M. Keck Observatory,4218,5.15,,699.226,,5867,47.3963
HD 139357 b,HD 139357,1,1,2008,Radial Velocity,Thueringer Landessternwarte Tautenburg,1124.79139,2.949,,6315.568276,,,112.09
HD 1397 b,HD 1397,1,1,2018,Transit,Transiting Exoplanet Survey Satellite (TESS),11.53533,0.1097,11.500434,131.89945,1228.3,5521,79.5702
HD 14067 b,HD 14067,1,1,2014,Radial Velocity,Okayama Astrophysical Observatory,2744,5.15,,4862.774627,,4815,142.024
HD 140901 b,HD 140901,1,2,2022,Radial Velocity,Multiple Observatories,9.02378,0.085,,15.57359194,,,15.2528
HD 140901 c,HD 140901,1,2,2022,Radial Velocity,Multiple Observatories,14386.00000000000,11.8,,572.0911326,,,15.2528
HD 141004 b,HD 141004,1,1,2021,Radial Velocity,Multiple Observatories,15.5083,0.1238,,13.63483866,,5885.38,11.8148
HD 141399 b,HD 141399,1,4,2014,Radial Velocity,Multiple Observatories,94.44,0.415,,143.34133,,5600,37.0169
HD 141399 c,HD 141399,1,4,2014,Radial Velocity,Multiple Observatories,201.99,0.689,,422.7139,,5600,37.0169
HD 141399 d,HD 141399,1,4,2014,Radial Velocity,Multiple Observatories,1069.8,2.09,,375.0394,,5600,37.0169
HD 141399 e,HD 141399,1,4,2014,Radial Velocity,Multiple Observatories,5000,5,,209.7678,,5600,37.0169
HD 141937 b,HD 141937,1,1,2002,Radial Velocity,La Silla Observatory,662.37,1.54,,3591.460999,,5870,33.3622
HD 142 A d,HD 142,2,3,2022,Radial Velocity,Multiple Observatories,108.45299,0.474,,82.63538582,,,26.1853
HD 142 b,HD 142,2,3,2001,Radial Velocity,Anglo-Australian Telescope,351.43394,1.039,,396.9676803,,,26.1853
HD 142 c,HD 142,2,3,2012,Radial Velocity,Anglo-Australian Telescope,10159.64279000000,9.811,,3464.647465,,,26.1853
HD 142022 A b,HD 142022 A,2,1,2005,Radial Velocity,La Silla Observatory,1928,2.93,,1411.1652,,5421,34.2802
HD 142245 b,HD 142245,3,1,2011,Radial Velocity,W. M. Keck Observatory,1299,2.78,,975.7381,,4922,97.2305
HD 142415 b,HD 142415,1,1,2003,Radial Velocity,La Silla Observatory,386.29999,1.06,,530.7761,,5940,35.5318
HD 143105 b,HD 143105,1,1,2016,Radial Velocity,Haute-Provence Observatory,2.1974,0.0379,,384.5743,,6380,46.7789
HD 143361 b,HD 143361,1,1,2008,Radial Velocity,Las Campanas Observatory,1039.15,1.988,,1122.57556,,5507,68.5146
HD 143811 AB b,HD 143811 A,2,1,2025,Imaging,Paranal Observatory,117000.00000000000,63,15.69257298,1938.753283,,6791,136.608
HD 144899 b,HD 144899,1,1,2022,Radial Velocity,Multiple Observatories,40.43914,0.242,,20.34101805,,,115.665
HD 145377 b,HD 145377,1,1,2008,Radial Velocity,La Silla Observatory,103.95,0.45,,1913.3366,,6014,53.4884
HD 145457 b,HD 145457,1,1,2010,Radial Velocity,Subaru Telescope,176.13,0.762,,888.0125692,,4757,135.292
HD 145675 c,14 Her,1,2,2021,Radial Velocity,Multiple Observatories,,20,,2510.844415,,,17.9323
HD 145934 b,HD 145934,1,1,2015,Radial Velocity,W. M. Keck Observatory,2751.53433,4.89,,658.5404593,,,227.881
HD 1461 b,HD 1461,1,2,2010,Radial Velocity,W. M. Keck Observatory,5.77152,0.0634,,6.44,,5765,23.4534
HD 1461 c,HD 1461,1,2,2015,Radial Velocity,La Silla Observatory,13.5052,0.1117,,5.59,,5765,23.4534
HD 147018 b,HD 147018,1,2,2009,Radial Velocity,La Silla Observatory,44.236,0.2388,,674,,5441,40.4256
HD 147018 c,HD 147018,1,2,2009,Radial Velocity,La Silla Observatory,1008,1.922,,2080,,5441,40.4256
HD 147379 b,HD 147379,2,1,2017,Radial Velocity,Calar Alto Observatory,86.58,,,21.6,,4090,10.7643
HD 147513 b,HD 147513,2,1,2003,Radial Velocity,La Silla Observatory,528.4,1.32,,385,,5883,12.9032
HD 14787 b,HD 14787,1,1,2018,Radial Velocity,W. M. Keck Observatory,676.6,1.7,,356.28743,,4946,119.137
HD 147873 b,HD 147873,2,2,2016,Radial Velocity,Multiple Observatories,116.596,0.522,,1633.6462,,5972,109.055
HD 147873 c,HD 147873,2,2,2016,Radial Velocity,Multiple Observatories,491.54,1.36,,731.009,,5972,109.055
HD 148156 b,HD 148156,1,1,2009,Radial Velocity,La Silla Observatory,1027,2.45,,270.144,,6308,57.1289
HD 148164 b,HD 148164,1,2,2018,Radial Velocity,W. M. Keck Observatory,328.55,0.993,,390.9309,,6032,77.1971
HD 148164 c,HD 148164,1,2,2018,Radial Velocity,W. M. Keck Observatory,5062,6.15,,1640.0028,,6032,77.1971
HD 148427 b,HD 148427,1,1,2009,Radial Velocity,Lick Observatory,331.9,1.11,,381.3940884,,5025,71.3499
HD 149026 b,HD 149026,1,1,2005,Radial Velocity,Subaru Telescope,2.87589,,8.29466,120.7754,,6179,75.8643
HD 149143 b,HD 149143,1,1,2005,Radial Velocity,Haute-Provence Observatory,4.07182,0.053,,422.7139,,5856,73.2801
HD 149806 b,HD 149806,1,1,2022,Radial Velocity,Multiple Observatories,16521.52778000000,12.404,,4003.684443,,,20.2727
HD 150010 b,HD 150010,1,1,2022,Radial Velocity,Bohyunsan Optical Astronomical Observatory,562,1.4,,762.7881768,,4153,144.49
HD 1502 b,HD 1502,1,1,2011,Radial Velocity,W. M. Keck Observatory,428.5,1.262,,874.0325,,4947,190.953
HD 150706 b,HD 150706,1,1,2012,Radial Velocity,Haute-Provence Observatory,5894,6.7,,861.28,,5961,28.2697
HD 151450 b,HD 151450,1,2,2022,Radial Velocity,Multiple Observatories,21.89288,0.16,,38.45723725,,,43.6002
HD 151450 c,HD 151450,1,2,2022,Radial Velocity,Multiple Observatories,18144.76236000000,14.131,,1636.180639,,,43.6002
HD 152079 b,HD 152079,1,1,2009,Radial Velocity,Las Campanas Observatory,2918.92,4.187,,845.74563,,5907,87.8888
HD 152581 b,HD 152581,1,1,2011,Radial Velocity,W. M. Keck Observatory,686.5,1.66,,594.02427,,5027,165.76
HD 152843 b,HD 152843,1,2,2021,Transit,Transiting Exoplanet Survey Satellite (TESS),11.62071,0.1049,3.05,9.82,,6310,107.898
HD 152843 c,HD 152843,1,2,2021,Transit,Transiting Exoplanet Survey Satellite (TESS),19.502104,0.1482,5.94,9.67,,6310,107.898
HD 15337 b,HD 15337,1,2,2019,Transit,Transiting Exoplanet Survey Satellite (TESS),4.7559804,,1.77,6.519,,5131,44.8155
HD 15337 c,HD 15337,1,2,2019,Transit,Transiting Exoplanet Survey Satellite (TESS),17.180546,,2.526,6.792,,5131,44.8155
HD 153557 b,HD 153557,1,3,2022,Radial Velocity,Multiple Observatories,7.29903,0.068,,20.34101805,,,17.9412
HD 153557 c,HD 153557,1,3,2022,Radial Velocity,Multiple Observatories,15.27018,0.111,,17.48056238,,,17.9412
HD 153557 d,HD 153557,1,3,2022,Radial Velocity,Multiple Observatories,40654.64809000000,21.449,,8725.661086,,,17.9412
HD 153950 b,HD 153950,1,1,2008,Radial Velocity,La Silla Observatory,499.39999,1.28,,937.5985,,6124,48.4549
HD 154088 b,HD 154088,1,1,2021,Radial Velocity,La Silla Observatory,18.56,0.134,,6.6,,5374,18.2692
HD 154345 b,HD 154345,1,1,2006,Radial Velocity,W. M. Keck Observatory,3280,4.158,,376.9444907,,,18.284
HD 154391 b,HD 154391,1,1,2023,Radial Velocity,Multiple Observatories,5163,7.46,,2892.238504,,4909,100.947
HD 154672 b,HD 154672,1,1,2008,Radial Velocity,Las Campanas Observatory,163.94,0.6,,1706.7471,,5743,63.0484
HD 154857 b,HD 154857,1,2,2004,Radial Velocity,Anglo-Australian Telescope,408.60001,1.29,,778.6835,,5589,63.4482
HD 154857 c,HD 154857,1,2,2014,Radial Velocity,Anglo-Australian Telescope,3452,5.36,,819.97,,5605,63.4482
HD 155193 b,HD 155193,1,1,2021,Radial Velocity,Haute-Provence Observatory,352.65,1.04,,238.3713053,,6239,57.7995
HD 155358 b,HD 155358,1,2,2007,Radial Velocity,McDonald Observatory,194.3,0.63,,314.6517,,5905,43.6197
HD 155358 c,HD 155358,1,2,2007,Radial Velocity,McDonald Observatory,391.9,1.02,,261,,5900,43.6197
HD 155918 b,HD 155918,1,2,2022,Radial Velocity,Multiple Observatories,1.87567,0.03,,7.62788177,,,27.561
HD 155918 c,HD 155918,1,2,2022,Radial Velocity,Multiple Observatories,17202.19446000000,13.183,,1878.048057,,,27.561
HD 156098 b,HD 156098,1,2,2022,Radial Velocity,Multiple Observatories,21.85849,0.167,,15.89142035,,,48.249
HD 156098 c,HD 156098,1,2,2022,Radial Velocity,Multiple Observatories,7841.5839,8.415,,1661.606912,,,48.249
HD 156279 b,HD 156279,1,2,2011,Radial Velocity,Haute-Provence Observatory,133.40355,0.502,,2997.757535,,,36.1945
HD 156279 c,HD 156279,1,2,2016,Radial Velocity,W. M. Keck Observatory,4818.25358,5.486,,3098.826968,,,36.1945
HD 156411 b,HD 156411,1,1,2009,Radial Velocity,La Silla Observatory,842.2,1.88,,235.18,,5900,56.8655
HD 156668 b,HD 156668,1,2,2010,Radial Velocity,W. M. Keck Observatory,4.6455,0.05,,4.15,,4850,24.3323
HD 156668 c,HD 156668,1,2,2021,Radial Velocity,Multiple Observatories,811.3,1.57,,31.49679513,,4903.69,24.3323
HD 156846 b,HD 156846,2,1,2007,Radial Velocity,La Silla Observatory,359.51001,1.12,,3391.2461,,6090,47.7332
HD 158038 b,HD 158038,1,1,2011,Radial Velocity,W. M. Keck Observatory,521,1.5,,486.2799,,4860,94.8625
HD 158259 b,HD 158259,1,5,2020,Radial Velocity,Haute-Provence Observatory,2.178,,,2.22,,,27.0498
HD 158259 c,HD 158259,1,5,2020,Radial Velocity,Haute-Provence Observatory,3.432,,,5.6,,,27.0498
HD 158259 d,HD 158259,1,5,2020,Radial Velocity,Haute-Provence Observatory,5.1980814,,,5.41,,,27.0498
HD 158259 e,HD 158259,1,5,2020,Radial Velocity,Haute-Provence Observatory,7.951,,,6.08,,,27.0498
HD 158259 f,HD 158259,1,5,2020,Radial Velocity,Haute-Provence Observatory,12.028,,,6.14,,,27.0498
HD 158996 b,HD 158996,1,1,2018,Radial Velocity,Bohyunsan Optical Astronomical Observatory,820.2,2.1,,4449.62,,4069,283.659
HD 15906 b,HD 15906,1,2,2023,Transit,Transiting Exoplanet Survey Satellite (TESS),10.924709,0.09,2.24,,668,4757,45.5621
HD 15906 c,HD 15906,1,2,2023,Transit,Transiting Exoplanet Survey Satellite (TESS),21.583298,0.141,2.93,,532,4757,45.5621
HD 159243 b,HD 159243,1,2,2013,Radial Velocity,Haute-Provence Observatory,12.62,0.11,,359.13,,6123,73.3055
HD 159243 c,HD 159243,1,2,2013,Radial Velocity,Haute-Provence Observatory,248.4,0.8,,603.9,,6123,73.3055
HD 159868 b,HD 159868,1,2,2006,Radial Velocity,Anglo-Australian Telescope,1184.1,2.32,,704.94694,,5534,55.8503
HD 159868 c,HD 159868,1,2,2012,Radial Velocity,Anglo-Australian Telescope,351,1.032,,244.09344,,5534,55.8503
HD 1605 b,HD 1605,1,2,2015,Radial Velocity,Multiple Observatories,577.2,1.492,,296.85322,,4915,88.8047
HD 1605 c,HD 1605,1,2,2015,Radial Velocity,Multiple Observatories,2149,3.584,,1150.5446,,4915,88.8047
HD 160691 b,HD 160691,1,4,2000,Radial Velocity,Anglo-Australian Telescope,645,,,1366.66215,,5773,15.5981
HD 160691 c,HD 160691,1,4,2004,Radial Velocity,Anglo-Australian Telescope,3947,,,1398.444991,,5773,15.5981
HD 160691 d,HD 160691,1,4,2004,Radial Velocity,La Silla Observatory,9.6392,,,,,5773,15.5981
HD 160691 e,HD 160691,1,4,2006,Radial Velocity,La Silla Observatory,307.9,,,2224.798849,,5773,15.5981
HD 161178 b,HD 161178,1,1,2021,Radial Velocity,Okayama Astrophysical Observatory,279.3,0.85,,181.162192,,4786,107.188
HD 16141 b,HD 16141,2,1,2000,Radial Velocity,W. M. Keck Observatory,75.523,0.36,,82.6358,,5757,37.7861
HD 16175 b,HD 16175,1,1,2009,Radial Velocity,Lick Observatory,990,2.12,,1620.933,,5981,59.859
HD 162020 b,HD 162020,1,1,2002,Radial Velocity,La Silla Observatory,8.4282,0.08,,3127.4472,,4723,30.8248
HD 163607 b,HD 163607,1,2,2012,Radial Velocity,W. M. Keck Observatory,75.2203,0.362,,249.051588,,5522,67.7855
HD 163607 c,HD 163607,1,2,2012,Radial Velocity,W. M. Keck Observatory,1272,2.39,,699.54383,,5522,67.7855
HD 16417 b,HD 16417,2,1,2008,Radial Velocity,Anglo-Australian Telescope,17.24,0.14,,22.1,,,25.3936
HD 164509 b,HD 164509,2,1,2012,Radial Velocity,W. M. Keck Observatory,280.17,0.87,,140.79869,,5859,53.1119
HD 164595 b,HD 164595,2,1,2015,Radial Velocity,Haute-Provence Observatory,40,0.23,,16.14,,5790,28.254
HD 164604 b,HD 164604,1,2,2009,Radial Velocity,Las Campanas Observatory,653.9,1.362,,4195.334972,,4663,39.3633
HD 164604 c,HD 164604,1,2,2026,Radial Velocity,Las Campanas Observatory,5387,5.556,,3019.369867,,4663,39.3633
HD 164922 b,HD 164922,1,4,2005,Radial Velocity,W. M. Keck Observatory,1207,2.16,,116,,5390,22.0016
HD 164922 c,HD 164922,1,4,2016,Radial Velocity,Multiple Observatories,75.74,0.341,,13,,5390,22.0016
HD 164922 d,HD 164922,1,4,2020,Radial Velocity,Roque de los Muchachos Observatory,12.458,0.103,,4,,5390,22.0016
HD 164922 e,HD 164922,1,4,2021,Radial Velocity,Multiple Observatories,41.763,0.2292,,10.52012027,,5393.43,22.0016
HD 165131 b,HD 165131,1,1,2023,Radial Velocity,Multiple Facilities,2342.6,3.54,,5943.391211,,5870,57.4263
HD 165155 b,HD 165155,1,1,2016,Radial Velocity,Multiple Observatories,434.5,1.13,,918.5287,,5426,63.3574
HD 1666 b,HD 1666,1,1,2015,Radial Velocity,Multiple Observatories,270,0.94,,2040,,6317,117.908
HD 166724 b,HD 166724,1,1,2012,Radial Velocity,La Silla Observatory,5144,5.42,,1121.89,,5127,45.1342
HD 167042 b,HD 167042,1,1,2007,Radial Velocity,Lick Observatory,417.67,1.22,,444.0062846,,4919,49.6633
HD 16760 b,HD 16760,1,1,2009,Radial Velocity,Multiple Facilities,466.08,1.156,,6833.310751,,5518,50.17561
HD 167677 b,HD 167677,1,1,2023,Radial Velocity,Multiple Facilities,1820,2.877,,905.81096,,5474,54.3258
HD 167768 b,HD 167768,1,1,2022,Radial Velocity,Okayama Astrophysical Observatory,20.6532,0.1512,,270.154146,,4851,107.214
HD 168009 b,HD 168009,1,1,2021,Radial Velocity,Multiple Observatories,15.1479,0.1192,,9.53485221,,5778.33,23.3032
HD 168443 b,HD 168443,1,2,1998,Radial Velocity,W. M. Keck Observatory,58.11187,0.292,,2424.395089,,,39.6245
HD 168443 c,HD 168443,1,2,2000,Radial Velocity,W. M. Keck Observatory,1753.1096,2.842,,5500.338412,,,39.6245
HD 168746 b,HD 168746,1,1,2002,Radial Velocity,La Silla Observatory,6.404,0.07,,85.8141,,5570,41.5681
HD 168863 b,HD 168863,1,1,2022,Radial Velocity,Multiple Observatories,14773.93272000000,10.961,,2154.876599,,,39.8979
HD 1690 b,HD 1690,1,1,2010,Radial Velocity,La Silla Observatory,533,1.36,,2793.7257,,4374,752.615
HD 16905 b,HD 16905,1,1,2022,Radial Velocity,Multiple Observatories,10256.00000000000,8.8,,3591.460999,,,39.7401
HD 169142 b,HD 169142,1,1,2023,Imaging,Paranal Observatory,,37.2,,953.485221,,,113.6
HD 169830 b,HD 169830,1,2,2000,Radial Velocity,La Silla Observatory,225.67372,0.765,,804.4236981,,,37.6048
HD 169830 c,HD 169830,1,2,2003,Radial Velocity,La Silla Observatory,1818.82339,3.075,,2437.426053,,,37.6048
HD 170469 b,HD 170469,2,1,2007,Radial Velocity,W. M. Keck Observatory,1145,2.24,,209.7678,,5842,60.178
HD 17092 b,HD 17092,1,1,2007,Radial Velocity,McDonald Observatory,359.89999,1.31,,3219.6179,,4326,228.422
HD 171028 b,HD 171028,1,1,2007,Radial Velocity,La Silla Observatory,550,1.32,,832.7146,,5671,111.659
HD 171238 b,HD 171238,1,1,2009,Radial Velocity,La Silla Observatory,1515,2.518,,2796.889982,,,44.8113
HD 17156 b,HD 17156,1,1,2007,Radial Velocity,Subaru Telescope,21.2164294,0.1632,12.26262489,1036.120607,888,6046,78.0863
HD 173416 b,HD 173416,1,1,2008,Radial Velocity,Xinglong Station,322.03,1.158,,585.1220973,,4683,132.184
HD 174205 b,HD 174205,1,1,2022,Radial Velocity,Bohyunsan Optical Astronomical Observatory,582,1.7,,1334.879309,,4308,234.027
HD 175167 b,HD 175167,1,1,2009,Radial Velocity,Las Campanas Observatory,1175,,,4703.860424,,,71.0863
HD 175541 b,HD 175541,1,1,2007,Radial Velocity,W. M. Keck Observatory,298.43,0.975,,190.06234,,5013,129.603
HD 175607 b,HD 175607,1,1,2015,Radial Velocity,La Silla Observatory,29.01,,,8.98,,5392,40.3303
HD 17674 b,HD 17674,1,1,2017,Radial Velocity,Haute-Provence Observatory,623.8,1.42,,276.5121,,5904,44.4264
HD 176986 b,HD 176986,1,3,2017,Radial Velocity,Multiple Observatories,6.49164,0.062956,,5.36,767,4931,27.7843
HD 176986 c,HD 176986,1,3,2017,Radial Velocity,Multiple Observatories,16.8124,0.11873,,9.75,558,4931,27.7843
HD 176986 d,HD 176986,1,3,2026,Radial Velocity,Multiple Observatories,61.376,0.28149,,6.76,363,4931,27.7843
HD 177565 b,HD 177565,1,1,2017,Radial Velocity,La Silla Observatory,44.505,0.246,,15.1,,,16.9179
HD 177830 b,HD 177830,2,2,1999,Radial Velocity,W. M. Keck Observatory,410.10001,1.14,,537.1327,,4901,62.7674
HD 177830 c,HD 177830,2,2,2010,Radial Velocity,W. M. Keck Observatory,110.9,0.5137,,47.6725,,4949,62.7674
HD 178911 B b,HD 178911 B,3,1,2001,Radial Velocity,W. M. Keck Observatory,71.484,0.34,,2552.1749,,5588,40.9727
HD 179079 b,HD 179079,1,1,2008,Radial Velocity,W. M. Keck Observatory,14.479,0.1214,,25.74423,,5646,69.7116
HD 179949 b,HD 179949,1,1,2000,Radial Velocity,Anglo-Australian Telescope,3.092514,0.0443,,291.12,,6168,27.4573
HD 180053 b,HD 180053,1,1,2018,Radial Velocity,W. M. Keck Observatory,213.72,0.843,,697.31902,,5131,137.043
HD 18015 b,HD 18015,1,1,2018,Radial Velocity,W. M. Keck Observatory,2278,3.87,,1010.6994,,5603,123.801
HD 180314 b,HD 180314,1,1,2010,Radial Velocity,Subaru Telescope,394.73,1.448,,7216.929638,,4917,122.362
HD 180617 b,HD 180617,2,1,2018,Radial Velocity,Calar Alto Observatory,105.911,0.343,,12.214,,3534,5.91059
HD 180902 b,HD 180902,2,1,2009,Radial Velocity,W. M. Keck Observatory,510.9,1.4,,535.54355,,4961,104.577
HD 181234 b,HD 181234,1,1,2019,Radial Velocity,La Silla Observatory,7593.40512,7.427,,2980.912629,,,47.7458
HD 181342 b,HD 181342,1,1,2009,Radial Velocity,W. M. Keck Observatory,564.1,1.592,,807.2882,,4945,120.391
HD 18143 b,HD 18143,1,2,2022,Radial Velocity,Multiple Observatories,10.2851,0.088,,10.80616584,,,22.5243
HD 18143 c,HD 18143,1,2,2022,Radial Velocity,Multiple Observatories,28982.41764000000,17.53,,3177.648413,,,22.5243
HD 181433 b,HD 181433,1,3,2008,Radial Velocity,La Silla Observatory,9.3745,0.0828,,7.22,,,26.8762
HD 181433 c,HD 181433,1,3,2008,Radial Velocity,La Silla Observatory,1018.5,1.885,,235.5,,,26.8762
HD 181433 d,HD 181433,1,3,2008,Radial Velocity,La Silla Observatory,6896.1,6.74,,206.91,,,26.8762
HD 181720 b,HD 181720,1,1,2009,Radial Velocity,La Silla Observatory,956,1.85,,127.132,,5736,60.2046
HD 183263 b,HD 183263,1,2,2004,Radial Velocity,W. M. Keck Observatory,624.87404,1.46,,1103.182401,,,54.1955
HD 183263 c,HD 183263,1,2,2008,Radial Velocity,W. M. Keck Observatory,4667.97841,5.585,,2958.982469,,,54.1955
HD 183579 b,HD 183579,1,1,2021,Transit,Transiting Exoplanet Survey Satellite (TESS),17.471291,0.1322,3.49,20.4,752,5784,57.2651
HD 184010 b,HD 184010,1,3,2022,Radial Velocity,Okayama Astrophysical Observatory,286.6,0.94,,98.52680617,,4971,60.7993
HD 184010 c,HD 184010,1,3,2022,Radial Velocity,Okayama Astrophysical Observatory,484.3,1.334,,95.3485221,,4971,60.7993
HD 184010 d,HD 184010,1,3,2022,Radial Velocity,Okayama Astrophysical Observatory,836.4,1.92,,143.0227832,,4971,60.7993
HD 18438 b,HD 18438,1,1,2023,Radial Velocity,Bohyunsan Optical Astronomical Observatory,803,2.1,,6674.396547,,3860,224.146
HD 185269 b,HD 185269,3,1,2006,Radial Velocity,Lick Observatory,6.83776,0.077,,321.0083,,5923,51.9917
HD 185283 b,HD 185283,1,1,2023,Radial Velocity,La Silla Observatory,4060,4.6,,413.1769291,,,31.395
HD 18599 b,HD 18599,2,1,2022,Transit,Transiting Exoplanet Survey Satellite (TESS),4.1374354,0.048,2.6,24.1,,5145,38.5653
HD 187085 b,HD 187085,1,1,2006,Radial Velocity,Anglo-Australian Telescope,1019.74,2.1,,265.70588,,6117,45.8993
HD 187123 b,HD 187123,1,2,1998,Radial Velocity,W. M. Keck Observatory,3.0965828,0.0426,,166.218,,5790,45.9548
HD 187123 c,HD 187123,1,2,2008,Radial Velocity,W. M. Keck Observatory,3810,4.89,,632.46,,5790,45.9548
HD 18742 b,HD 18742,1,1,2011,Radial Velocity,W. M. Keck Observatory,766,1.82,,1080.622,,4940,162.685
HD 188015 b,HD 188015,2,1,2004,Radial Velocity,W. M. Keck Observatory,461.2,1.203,,476.72,,5746,50.6706
HD 188641 b,HD 188641,1,1,2022,Radial Velocity,Multiple Observatories,14583.81038000000,12.027,,9333.031172,,,64.3399
HD 189567 b,HD 189567,1,2,2021,Radial Velocity,La Silla Observatory,14.288,0.111,,8.5,,5726,17.9055
HD 189567 c,HD 189567,1,2,2021,Radial Velocity,La Silla Observatory,33.688,0.197,,7,,5726,17.9055
HD 189733 b,HD 189733,2,1,2005,Radial Velocity,Haute-Provence Observatory,2.21857567,,12.66617,359.1479,,5052,19.7638
HD 190007 b,HD 190007,1,1,2020,Radial Velocity,Multiple Observatories,11.724128,,,15.5,,4610,12.7141
HD 190228 b,HD 190228,1,1,2022,Radial Velocity,Multiple Observatories,1143.59858,2.406,,1598.676887,,,62.7146
HD 190360 b,HD 190360,2,3,2003,Radial Velocity,Haute-Provence Observatory,2887.5,3.965,,537,,5560,16.0069
HD 190360 c,HD 190360,2,3,2005,Radial Velocity,W. M. Keck Observatory,17.11625,0.1298,,26.2,,5560,16.0069
HD 190360 d,HD 190360,2,3,2026,Radial Velocity,Multiple Facilities,88.69,0.3886,,11.9,,5560,16.0069
HD 190647 b,HD 190647,1,1,2007,Radial Velocity,La Silla Observatory,1176.45,2.231,,630.89255,,5656,54.4738
HD 190984 b,HD 190984,1,1,2009,Radial Velocity,La Silla Observatory,4885,5.5,,985.2,,5988,148.187
HD 191806 b,HD 191806,1,1,2016,Radial Velocity,Haute-Provence Observatory,1603.38923,2.749,,2966.610351,,,65.6668
HD 191939 b,HD 191939,1,6,2020,Transit,Transiting Exoplanet Survey Satellite (TESS),8.8803256,0.0804,3.41,10,880,5348,53.6089
HD 191939 c,HD 191939,1,6,2020,Transit,Transiting Exoplanet Survey Satellite (TESS),28.579743,0.1752,3.195,8,600,5348,53.6089
HD 191939 d,HD 191939,1,6,2020,Transit,Transiting Exoplanet Survey Satellite (TESS),38.353037,0.2132,2.995,2.8,540,5348,53.6089
HD 191939 e,HD 191939,1,6,2022,Radial Velocity,W. M. Keck Observatory,101.12,0.407,,112.2,390,5348,53.6089
HD 191939 f,HD 191939,1,6,2022,Radial Velocity,W. M. Keck Observatory,2898,3.71,,915.3458122,,5348,53.6089
HD 191939 g,HD 191939,1,6,2022,Radial Velocity,Multiple Observatories,284,0.812,,13.5,278,5348,53.6089
HD 192263 b,HD 192263,1,1,1999,Radial Velocity,La Silla Observatory,24.3556,0.15,,177.9848,,4976,19.6359
HD 192310 b,HD 192310,1,2,2011,Radial Velocity,La Silla Observatory,74.72,0.32,,16.9,355,5166,8.79687
HD 192310 c,HD 192310,1,2,2011,Radial Velocity,La Silla Observatory,525.8,1.18,,24,185,5166,8.79687
HD 192699 b,HD 192699,1,1,2007,Radial Velocity,Lick Observatory,340.94,1.063,,666.17168,,5041,71.8627
HD 194490 b,HD 194490,1,1,2022,Radial Velocity,Multiple Observatories,13092.18348000000,11.116,,3561.902957,,,80.2349
HD 195019 b,HD 195019,2,1,1998,Radial Velocity,Lick Observatory,18.20132,0.14,,1264.9634,,5751,37.6681
HD 196050 b,HD 196050,3,1,2002,Radial Velocity,Anglo-Australian Telescope,1392,2.65,,1493.793513,,,50.6742
HD 196067 b,HD 196067,2,2,2012,Radial Velocity,La Silla Observatory,3413.7,4.71,,3623.24384,,6072,39.9346
HD 196067 c,HD 196067,2,2,2025,Radial Velocity,La Silla Observatory,4.601088,,,10.4,,6072,39.9346
HD 19615 b,HD 19615,1,1,2022,Radial Velocity,Bohyunsan Optical Astronomical Observatory,402,1.1,,2701.54146,,4263,265.155
HD 196885 A b,HD 196885 A,2,1,2007,Radial Velocity,Haute-Provence Observatory,1333,2.37,,819.97,,6254,34.1692
HD 197037 b,HD 197037,2,1,2012,Radial Velocity,McDonald Observatory,1035.7,2.07,,251,,6150,33.1944
HD 199509 b,HD 199509,1,1,2022,Radial Velocity,Multiple Observatories,99.62167,0.426,,43.22466335,,,24.3056
HD 19994 b,HD 19994,3,1,2003,Radial Velocity,La Silla Observatory,466.2,1.305,,435.41,,6188,22.5242
HD 20003 b,HD 20003,1,2,2019,Radial Velocity,La Silla Observatory,11.8482,0.0974,,11.66,,5494,41.8316
HD 20003 c,HD 20003,1,2,2019,Radial Velocity,La Silla Observatory,33.9239,0.1964,,14.44,,5494,41.8316
HD 200964 b,HD 200964,1,2,2010,Radial Velocity,Lick Observatory,606.3,1.565,,508.21017,,4982,72.5922
HD 200964 c,HD 200964,1,2,2010,Radial Velocity,Lick Observatory,852.5,1.96,,385.84562,,4982,72.5922
HD 202206 b,HD 202206,1,2,2026,Radial Velocity,La Silla Observatory,256.26,0.81,,6849.202171,,5764.23,45.9665
HD 202206 c,HD 202206,1,2,2004,Radial Velocity,La Silla Observatory,1299.22,2.39,,982.0897776,,5764.23,45.9665
HD 202696 b,HD 202696,1,2,2019,Radial Velocity,W. M. Keck Observatory,517.8,1.566,,634.38868,,5040,188.546
HD 202696 c,HD 202696,1,2,2019,Radial Velocity,W. M. Keck Observatory,946.6,2.342,,592.43512,,5040,188.546
HD 202772 A b,HD 202772 A,2,1,2019,Transit,Transiting Exoplanet Survey Satellite (TESS),3.3088775,0.05208,18.2370116,323.5493183,2181,6442,161.498
HD 203030 b,HD 203030,1,1,2006,Imaging,Palomar Observatory,,,14.4595851,3496.112477,1040,,39.2503
HD 20329 b,HD 20329,1,1,2022,Transit,Transiting Exoplanet Survey Satellite (TESS),0.926118,0.018,1.72,7.42,2141,5596,63.6796
HD 203387 b,HD 203387,1,2,2022,Radial Velocity,Multiple Observatories,512.5352,1.771,,1106.042856,,,61.7477
HD 203387 c,HD 203387,1,2,2022,Radial Velocity,Multiple Observatories,2481.07227,5.067,,2378.945626,,,61.7477
HD 2039 b,HD 2039,1,1,2002,Radial Velocity,Anglo-Australian Telescope,1120,2.2,,1999.1507,,5945,85.6922
HD 204313 b,HD 204313,1,3,2010,Radial Velocity,La Silla Observatory,2041.11539,3.185,,1466.778098,,,47.7945
HD 204313 c,HD 204313,1,3,2015,Radial Velocity,La Silla Observatory,34.95875,0.211,,17.16273398,,,47.7945
HD 204313 e,HD 204313,1,3,2022,Radial Velocity,Multiple Observatories,7325.64666,7.457,,4868.17771,,,47.7945
HD 204941 b,HD 204941,2,1,2011,Radial Velocity,La Silla Observatory,1733,2.55,,73.1009,,5026,28.7165
HD 205158 b,HD 205158,1,1,2022,Radial Velocity,Multiple Observatories,25.33798,0.177,,124.5887355,,,86.6159
HD 205739 b,HD 205739,1,1,2008,Radial Velocity,Las Campanas Observatory,279.8,0.896,,435.41,,6176,92.5087
HD 206255 b,HD 206255,1,1,2019,Radial Velocity,Las Campanas Observatory,96.045,0.461,,34.2,,5635,75.2363
HD 206610 b,HD 206610,1,1,2009,Radial Velocity,W. M. Keck Observatory,673.2,1.74,,647.10188,,4842,147.192
HD 206893 b,HD 206893,1,2,2021,Imaging,Gemini Observatory,11100.00000000000,10.75,,6197.653937,,,40.7583
HD 206893 c,HD 206893,1,2,2022,Imaging,European Southern Observatory,2290,3.74,,3527.895318,,,40.7583
HD 207496 b,HD 207496,1,1,2023,Transit,Transiting Exoplanet Survey Satellite (TESS),6.441008,0.0629,2.25,6.1,743,4819,23.606
HD 20781 b,HD 20781,2,5,2019,Radial Velocity,La Silla Observatory,5.3135,0.0529,,1.93,,5256,35.9715
HD 20781 c,HD 20781,2,5,2019,Radial Velocity,La Silla Observatory,13.8905,0.1004,,5.33,,5256,35.9715
HD 20781 d,HD 20781,2,5,2019,Radial Velocity,La Silla Observatory,29.158,0.1647,,10.61,,5256,35.9715
HD 20781 e,HD 20781,2,5,2019,Radial Velocity,La Silla Observatory,85.5073,0.3374,,14.03,,5256,35.9715
HD 20782 b,HD 20782,2,5,2006,Radial Velocity,Anglo-Australian Telescope,597.0643,1.3649,,472.83,,5782.13,35.9864
HD 207832 b,HD 207832,3,2,2012,Radial Velocity,W. M. Keck Observatory,160.07,0.586,,177.9848,,5726,58.9291
HD 207832 c,HD 207832,3,2,2012,Radial Velocity,W. M. Keck Observatory,1155.7,2.112,,232.0159,,5710,58.9291
HD 207897 b,HD 207897,1,1,2021,Transit,Transiting Exoplanet Survey Satellite (TESS),16.20166,0.117,2.34302132,14.8,581.75,5106,28.2938
HD 20794 b,HD 20794,1,4,2011,Radial Velocity,La Silla Observatory,18.314,0.1257,,2.15,,5368,6.00278
HD 20794 d,HD 20794,1,4,2011,Radial Velocity,La Silla Observatory,89.68,0.3625,,2.98,,5368,6.00278
HD 20794 e,HD 20794,1,4,2017,Radial Velocity,La Silla Observatory,147.02,0.509,,4.77,,,6.00278
HD 20794 f,HD 20794,1,4,2025,Radial Velocity,Multiple Observatories,647.6,1.3541,,5.82,,5368,6.00278
HD 208487 b,HD 208487,1,1,2004,Radial Velocity,Anglo-Australian Telescope,129.36,0.53,,146.2010672,,6134,45.147
HD 208527 b,HD 208527,1,1,2012,Radial Velocity,Bohyunsan Optical Astronomical Observatory,875.5,2.1,,3146.4,,4035,312.202
HD 20868 b,HD 20868,1,1,2008,Radial Velocity,La Silla Observatory,380.85001,0.95,,397.2875,,4802,47.7223
HD 208897 b,HD 208897,1,1,2017,Radial Velocity,Multiple Observatories,358.27,1.063,,379.487118,,4860,67.4872
HD 209458 b,HD 209458,1,1,1999,Radial Velocity,W. M. Keck Observatory,3.52474859,,15.58051,232.0159,,6091,48.3016
HD 210193 b,HD 210193,1,1,2019,Radial Velocity,Las Campanas Observatory,649.918,1.487,,153.1,,5790,42.2029
HD 210277 b,HD 210277,1,1,1998,Radial Velocity,W. M. Keck Observatory,442.19,1.13,,410.0007,,5538,21.2985
HD 210702 b,HD 210702,1,1,2007,Radial Velocity,Lick Observatory,355.5,1.079,,481.5100366,,4912,54.1963
HD 211403 b,HD 211403,1,1,2021,Radial Velocity,Haute-Provence Observatory,223.8,0.768,,1760.769375,380,6273,83.0919
HD 211810 b,HD 211810,1,1,2018,Radial Velocity,W. M. Keck Observatory,1558,2.656,,212.9461,,5652,64.6353
HD 211970 b,HD 211970,1,1,2019,Radial Velocity,Las Campanas Observatory,25.201,0.143,,13,,4127,13.1277
HD 212301 b,HD 212301,2,1,2005,Radial Velocity,La Silla Observatory,2.24571,0.03,,162.0933,,6239,54.2304
HD 212771 b,HD 212771,1,1,2009,Radial Velocity,W. M. Keck Observatory,380.7,1.19,,759.6137,,5003,111.155
HD 213240 b,HD 213240,2,1,2001,Radial Velocity,La Silla Observatory,882.70001,1.89,,1773.4914,,5979,40.8707
HD 213472 b,HD 213472,1,1,2021,Radial Velocity,Multiple Observatories,17000.00000000000,13,,1112.399425,,5729.54,64.4527
HD 213519 b,HD 213519,1,1,2022,Radial Velocity,Multiple Observatories,11.12214,0.099,,9.2170238,,,41.0014
HD 213885 b,HD 213885,1,2,2019,Transit,Transiting Exoplanet Survey Satellite (TESS),1.008035,0.02012,1.745,8.83,2128,5978,48.0883
HD 213885 c,HD 213885,1,2,2019,Radial Velocity,Multiple Observatories,4.78503,0.056798,,19.95,1265.4,5978,48.0883
HD 21411 b,HD 21411,1,1,2019,Radial Velocity,Las Campanas Observatory,84.288,0.362,,65.9,,5605,29.1328
HD 214823 b,HD 214823,2,1,2016,Radial Velocity,Haute-Provence Observatory,1854.84424,3.08,,5914.786654,,,101.368
HD 215152 b,HD 215152,1,4,2018,Radial Velocity,La Silla Observatory,5.75999,0.057638,,1.819,,4935,21.5974
HD 215152 c,HD 215152,1,4,2018,Radial Velocity,La Silla Observatory,7.28243,0.067393,,1.72,,4935,21.5974
HD 215152 d,HD 215152,1,4,2018,Radial Velocity,La Silla Observatory,10.86499,0.08799,,2.801,,4935,21.5974
HD 215152 e,HD 215152,1,4,2018,Radial Velocity,La Silla Observatory,25.1967,0.15417,,2.877,,4935,21.5974
HD 21520 b,HD 21520,1,1,2024,Transit,Transiting Exoplanet Survey Satellite (TESS),25.1292,0.1726,2.697,17.7,637,5871,79.208
HD 215497 b,HD 215497,1,2,2009,Radial Velocity,La Silla Observatory,3.93404,0.05,,6.3566,,5110,40.5468
HD 215497 c,HD 215497,1,2,2009,Radial Velocity,La Silla Observatory,566,1.31,,111.2399425,,,40.5468
HD 216435 b,HD 216435,1,1,2002,Radial Velocity,Anglo-Australian Telescope,1311,2.56,,400.4,,5999,32.9834
HD 216437 b,HD 216437,1,1,2002,Radial Velocity,Anglo-Australian Telescope,1359,2.57,,1334.879309,,,26.6902
HD 216520 b,HD 216520,1,2,2020,Radial Velocity,Multiple Observatories,35.45,0.198,,10.26,,5103,19.552
HD 216520 c,HD 216520,1,2,2020,Radial Velocity,Multiple Observatories,154.43,0.528,,9.44,,5103,19.552
HD 216536 b,HD 216536,1,1,2015,Radial Velocity,McDonald Observatory,148.60001,0.61,,333.7215,,4639,376.233
HD 216770 b,HD 216770,1,1,2003,Radial Velocity,La Silla Observatory,118.45,0.46,,181.1631,,5399,36.6625
HD 21693 b,HD 21693,1,2,2019,Radial Velocity,La Silla Observatory,22.6786,0.1455,,8.23,,5430,33.255
HD 21693 c,HD 21693,1,2,2019,Radial Velocity,La Silla Observatory,53.7357,0.2586,,17.37,,5430,33.255
HD 217107 b,HD 217107,1,2,1998,Radial Velocity,Lick Observatory,7.1270166,0.07359,,459.5798765,,,20.0619
HD 217107 c,HD 217107,1,2,2005,Radial Velocity,Lick Observatory,5138.7,5.922,,1388.910139,,,20.0619
HD 21749 c,GJ 143,1,2,2019,Transit,Transiting Exoplanet Survey Satellite (TESS),7.78993,0.0695,0.892,3.7,701,4640,16.32
HD 217786 b,HD 217786,2,2,2011,Radial Velocity,La Silla Observatory,1301.36009,2.446,,4402.559094,,,55.4847
HD 217786 c,HD 217786,2,2,2022,Radial Velocity,Multiple Observatories,2.52221,0.038,,7.31005336,,,55.4847
HD 217958 b,HD 217958,1,1,2022,Radial Velocity,Multiple Observatories,2560.19774,3.758,,166.5420853,,,61.7957
HD 218566 b,HD 218566,1,1,2010,Radial Velocity,W. M. Keck Observatory,225.7,0.69,,63.566,,4730,28.8274
HD 219077 b,HD 219077,1,1,2012,Radial Velocity,La Silla Observatory,5478.68861,5.935,,3057.509275,,,29.1864
HD 219134 b,HD 219134,1,6,2015,Radial Velocity,Roque de los Muchachos Observatory,3.092926,0.03876,1.602,4.74,1015,4699,6.53127
HD 219134 c,HD 219134,1,6,2015,Radial Velocity,Roque de los Muchachos Observatory,6.76458,0.0653,1.511,4.36,782,4699,6.53127
HD 219134 d,HD 219134,1,6,2015,Radial Velocity,Roque de los Muchachos Observatory,46.859,0.237,1.61,16.17,410.5,4699,6.53127
HD 219134 f,HD 219134,1,6,2015,Radial Velocity,Multiple Observatories,22.717,0.1463,1.31,7.3,522.6,4699,6.53127
HD 219134 g,HD 219134,1,6,2015,Radial Velocity,Multiple Observatories,94.2,0.3753,,10.80622,,4913,6.53127
HD 219134 h,HD 219134,1,6,2015,Radial Velocity,Roque de los Muchachos Observatory,2247,3.11,,108.0622,,4913,6.53127
HD 219139 b,HD 219139,1,1,2021,Radial Velocity,Okayama Astrophysical Observatory,275.5,0.94,,247.9061575,,4831,104.935
HD 219415 b,HD 219415,1,1,2012,Radial Velocity,McDonald Observatory,2093.3,3.2,,317.83,,4820,165.184
HD 219666 b,HD 219666,1,1,2018,Transit,Transiting Exoplanet Survey Satellite (TESS),6.034468,,4.898,17.6,1076,5540,94.1719
HD 219828 b,HD 219828,1,2,2007,Radial Velocity,La Silla Observatory,3.83483,0.049,,19.06970442,,,73.114
HD 219828 c,HD 219828,1,2,2016,Radial Velocity,Multiple Facilities,4789.87297,5.657,,5102.417246,,,73.114
HD 220074 b,HD 220074,1,1,2012,Radial Velocity,Bohyunsan Optical Astronomical Observatory,672.09998,1.6,,5288.6912,,3787,324.54
HD 220197 b,HD 220197,1,1,2018,Radial Velocity,Roque de los Muchachos Observatory,1728,2.729,,63.566,,5683,64.411
HD 220689 b,HD 220689,1,1,2012,Radial Velocity,La Silla Observatory,2266.4,3.396,,355.33394,,5921,46.8778
HD 220773 b,HD 220773,1,1,2011,Radial Velocity,McDonald Observatory,3724.7,4.94,,460.8,,5940,50.5103
HD 220842 b,HD 220842,2,1,2016,Radial Velocity,Haute-Provence Observatory,218.47,0.74,,1010.6994,,5960,64.6498
HD 221287 b,HD 221287,1,1,2007,Radial Velocity,La Silla Observatory,456.1,1.25,,982.05,,6304,55.9231
HD 221416 b,HD 221416,1,1,2019,Transit,Transiting Exoplanet Survey Satellite (TESS),14.2767,0.1228,9.17,60.5,,5080,95.5483
HD 221420 b,HD 221420,1,1,2019,Radial Velocity,Anglo-Australian Telescope,10090.00000000000,10.15,,7278.27052,,5847,31.1415
HD 221585 b,HD 221585,1,1,2016,Radial Velocity,Haute-Provence Observatory,1173,2.306,,511.7063,,5620,55.8535
HD 222076 b,HD 222076,1,1,2016,Radial Velocity,Multiple Observatories,871,1.83,,495.8148,,4806,91.1538
HD 222155 b,HD 222155,1,1,2011,Radial Velocity,Haute-Provence Observatory,3999,5.14,,673.7996,,5701,50.6078
HD 222237 b,HD 222237,1,1,2024,Radial Velocity,Multiple Observatories,14892.00000000000,10.8,,1649.529432,,4751,11.4469
HD 222582 b,HD 222582,2,1,1999,Radial Velocity,W. M. Keck Observatory,572.38,1.34,,2660.2371,,5790,42.1586
HD 224018 b,HD 224018,1,3,2025,Radial Velocity,Roque de los Muchachos Observatory,10.6413,0.0952,0.91,4.1,968,5784,105.48
HD 224018 c,HD 224018,1,3,2025,Transit,K2,36.57669,0.217,2.42,10.4,641,5784,105.48
HD 224018 d,HD 224018,1,3,2025,Transit,K2,138.0731,0.53,2.4,4.2,411,5784,105.48
HD 224538 b,HD 224538,1,1,2016,Radial Velocity,Multiple Observatories,1202.05199,2.375,,2075.737326,,,79.0608
HD 224693 b,HD 224693,1,1,2006,Radial Velocity,W. M. Keck Observatory,26.6904,0.191,,222.481,,5894,93.5015
HD 22496 b,HD 22496,1,1,2021,Radial Velocity,Paranal Observatory,5.09071,0.051,,5.57,573,4385,13.5956
HD 22532 b,HD 22532,1,1,2022,Radial Velocity,La Silla Observatory,872.6,1.9,,673.7962228,,5038,161.183
HD 22781 b,HD 22781,1,1,2011,Radial Velocity,Haute-Provence Observatory,528.07,1.167,,4338.2,,5027,32.6034
HD 22946 d,HD 22946,1,3,2023,Transit,Transiting Exoplanet Survey Satellite (TESS),47.42489,0.2958,2.607,26.57,546,6169,62.7792
HD 23079 b,HD 23079,1,2,2001,Radial Velocity,Anglo-Australian Telescope,735.74,,,845.4235626,,5994,33.4591
HD 23079 c,HD 23079,1,2,2025,Radial Velocity,La Silla Observatory,5.748913,,,8.26,,5994,33.4591
HD 23127 b,HD 23127,1,1,2006,Radial Velocity,Anglo-Australian Telescope,1211.17,2.37,,485.32641,,5843,93.8555
HD 231701 b,HD 231701,1,1,2007,Radial Velocity,W. M. Keck Observatory,141.63,0.567,,359.1479,,6101,108.877
HD 233604 b,HD 233604,1,1,2013,Radial Velocity,McDonald Observatory,192,0.747,,2089.644,,4791,847.058
HD 233832 b,HD 233832,2,1,2018,Radial Velocity,Roque de los Muchachos Observatory,2058,2.827,,565.7374,,4981,58.742
HD 23472 b,HD 23472,1,5,2019,Transit,Transiting Exoplanet Survey Satellite (TESS),17.667087,0.1162,2,8.32,543,4684,39.0341
HD 23472 c,HD 23472,1,5,2019,Transit,Transiting Exoplanet Survey Satellite (TESS),29.79749,0.1646,1.87,3.41,467,4684,39.0341
HD 23472 d,HD 23472,1,5,2022,Transit,Transiting Exoplanet Survey Satellite (TESS),3.97664,0.04298,0.75,0.55,909,4684,39.0341
HD 23472 e,HD 23472,1,5,2022,Transit,Transiting Exoplanet Survey Satellite (TESS),7.90754,0.068,0.818,0.72,723,4684,39.0341
HD 23472 f,HD 23472,1,5,2022,Transit,Transiting Exoplanet Survey Satellite (TESS),12.1621839,0.0906,1.137,0.77,630,4684,39.0341
HD 235088 b,HD 235088,1,1,2023,Transit,Transiting Exoplanet Survey Satellite (TESS),7.4341325,0.0706,1.982,4.15,,5075,41.1706
HD 23596 b,HD 23596,2,1,2003,Radial Velocity,Haute-Provence Observatory,1535.11912,2.694,,3786.607641,,,52.0018
HD 238090 b,HD 238090,1,1,2020,Radial Velocity,Multiple Observatories,13.671,0.0932,,6.89,469.6,3933,15.2354
HD 238914 b,HD 238914,1,1,2018,Radial Velocity,Multiple Observatories,4100,5.7,,1906.98,,4769,519.452
HD 240210 b,HD 240210,1,1,2009,Radial Velocity,McDonald Observatory,501.75,1.16,,1655.82,,4297,372.405
HD 240237 b,HD 240237,1,1,2011,Radial Velocity,McDonald Observatory,745.70001,1.92,,5050.3187,,3926,933.377
HD 24040 b,HD 24040,1,2,2006,Radial Velocity,W. M. Keck Observatory,3668,4.92,,1226.8238,,5802,46.6224
HD 24040 c,HD 24040,1,2,2021,Radial Velocity,Multiple Observatories,515.4,1.3,,63.88350981,,5776.49,46.6224
HD 24064 b,HD 24064,1,1,2015,Radial Velocity,Bohyunsan Optical Astronomical Observatory,535.59998,1.29,,4096.8287,,4052,300.247
HD 24085 b,HD 24085,1,1,2019,Radial Velocity,Las Campanas Observatory,2.0455,0.034,,11.8,,6034,54.9004
HD 25015 b,HD 25015,1,1,2019,Radial Velocity,La Silla Observatory,6134.427,6.248,,2884.92845,,,37.433
HD 25171 b,HD 25171,2,1,2010,Radial Velocity,La Silla Observatory,1802.29,2.971,,290.81445,,6125,55.6146
HD 25463 b,HD 25463,1,2,2023,Transit,Transiting Exoplanet Survey Satellite (TESS),7.0491423,0.076,2.54535814,8.7,1198.46,6353,45.6181
HD 25463 c,HD 25463,1,2,2023,Transit,Transiting Exoplanet Survey Satellite (TESS),3.04405,0.0443,1.36354953,4.3,1585.57,6353,45.6181
HD 25723 b,HD 25723,1,1,2020,Radial Velocity,Lick Observatory,457.01,1.49,,794.5710175,,4766,114.816
HD 25912 b,HD 25912,1,2,2022,Radial Velocity,Multiple Observatories,41.83156,0.242,,38.13940884,,,49.1661
HD 25912 c,HD 25912,1,2,2022,Radial Velocity,Multiple Observatories,26308.65619000000,17.848,,5252.750082,,,49.1661
HD 260655 b,HD 260655,1,2,2022,Transit,Transiting Exoplanet Survey Satellite (TESS),2.76953,0.02933,1.24,2.14,709,3803,10.0055
HD 260655 c,HD 260655,1,2,2022,Transit,Transiting Exoplanet Survey Satellite (TESS),5.70588,0.04749,1.533,3.09,557,3803,10.0055
HD 26161 b,HD 26161,1,1,2021,Radial Velocity,Multiple Observatories,10942.29013000000,10.087,,9045.396463,,,40.9128
HD 2638 b,HD 2638,3,1,2005,Radial Velocity,La Silla Observatory,3.4442,0.04,,133.4886,,5186,54.9621
HD 2685 b,HD 2685,1,1,2019,Transit,Transiting Exoplanet Survey Satellite (TESS),4.12688,0.0568,16.14096,371.8611,2061,6801,196.852
HD 27442 b,HD 27442,2,1,2000,Radial Velocity,Anglo-Australian Telescope,428.1,1.271,,495.8,,4846,18.2704
HD 27631 b,HD 27631,1,1,2012,Radial Velocity,La Silla Observatory,2198.14,3.242,,474.83802,,5737,50.2862
HD 278555 b,HD 278555,1,1,2026,Transit,Transiting Exoplanet Survey Satellite (TESS),28.842438,0.1985,11.02963701,266.9758619,853,6047,289.829
HD 27894 b,HD 27894,1,3,2005,Radial Velocity,La Silla Observatory,18.01939,0.125,,196.7357839,,,43.8214
HD 27894 c,HD 27894,1,3,2017,Radial Velocity,La Silla Observatory,36.07,0.198,,51.48846,,,43.8214
HD 27894 d,HD 27894,1,3,2017,Radial Velocity,La Silla Observatory,5019.54244,5.362,,2063.659847,,,43.8214
HD 27969 b,HD 27969,1,1,2021,Radial Velocity,Haute-Provence Observatory,654.5,1.552,,1525.576354,261,5966,67.9328
HD 28109 b,HD 28109,1,3,2022,Transit,Transiting Exoplanet Survey Satellite (TESS),22.891054,,2.69,6.2,867,6189,139.611
HD 28109 c,HD 28109,1,3,2022,Transit,Transiting Exoplanet Survey Satellite (TESS),55.99712,,4.13,9.2,643,6189,139.611
HD 28109 d,HD 28109,1,3,2022,Transit,Transiting Exoplanet Survey Satellite (TESS),84.2899,,3.11,5.8,561,6189,139.611
HD 28185 b,HD 28185,1,2,2001,Radial Velocity,La Silla Observatory,385.92,1.034,,1859.296181,,5602,39.3809
HD 28185 c,HD 28185,1,2,2022,Radial Velocity,Multiple Observatories,9090,8.5,,1906.970442,,5602,39.3809
HD 28192 b,HD 28192,1,1,2022,Radial Velocity,Multiple Observatories,14.23283,0.118,,99.7981198,,,49.8063
HD 28254 b,HD 28254,2,1,2010,Radial Velocity,La Silla Observatory,1333,2.45,,1207.747947,,,55.2884
HD 284149 AB b,HD 284149 A,2,1,2017,Imaging,Paranal Observatory,,431.16,,8352.530536,2395,6035,117.807
HD 28471 b,HD 28471,1,3,2025,Radial Velocity,La Silla Observatory,3.1649,0.042,,3.72,1377,5766,43.6455
HD 28471 c,HD 28471,1,3,2025,Radial Velocity,La Silla Observatory,6.1245,0.065,,5.72,1066,5766,43.6455
HD 28471 d,HD 28471,1,3,2025,Radial Velocity,La Silla Observatory,11.681,0.1,,4.91,945,5766,43.6455
HD 285507 b,HD 285507,1,1,2013,Radial Velocity,Fred Lawrence Whipple Observatory,6.0881,0.06,,311.4734,,4503,45.0293
HD 285968 b,HD 285968,1,1,2008,Radial Velocity,La Silla Observatory,8.7836,0.066,,8.4,450,,9.47045
HD 28678 b,HD 28678,1,1,2011,Radial Velocity,W. M. Keck Observatory,380.2,1.18,,490.09386,,4972,189.908
HD 29021 b,HD 29021,1,1,2017,Radial Velocity,Haute-Provence Observatory,1365,2.294,,1420.692979,,,30.9939
HD 290327 b,HD 290327,1,1,2009,Radial Velocity,La Silla Observatory,2443,3.43,,772.3269,,5505,56.433
HD 29399 b,HD 29399,1,1,2022,Radial Velocity,La Silla Observatory,892.7,1.913,,498.990599,,4845,44.1518
HD 2952 b,HD 2952,1,1,2013,Radial Velocity,Okayama Astrophysical Observatory,312.08,1.117,,284.7742527,,4853,110.103
HD 29985 b,HD 29985,1,1,2022,Radial Velocity,Multiple Observatories,20608.14049000000,13.39,,1739.474872,,,31.2707
HD 30177 b,HD 30177,1,2,2002,Radial Velocity,Anglo-Australian Telescope,2539,3.49,,2622.084358,,5680,55.5867
HD 30177 c,HD 30177,1,2,2016,Radial Velocity,Multiple Observatories,11320.00000000000,9.9,,1484.258661,,5680,55.5867
HD 30562 b,HD 30562,1,1,2009,Radial Velocity,Lick Observatory,1157,2.34,,387.7526,,5882,26.1597
HD 30669 b,HD 30669,1,1,2014,Radial Velocity,La Silla Observatory,1684,2.69,,149.37,,5400,58.0844
HD 30856 b,HD 30856,2,1,2011,Radial Velocity,W. M. Keck Observatory,847,1.85,,491.68301,,4895,131.199
HD 31253 b,HD 31253,1,1,2010,Radial Velocity,W. M. Keck Observatory,466,1.26,,197.0546,,6130,58.1438
HD 31527 b,HD 31527,1,3,2019,Radial Velocity,La Silla Observatory,16.5535,0.1254,,10.47,,5898,38.4473
HD 31527 c,HD 31527,1,3,2019,Radial Velocity,La Silla Observatory,51.2053,0.2663,,14.16,,5898,38.4473
HD 31527 d,HD 31527,1,3,2019,Radial Velocity,La Silla Observatory,271.6737,0.8098,,11.82,,5898,38.4473
HD 3167 b,HD 3167,1,4,2016,Transit,K2,0.95965451,0.01814,1.601,4.844,1781,5338,47.2899
HD 3167 c,HD 3167,1,4,2016,Transit,K2,29.846511,0.1794,2.983,11.41,567,5338,47.2899
HD 3167 d,HD 3167,1,4,2017,Radial Velocity,Multiple Observatories,8.3967,0.077,,7.3,865,5338,47.2899
HD 3167 e,HD 3167,1,4,2022,Radial Velocity,CHaracterising ExOPlanets Satellite (CHEOPS),91.9,0.3797,,14.9,389,5338,47.2899
HD 32518 b,HD 32518,1,1,2009,Radial Velocity,Thueringer Landessternwarte Tautenburg,157.35,0.594,,905.4931315,,4580,122.115
HD 32963 b,HD 32963,1,1,2015,Radial Velocity,W. M. Keck Observatory,2372,3.41,,222.481,,5727,38.0786
HD 330075 b,HD 330075,1,1,2004,Radial Velocity,La Silla Observatory,3.38773,0.04,,152.5584,,5000,45.2989
HD 331093 b,HD 331093,1,1,2021,Radial Velocity,Haute-Provence Observatory,621.62,1.44,,476.7426105,,5544,50.1928
HD 33142 b,HD 33142,1,3,2011,Radial Velocity,W. M. Keck Observatory,330,1.074,,400.4637928,,5025.4,121.375
HD 33142 c,HD 33142,1,3,2016,Radial Velocity,W. M. Keck Observatory,810.2,1.955,,282.8672822,,5025.4,121.375
HD 33142 d,HD 33142,1,3,2022,Radial Velocity,Multiple Observatories,89.9,0.452,,63.5656814,,5025.4,121.375
HD 332231 b,HD 332231,1,1,2020,Transit,Transiting Exoplanet Survey Satellite (TESS),18.712024,0.145,9.07303305,74.1,798.3,6128,80.6665
HD 33283 b,HD 33283,2,1,2006,Radial Velocity,W. M. Keck Observatory,18.1991,0.1508,,104.56607,,5935,89.8623
HD 33564 b,HD 33564,1,1,2005,Radial Velocity,Haute-Provence Observatory,388,1.1,,2892.1,,6250,20.9531
HD 33844 b,HD 33844,1,2,2015,Radial Velocity,Anglo-Australian Telescope,551.40002,1.6,,638.8383,,4861,105.779
HD 33844 c,HD 33844,1,2,2015,Radial Velocity,Anglo-Australian Telescope,916,2.24,,556.2025,,4861,105.779
HD 34445 b,HD 34445,1,6,2009,Radial Velocity,W. M. Keck Observatory,1049,2.07,,260.6206,,5879,46.0907
HD 34445 c,HD 34445,1,6,2017,Radial Velocity,Multiple Observatories,214.67,0.7181,,53.5,,5836,46.0907
HD 34445 d,HD 34445,1,6,2017,Radial Velocity,Multiple Observatories,117.87,0.4817,,30.7,,5836,46.0907
HD 34445 e,HD 34445,1,6,2017,Radial Velocity,Multiple Observatories,49.175,0.2687,,16.8,,5836,46.0907
HD 34445 f,HD 34445,1,6,2017,Radial Velocity,Multiple Observatories,676.8,1.543,,37.9,,5836,46.0907
HD 34445 g,HD 34445,1,6,2017,Radial Velocity,Multiple Observatories,5700,6.36,,120.6,,5836,46.0907
HD 35759 b,HD 35759,1,1,2016,Radial Velocity,Haute-Provence Observatory,82.467,0.389,,1195.0408,,6060,71.2423
HD 35843 b,HD 35843,1,2,2025,Radial Velocity,Paranal Observatory,9.8991,0.088,,5.84,,5666,69.6026
HD 35843 c,HD 35843,1,2,2025,Transit,Transiting Exoplanet Survey Satellite (TESS),46.9622,0.25,2.54,11.32,479,5666,69.6026
HD 360 b,HD 360,1,1,2021,Radial Velocity,Okayama Astrophysical Observatory,273.1,0.98,,238.3713053,,4770,111.542
HD 36384 b,HD 36384,1,1,2023,Radial Velocity,Bohyunsan Optical Astronomical Observatory,490,1.3,,2097.667486,,3940,209.309
HD 3651 b,HD 3651,1,1,2003,Radial Velocity,Multiple Observatories,62.25,0.295,,72.46524,,5221,11.1336
HD 37124 b,HD 37124,1,3,2002,Radial Velocity,W. M. Keck Observatory,154.378,0.53364,,214.53525,,,31.6634
HD 37124 c,HD 37124,1,3,2002,Radial Velocity,W. M. Keck Observatory,885.5,1.71,,207.22516,,,31.6634
HD 37124 d,HD 37124,1,3,2005,Radial Velocity,W. M. Keck Observatory,1862,2.807,,221.20968,,,31.6634
HD 37605 b,HD 37605,1,2,2004,Radial Velocity,McDonald Observatory,55.01292,0.277,,854.9627,,5329,46.7864
HD 37605 c,HD 37605,1,2,2012,Radial Velocity,Multiple Observatories,2720,3.74,,1013.8777,,5329,46.7864
HD 3765 b,HD 3765,1,1,2021,Radial Velocity,Multiple Observatories,1211,2.108,,54.98431441,,5049.8,17.926
HD 38283 b,HD 38283,1,1,2010,Radial Velocity,Anglo-Australian Telescope,363.20001,1.02,,127.132,,5981,38.0615
HD 38529 b,HD 38529,2,2,2000,Radial Velocity,Multiple Observatories,14.3099,0.115,,206.5884646,,,42.3538
HD 38529 c,HD 38529,2,2,2000,Radial Velocity,Multiple Observatories,2127.60566,3.226,,3299.058865,,,42.3538
HD 38801 b,HD 38801,1,1,2009,Radial Velocity,Subaru Telescope,685.25,1.623,,3082.31534,,5338,91.4349
HD 39091 b,HD 39091,1,3,2001,Radial Velocity,Anglo-Australian Telescope,2088.8,3.28,,4481.380539,,5998,18.2702
HD 39194 b,HD 39194,1,3,2021,Radial Velocity,La Silla Observatory,5.63692,0.05895,,4.62,,,26.4131
HD 39194 c,HD 39194,1,3,2021,Radial Velocity,La Silla Observatory,14.0309,0.1083,,7.49,,,26.4131
HD 39194 d,HD 39194,1,3,2021,Radial Velocity,La Silla Observatory,33.874,0.1949,,5.16,,,26.4131
HD 39855 b,HD 39855,1,1,2019,Radial Velocity,Las Campanas Observatory,3.2498,0.041,,8.5,,5576,23.2599
HD 40307 b,HD 40307,1,5,2009,Radial Velocity,La Silla Observatory,4.3123,0.0468,,4,,4956,12.9363
HD 40307 c,HD 40307,1,5,2009,Radial Velocity,La Silla Observatory,9.6184,0.0799,,6.6,,4956,12.9363
HD 40307 d,HD 40307,1,5,2009,Radial Velocity,La Silla Observatory,20.432,0.1321,,9.5,,4956,12.9363
HD 40307 f,HD 40307,1,5,2013,Radial Velocity,La Silla Observatory,51.76,0.247,,5.2,,4956,12.9363
HD 40307 g,HD 40307,1,5,2013,Radial Velocity,La Silla Observatory,197.8,0.6,,7.1,,4956,12.9363
HD 40956 b,HD 40956,1,1,2017,Radial Velocity,Multiple Observatories,578.6,1.4,,858.141,,4869,116.593
HD 40979 b,HD 40979,3,1,2002,Radial Velocity,Multiple Observatories,264.14999,0.85,,1484.2661,,6165,34.0883
HD 41004 A b,HD 41004 A,2,2,2004,Radial Velocity,La Silla Observatory,963,,,807.25,,,36.69117
HD 41004 B b,HD 41004 B,2,2,2003,Radial Velocity,La Silla Observatory,1.3283,,,5838.29,,,41.5504
HD 4113 b,HD 4113,3,1,2007,Radial Velocity,La Silla Observatory,526.5239,1.28,,541.2617771,,,41.8727
HD 42012 b,HD 42012,1,1,2017,Radial Velocity,Haute-Provence Observatory,857.5,1.67,,508.528,,5405,36.7984
HD 4203 b,HD 4203,1,2,2001,Radial Velocity,W. M. Keck Observatory,431.88,1.17,,708.7609,,5596,81.3795
HD 4203 c,HD 4203,1,2,2014,Radial Velocity,W. M. Keck Observatory,6700,6.95,,689.66,,5582,81.3795
HD 4208 b,HD 4208,1,1,2001,Radial Velocity,W. M. Keck Observatory,832.97,1.662,,257.4423,,5717,34.1937
HD 42618 b,HD 42618,1,1,2016,Radial Velocity,Multiple Observatories,149.61,0.554,,14.4,337,5727,24.3358
HD 4308 b,HD 4308,1,1,2005,Radial Velocity,La Silla Observatory,15.56,0.12,,15.8915,,5686,22.0158
HD 4313 b,HD 4313,1,1,2009,Radial Velocity,W. M. Keck Observatory,356.21,1.157,,612.45841,,4943,136.308
HD 43197 b,HD 43197,1,2,2010,Radial Velocity,La Silla Observatory,308.92072,0.882,,175.7591091,,,62.4112
HD 43197 c,HD 43197,1,2,2022,Radial Velocity,Multiple Observatories,9295.9735,8.54,,2500.673906,,,62.4112
HD 43691 b,HD 43691,3,1,2007,Radial Velocity,Haute-Provence Observatory,36.9987,0.238,,810.4665,,6093,85.6009
HD 44219 b,HD 44219,1,1,2010,Radial Velocity,La Silla Observatory,472,1.26,,184.3404761,,,52.9051
HD 45184 b,HD 45184,1,2,2019,Radial Velocity,La Silla Observatory,5.8854,0.0644,,12.19,,5869,21.9532
HD 45184 c,HD 45184,1,2,2019,Radial Velocity,La Silla Observatory,13.1354,0.11,,8.81,,5869,21.9532
HD 45350 b,HD 45350,1,1,2004,Radial Velocity,W. M. Keck Observatory,963.6,1.92,,568.89,,5566,46.8733
HD 45364 b,HD 45364,1,2,2008,Radial Velocity,La Silla Observatory,225.79,0.6793,,60.16491745,,5466,34.354
HD 45364 c,HD 45364,1,2,2008,Radial Velocity,La Silla Observatory,345.43,0.902,,174.4877954,,5466,34.354
HD 45652 b,HD 45652,1,1,2008,Radial Velocity,Haute-Provence Observatory,44.073,0.237,,137.62039,,5294,34.8541
HD 457 b,HD 457,1,1,2022,Radial Velocity,Multiple Observatories,20324.58153000000,15.369,,8445.336431,,,55.0375
HD 46375 b,HD 46375,2,1,2000,Radial Velocity,W. M. Keck Observatory,3.023573,0.0398,,71.8,,5285,29.5529
HD 47186 b,HD 47186,1,2,2008,Radial Velocity,La Silla Observatory,4.0845,0.05,,22.2481,,5657,37.4574
HD 47186 c,HD 47186,1,2,2008,Radial Velocity,La Silla Observatory,1353.6,2.395,,111.42,,,37.4574
HD 4732 b,HD 4732,2,2,2012,Radial Velocity,Multiple Observatories,371.74,1.129,,631.2072163,,4898,54.7841
HD 4732 c,HD 4732,2,2,2012,Radial Velocity,Multiple Observatories,3184.2,4.725,,1069.49259,,4898,54.7841
HD 47366 b,HD 47366,1,2,2016,Radial Velocity,Okayama Astrophysical Observatory,360.08,1.207,,661.7187434,,4866,84.3552
HD 47366 c,HD 47366,1,2,2016,Radial Velocity,Okayama Astrophysical Observatory,677.53,1.84,,483.7348355,,4866,84.3552
HD 47536 b,HD 47536,1,1,2002,Radial Velocity,La Silla Observatory,712.13,1.93,,2330,,4380,122.536
HD 4760 b,HD 4760,1,1,2021,Radial Velocity,Multiple Observatories,434,1.14,,4417.837,,4076,537.873
HD 48265 b,HD 48265,1,2,2008,Radial Velocity,Las Campanas Observatory,778.51,1.814,,484.69075,,5733,90.5446
HD 48265 c,HD 48265,1,2,2026,Radial Velocity,Las Campanas Observatory,10418.00000000000,10.4,,1414.336411,,5805,90.5446
HD 48948 b,HD 48948,1,3,2024,Radial Velocity,Roque de los Muchachos Observatory,7.34013,0.0652,,4.88,957,4593,16.9043
HD 48948 c,HD 48948,1,3,2024,Radial Velocity,Roque de los Muchachos Observatory,38.06,0.1951,,7.27,553,4593,16.9043
HD 48948 d,HD 48948,1,3,2024,Radial Velocity,Roque de los Muchachos Observatory,151.92,0.4894,,10.59,349,4593,16.9043
HD 4917 b,HD 4917,1,1,2018,Radial Velocity,W. M. Keck Observatory,400.5,1.167,,513.29545,,4802,204.277
HD 49674 b,HD 49674,1,1,2002,Radial Velocity,W. M. Keck Observatory,4.94737,0.06,,31.783,,5602,43.0399
HD 50499 b,HD 50499,1,2,2005,Radial Velocity,W. M. Keck Observatory,2447.1,3.833,,519.96988,,6102,46.2845
HD 50499 c,HD 50499,1,2,2019,Radial Velocity,La Silla Observatory,8619.9,9.02,,931.2419,,6099,46.2845
HD 50554 b,HD 50554,1,3,2002,Radial Velocity,Lick Observatory,1240,2.339,,1859.296181,,6050,31.1664
HD 50554 c,HD 50554,1,3,2026,Transit,Transiting Exoplanet Survey Satellite (TESS),5.969362,0.0652,1.31,5.3,,5968,31.1664
HD 50554 d,HD 50554,1,3,2026,Transit,Transiting Exoplanet Survey Satellite (TESS),28.0694,0.1831,1.41,10.4,,5968,31.1664
HD 51608 b,HD 51608,1,2,2019,Radial Velocity,La Silla Observatory,14.0726,0.1059,,12.77,,5358,35.0553
HD 51608 c,HD 51608,1,2,2019,Radial Velocity,La Silla Observatory,95.9446,0.3809,,14.31,,5358,35.0553
HD 52265 b,HD 52265,1,1,2000,Radial Velocity,W. M. Keck Observatory,119.27,0.52,,384.5743,,6136,29.9803
HD 5278 b,HD 5278,1,2,2021,Transit,Transiting Exoplanet Survey Satellite (TESS),14.339156,0.1202,2.45,7.8,943,6203,57.5846
HD 5278 c,HD 5278,1,2,2021,Radial Velocity,Paranal Observatory,40.87,0.2416,,18.4,,6203,57.5846
HD 5319 b,HD 5319,1,2,2007,Radial Velocity,W. M. Keck Observatory,637.1,1.57,,494.54348,,4871,121.405
HD 5319 c,HD 5319,1,2,2014,Radial Velocity,W. M. Keck Observatory,872.2,1.93,,334.67499,,4871,121.405
HD 5388 b,HD 5388,1,1,2010,Radial Velocity,La Silla Observatory,772.5,1.757,,1017.050902,,6297,53.0661
HD 55696 b,HD 55696,1,1,2018,Radial Velocity,W. M. Keck Observatory,1827,3.18,,1230.0021,,6012,77.9693
HD 5583 b,HD 5583,1,1,2016,Radial Velocity,Roque de los Muchachos Observatory,139.35,0.53,,1837.0574,,4830,219.216
HD 5608 b,HD 5608,2,1,2012,Radial Velocity,Okayama Astrophysical Observatory,768.7,1.79,,371.2235794,,4807,58.1105
HD 564 b,HD 564,1,1,2014,Radial Velocity,La Silla Observatory,492.3,1.2,,104.88,,5902,51.1659
HD 56414 b,HD 56414,1,1,2022,Transit,Transiting Exoplanet Survey Satellite (TESS),29.04992,0.229,3.71,,1133,8500,272.217
HD 56957 b,HD 56957,1,1,2022,Radial Velocity,Multiple Observatories,5859.08992,6.426,,1880.908513,,,61.4925
HD 5891 b,HD 5891,1,1,2011,Radial Velocity,W. M. Keck Observatory,177.11,0.64,,2425.0429,,4673,283.502
HD 59686 A b,HD 59686 A,2,1,2016,Radial Velocity,Lick Observatory,299.36,1.086,,2199.3836,,4658,89.2721
HD 60292 b,HD 60292,1,1,2020,Radial Velocity,Bohyunsan Optical Astronomical Observatory,495.4,1.5,,2065.895,,4348,315.211
HD 60532 b,HD 60532,1,2,2008,Radial Velocity,La Silla Observatory,201.9,0.77,,336.8998,,6245,25.9716
HD 60532 c,HD 60532,1,2,2008,Radial Velocity,La Silla Observatory,600.1,1.6,,797.7533,,6245,25.9716
HD 6061 b,HD 6061,2,1,2023,Transit,Transiting Exoplanet Survey Satellite (TESS),5.2549,0.06,2.42763557,10,1075.31,5934,67.6203
HD 60779 b,HD 60779,1,2,2026,Transit,Transiting Exoplanet Survey Satellite (TESS),29.986175,0.1922,3.246,14.19,650,6081,35.4445
HD 60779 c,HD 60779,1,2,2026,Radial Velocity,Roque de los Muchachos Observatory,104.79,,,28.3,,6081,35.4445
HD 62364 b,HD 62364,1,2,2022,Radial Velocity,Multiple Observatories,5138,6.15,,5965.639199,,6255,53.112
HD 62364 c,HD 62364,1,2,2022,Radial Velocity,Multiple Observatories,74839.94555000000,36.984,,7923.462187,,,53.112
HD 62509 b,HD 62509,1,1,2006,Radial Velocity,Multiple Observatories,589.64,1.64,,731,,4892.63,
HD 62549 b,HD 62549,1,1,2022,Radial Velocity,Multiple Observatories,14306.88519000000,11.842,,2707.580199,,,49.3305
HD 63433 b,HD 63433,1,3,2020,Transit,Transiting Exoplanet Survey Satellite (TESS),7.1079475,,2.14,21.755,967.11,5553,22.4035
HD 63433 c,HD 63433,1,3,2020,Transit,Transiting Exoplanet Survey Satellite (TESS),20.5438281,,2.692,15.539,678.92,5553,22.4035
HD 63433 d,HD 63433,1,3,2023,Transit,Transiting Exoplanet Survey Satellite (TESS),4.209075,0.0503,1.073,,1040,5688,22.4035
HD 63454 b,HD 63454,1,1,2005,Radial Velocity,La Silla Observatory,2.81805,0.04,,79.4575,,4812,37.6894
HD 63765 b,HD 63765,1,1,2011,Radial Velocity,La Silla Observatory,358,0.94,,168.4499,,5449,32.5376
HD 63935 b,HD 63935,1,2,2021,Transit,Transiting Exoplanet Survey Satellite (TESS),9.058807,0.083,2.91575244,10.5,825.22,5513,48.9739
HD 63935 c,HD 63935,1,2,2021,Radial Velocity,Multiple Observatories,21.4027,0.148,3.06451296,11.1,619.59,5513,48.9739
HD 64114 b,HD 64114,1,1,2019,Radial Velocity,Las Campanas Observatory,45.791,0.246,,17.8,,5676,31.5262
HD 64121 b,HD 64121,1,1,2022,Radial Velocity,La Silla Observatory,623,1.51,,813.6407219,,5078,129.966
HD 6434 b,HD 6434,1,1,2003,Radial Velocity,La Silla Observatory,21.998,0.14,,155.7367,,5769,42.358
HD 65216 b,HD 65216,3,2,2003,Radial Velocity,La Silla Observatory,577.6,1.301,,411.58985,,5612,35.1205
HD 65216 c,HD 65216,3,2,2013,Radial Velocity,La Silla Observatory,5370,5.75,,645.1949,,5612,35.1205
HD 66141 b,HD 66141,1,1,2012,Radial Velocity,Bohyunsan Optical Astronomical Observatory,480.5,1.2,,1906.9,,4323,68.1509
HD 66428 b,HD 66428,1,2,2005,Radial Velocity,W. M. Keck Observatory,2269.81726,3.395,,3478.949743,,,53.2817
HD 66428 c,HD 66428,1,2,2021,Radial Velocity,Multiple Observatories,10478.84437000000,9.408,,560.64931,,,53.2817
HD 67087 b,HD 67087,1,2,2015,Radial Velocity,Multiple Observatories,352.2,1.08,,973,,6330,76.5217
HD 67087 c,HD 67087,1,2,2015,Radial Velocity,Multiple Observatories,2374,3.86,,1540,,6330,76.5217
HD 6718 b,HD 6718,1,1,2009,Radial Velocity,La Silla Observatory,2476,3.53,,762.7881768,,5746,51.3444
HD 68402 b,HD 68402,1,1,2016,Radial Velocity,Multiple Observatories,1103,2.18,,975.7381,,5950,78.4293
HD 68475 b,HD 68475,1,1,2026,Radial Velocity,Las Campanas Observatory,7832,7.27,,1639.99458,,5022,33.4297
HD 6860 b,HD 6860,1,1,2023,Radial Velocity,Bohyunsan Optical Astronomical Observatory,663.87,2.03,,8981.830782,,3802,61.12469
HD 68988 b,HD 68988,1,2,2001,Radial Velocity,Multiple Observatories,6.27711,0.07,,626.1251,,5932,60.8447
HD 68988 c,HD 68988,1,2,2021,Radial Velocity,Multiple Observatories,16000.00000000000,13.2,,4767.426105,,5883.41,60.8447
HD 69123 b,HD 69123,1,1,2022,Radial Velocity,La Silla Observatory,1193.3,2.482,,966.1983573,,4842,75.116
HD 69830 b,HD 69830,1,3,2006,Radial Velocity,La Silla Observatory,8.667,0.0785,,10.2,,5385,12.5591
HD 69830 c,HD 69830,1,3,2006,Radial Velocity,La Silla Observatory,31.56,0.186,,11.8,,5385,12.5591
HD 69830 d,HD 69830,1,3,2006,Radial Velocity,La Silla Observatory,197,0.63,,18.1,,5385,12.5591
HD 70573 b,HD 70573,1,1,2007,Radial Velocity,La Silla Observatory,851.8,1.76,,1900,,5737,59.182
HD 70642 b,HD 70642,1,1,2003,Radial Velocity,Anglo-Australian Telescope,2124.54,3.318,,633.43519,,5732,29.276
HD 715 b,HD 715,2,1,2026,Transit,Transiting Exoplanet Survey Satellite (TESS),56.4,0.336,11.99360935,201.8210384,798,6070,167.253
HD 7199 b,HD 7199,1,1,2011,Radial Velocity,La Silla Observatory,615,1.36,,85.8141,,5371,36.1531
HD 72490 b,HD 72490,1,1,2018,Radial Velocity,W. M. Keck Observatory,858,1.88,,561.92344,,4934,126.339
HD 72659 b,HD 72659,1,2,2002,Radial Velocity,W. M. Keck Observatory,3549,4.607,,906.1287884,,5929,51.8949
HD 72659 c,HD 72659,1,2,2022,Radial Velocity,Multiple Observatories,35500.00000000000,21.5,,6165.871096,,5929,51.8949
HD 72892 b,HD 72892,1,1,2016,Radial Velocity,Multiple Observatories,39.44603,0.228,,1737.885729,,,69.7311
HD 73256 c,HD 73256,1,1,2023,Radial Velocity,La Silla Observatory,2690,3.8,,5085.254512,,,36.708
HD 73267 b,HD 73267,1,2,2008,Radial Velocity,La Silla Observatory,1257.99159,2.229,,1321.530516,,,50.4093
HD 73267 c,HD 73267,1,2,2022,Radial Velocity,Multiple Observatories,17071.78045000000,12.688,,1630.777556,,,50.4093
HD 73344 b,HD 73344,1,3,2024,Transit,K2,15.611,0.131,2.884,10.48,911,6252.6,35.26
HD 73344 c,HD 73344,1,3,2025,Radial Velocity,Multiple Observatories,65.94,0.3388,,118.5499958,,6148,35.26
HD 73344 d,HD 73344,1,3,2025,Radial Velocity,Multiple Observatories,5823,6.7,,810.4624379,,6148,35.26
HD 73526 b,HD 73526,1,2,2002,Radial Velocity,Anglo-Australian Telescope,188.3,0.65,,978.9164,,5601,97.2396
HD 73526 c,HD 73526,1,2,2005,Radial Velocity,Anglo-Australian Telescope,379.1,1.03,,715.09,,,97.2396
HD 73534 b,HD 73534,1,1,2008,Radial Velocity,W. M. Keck Observatory,1750,2.99,,353.42696,,4917,83.3321
HD 73583 b,HD 73583,1,2,2022,Transit,Transiting Exoplanet Survey Satellite (TESS),6.398042,0.0604,2.79,10.2,714,4511,31.5666
HD 73583 c,HD 73583,1,2,2022,Transit,Transiting Exoplanet Survey Satellite (TESS),18.87974,0.1242,2.39,9.7,498,4511,31.5666
HD 74156 b,HD 74156,1,2,2003,Radial Velocity,Haute-Provence Observatory,51.63564,0.28,,532.3625817,,,57.603
HD 74156 c,HD 74156,1,2,2003,Radial Velocity,Haute-Provence Observatory,2448.48726,3.678,,2753.983147,,,57.603
HD 7449 b,HD 7449,2,1,2011,Radial Velocity,La Silla Observatory,1270.55195,2.438,,2597.929399,,,38.662
HD 74698 b,HD 74698,1,2,2023,Radial Velocity,La Silla Observatory,15.017,0.121,,23,,5783,52.0648
HD 74698 c,HD 74698,1,2,2023,Radial Velocity,La Silla Observatory,3449,4.5,,126,,5783,52.0648
HD 75289 b,HD 75289,2,1,1999,Radial Velocity,La Silla Observatory,3.50927,0.05,,155.7367,,6117,29.1158
HD 75302 b,HD 75302,1,1,2023,Radial Velocity,La Silla Observatory,4356,5.3,,1716.273398,,,30.3288
HD 75784 b,HD 75784,1,2,2014,Radial Velocity,W. M. Keck Observatory,341.2,1.032,,317.83,,4867,85.4321
HD 75784 c,HD 75784,1,2,2018,Radial Velocity,W. M. Keck Observatory,7900,8.4,,1792.5612,,4867,85.4321
HD 75898 b,HD 75898,1,2,2007,Radial Velocity,W. M. Keck Observatory,422.82,1.2025,,810.4624379,,6122,78.0505
HD 75898 c,HD 75898,1,2,2024,Radial Velocity,Multiple Observatories,6717,7.39,,2698.363175,,6122,78.0505
HD 76700 b,HD 76700,1,1,2002,Radial Velocity,Anglo-Australian Telescope,3.97097,0.05,,66.7443,,5644,60.8831
HD 76920 b,HD 76920,1,1,2017,Radial Velocity,Multiple Observatories,415.891,1.091,,994.8029139,,4664,184.031
HD 77338 b,HD 77338,1,1,2012,Radial Velocity,La Silla Observatory,5.7361,0.06,,19.0698,,5341,45.935
HD 77946 b,HD 77946,1,1,2024,Transit,Transiting Exoplanet Survey Satellite (TESS),6.527363,0.073,2.89646124,10.9,1128.86,6007,99.451
HD 79181 b,HD 79181,1,1,2021,Radial Velocity,Okayama Astrophysical Observatory,273.1,0.9,,203.4101805,,4862,103.335
HD 7924 b,HD 7924,1,3,2008,Radial Velocity,W. M. Keck Observatory,5.39792,0.06,,6.3566,,5131,16.9922
HD 7924 c,HD 7924,1,3,2015,Radial Velocity,W. M. Keck Observatory,15.299,0.1134,,7.86,583.6,5075,16.9922
HD 7924 d,HD 7924,1,3,2015,Radial Velocity,W. M. Keck Observatory,24.451,0.1551,,6.44,499,5075,16.9922
HD 79498 b,HD 79498,2,1,2011,Radial Velocity,McDonald Observatory,1807,2.98,,425.8922,,5748,48.9489
HD 80606 b,HD 80606,2,1,2001,Radial Velocity,Multiple Observatories,111.436765,0.4603,11.56766808,1323.46927,,5565,66.4711
HD 80653 b,HD 80653,1,2,2020,Transit,K2,0.71957926,0.01657,1.621,5.61,2438,5959,109.86
HD 80869 b,HD 80869,1,1,2021,Radial Velocity,Haute-Provence Observatory,1752.92067,2.905,,1609.800881,,,85.3951
HD 80883 b,HD 80883,1,1,2022,Radial Velocity,Multiple Observatories,6383.78352,6.462,,1748.056239,,,34.6011
HD 80913 b,HD 80913,1,1,2022,Radial Velocity,Multiple Observatories,10839.83341000000,9.95,,7505.200003,,,61.3603
HD 81040 b,HD 81040,1,1,2005,Radial Velocity,Multiple Observatories,1002.7,1.946,,2301.077667,,,34.4341
HD 81688 b,HD 81688,1,1,2007,Radial Velocity,Okayama Astrophysical Observatory,183.93,0.648,,525.6881852,,4797,85.7183
HD 81817 b,HD 81817,1,2,2020,Radial Velocity,Bohyunsan Optical Astronomical Observatory,1021.20159,3.233,,7668.563804,,,269.126
HD 81817 c,HD 81817,1,2,2022,Radial Velocity,Multiple Observatories,622.97802,2.325,,7185.782454,,,269.126
HD 82886 b,HD 82886,1,1,2011,Radial Velocity,W. M. Keck Observatory,705,1.58,,740.5439,,4953,127.061
HD 82943 b,HD 82943,1,2,2003,Radial Velocity,La Silla Observatory,441.47,1.18306,,534.25,,5935,27.5902
HD 82943 c,HD 82943,1,2,2003,Radial Velocity,La Silla Observatory,220.078,0.74345,,622.603,,5935,27.5902
HD 8326 b,HD 8326,1,1,2019,Radial Velocity,Las Campanas Observatory,158.991,0.533,,66.6,,4914,30.6862
HD 83443 b,HD 83443,1,2,2002,Radial Velocity,Multiple Observatories,2.985628,0.0406,,127.7670196,,5442,40.8991
HD 83443 c,HD 83443,1,2,2022,Radial Velocity,Multiple Observatories,8241,8,,476.7426105,,5442,40.8991
HD 8535 b,HD 8535,2,1,2010,Radial Velocity,La Silla Observatory,1313,2.45,,216.1244,,6136,55.4401
HD 85390 b,HD 85390,1,1,2011,Radial Velocity,La Silla Observatory,799.52,1.373,,31.46517,,5186,33.5225
HD 85426 c,TOI-1774,1,2,2026,Radial Velocity,Multiple Observatories,35.73,,,10.3,640,5746,53.974
HD 8574 b,HD 8574,1,1,2002,Radial Velocity,Haute-Provence Observatory,227,0.76,,645.1949,,6064,44.8264
HD 86065 b,HD 86065,1,1,2022,Radial Velocity,Multiple Observatories,25775.78859000000,15.947,,2877.300569,,,40.3661
HD 86081 b,HD 86081,2,1,2006,Radial Velocity,W. M. Keck Observatory,2.1378431,0.0346,,470.3884,,5939,103.936
HD 86226 b,HD 86226,1,2,2009,Radial Velocity,Las Campanas Observatory,1628,2.73,,143.0235,176,5863,45.683
HD 86226 c,HD 86226,1,2,2020,Transit,Transiting Exoplanet Survey Satellite (TESS),3.98442,0.049,2.16,7.25,1311,5863,45.683
HD 86264 b,HD 86264,1,1,2009,Radial Velocity,Lick Observatory,1488.79123,2.763,,3117.261016,,,67.8107
HD 86728 b,HD 86728,1,1,2025,Radial Velocity,Multiple Observatories,31.1515,0.1916,,9.43,,5610,14.9202
HD 8673 b,HD 8673,2,1,2009,Radial Velocity,Thueringer Landessternwarte Tautenburg,1644.69097,2.97,,4210.590736,,,37.8619
HD 86950 b,HD 86950,1,1,2016,Radial Velocity,Multiple Observatories,1270,2.72,,1144.188,,4805,209.839
HD 87646 b,HD 87646,3,1,2016,Radial Velocity,Apache Point Observatory,13.481,0.117,,3941.092,,5770,73.58352
HD 87816 b,HD 87816,1,2,2025,Radial Velocity,La Silla Observatory,484.17,1.618,,2142.163463,,4989,133.233
HD 87816 c,HD 87816,1,2,2025,Radial Velocity,La Silla Observatory,7596,10.14,,3877.506565,,4989,133.233
HD 87883 b,HD 87883,1,1,2009,Radial Velocity,Lick Observatory,3006,3.77,,2005.497248,,,18.2912
HD 88072 b,HD 88072,1,1,2022,Radial Velocity,Multiple Observatories,18538.79293000000,13.895,,2511.797901,,,35.9098
HD 88133 b,HD 88133,1,1,2004,Radial Velocity,W. M. Keck Observatory,3.414884,0.0479,,90.422635,,5392,73.6123
HD 88986 b,HD 88986,1,1,2023,Radial Velocity,Haute-Provence Observatory,146.05,0.58,2.49,17.2,460,5861,33.2673
HD 89307 b,HD 89307,1,1,2009,Radial Velocity,Lick Observatory,2166,3.27,,670.6213,,5955,32.0104
HD 89345 b,HD 89345,1,1,2018,Transit,K2,11.8143,0.1066,7.39794,34.9613,1089,5576,132.345
HD 89744 b,HD 89744,2,1,1999,Radial Velocity,Fred Lawrence Whipple Observatory,256.78,0.917,,2653.8805,,6291,38.6364
HD 89839 b,HD 89839,1,1,2023,Radial Velocity,Multiple Facilities,3391.2,4.713,,1196.9,,,57.3063
HD 90156 b,HD 90156,1,1,2011,Radial Velocity,La Silla Observatory,49.77,0.25,,17.98,,5599,21.9496
HD 9174 b,HD 9174,1,1,2016,Radial Velocity,Multiple Observatories,1179,2.2,,352.7913,,5577,81.4893
HD 92788 b,HD 92788,1,2,2000,Radial Velocity,Multiple Observatories,325.803,0.97,,1195.0408,,5744,34.6538
HD 92788 c,HD 92788,1,2,2019,Radial Velocity,La Silla Observatory,11611.29750000000,10.5,,1166.4361,,5744,34.6538
HD 93083 b,HD 93083,1,2,2005,Radial Velocity,La Silla Observatory,144.72,0.508,,143.3406116,,5033.8,28.5159
HD 93351 b,HD 93351,1,2,2022,Radial Velocity,Multiple Observatories,2.45946,0.035,,3.49611248,,,56.163
HD 93351 c,HD 93351,1,2,2022,Radial Velocity,Multiple Observatories,14010.29410000000,11.154,,4154.017279,,,56.163
HD 93385 b,HD 93385,1,3,2021,Radial Velocity,La Silla Observatory,7.3426,0.0756,,4.2,,5977,43.3475
HD 93385 c,HD 93385,1,3,2021,Radial Velocity,La Silla Observatory,13.18,0.112,,7.1,,5977,43.3475
HD 93385 d,HD 93385,1,3,2021,Radial Velocity,La Silla Observatory,45.85,0.2565,,8.7,,5977,43.3475
HD 93963 A b,HD 93963 A,2,2,2022,Transit,Transiting Exoplanet Survey Satellite (TESS),1.0376109,0.02061,1.46954368,2.8,1842.23,5908,82.3432
HD 93963 A c,HD 93963 A,2,2,2022,Transit,Transiting Exoplanet Survey Satellite (TESS),3.6451389,0.04726,3.11976057,18.4,1212.45,5908,82.3432
HD 9446 b,HD 9446,1,2,2009,Radial Velocity,Haute-Provence Observatory,30.052,0.189,,222.472,,5793,50.3503
HD 9446 c,HD 9446,1,2,2009,Radial Velocity,Haute-Provence Observatory,192.9,0.654,,578.426,,5793,50.3503
HD 94771 b,HD 94771,1,1,2023,Radial Velocity,La Silla Observatory,2164,3.48,,169,,5631,57.7807
HD 94834 b,HD 94834,1,1,2018,Radial Velocity,W. M. Keck Observatory,1576,2.74,,400.4658,,4798,98.1609
HD 94890 b,HD 94890,1,2,2025,Radial Velocity,La Silla Observatory,824.61,2.07,,676.9745069,,4867,61.7012
HD 94890 c,HD 94890,1,2,2025,Radial Velocity,La Silla Observatory,2492.19,4.33,,2831.851106,,4867,61.7012
HD 95086 b,HD 95086,1,1,2013,Imaging,Paranal Observatory,,55.7,,1589,1000,,86.2279
HD 95089 b,HD 95089,1,2,2009,Radial Velocity,W. M. Keck Observatory,464.4,1.36,,400.4658,,4918,136.957
HD 95089 c,HD 95089,1,2,2016,Radial Velocity,W. M. Keck Observatory,1785,3.33,,1096.5135,,4918,136.957
HD 95127 b,HD 95127,1,1,2015,Radial Velocity,McDonald Observatory,482,1.28,,3378.5329,,4218,676.579
HD 95338 b,HD 95338,1,1,2020,Radial Velocity,Las Campanas Observatory,55.082694,,4.27174254,,,5097,36.9941
HD 95544 b,HD 95544,1,1,2021,Radial Velocity,Haute-Provence Observatory,2041.54152,3.166,,1913.644839,,,87.8049
HD 95735 c,GJ 411,1,2,2021,Radial Velocity,Multiple Observatories,2946,2.94,,13.6,,3719,5.675773
HD 95872 b,HD 95872,1,1,2015,Radial Velocity,Multiple Facilities,4375,5.15,,1188.6842,,5312,72.2195
HD 96063 b,HD 96063,1,1,2011,Radial Velocity,W. M. Keck Observatory,362.5,1.11,,403.6441,,5020,140.065
HD 96127 b,HD 96127,1,1,2011,Radial Velocity,McDonald Observatory,638.9,1.41,,1207.747947,,3943,587.659
HD 96167 b,HD 96167,2,1,2009,Radial Velocity,W. M. Keck Observatory,498.04,1.332,,227.88411,,5733,85.3006
HD 96700 b,HD 96700,1,3,2021,Radial Velocity,La Silla Observatory,8.1245,0.0777,,8.9,,5845,25.4111
HD 96700 c,HD 96700,1,3,2021,Radial Velocity,La Silla Observatory,19.88,0.141,,3.5,,5845,25.4111
HD 96700 d,HD 96700,1,3,2021,Radial Velocity,La Silla Observatory,103.5,0.424,,12.7,,5845,25.4111
HD 96992 b,HD 96992,1,1,2021,Radial Velocity,Multiple Observatories,514,1.24,,362.3262,,4725,396.082
HD 97037 b,HD 97037,1,1,2022,Radial Velocity,Multiple Observatories,6449.08337,6.925,,6707.76853,,,32.413
HD 97048 b,HD 97048,1,1,2019,Disk Kinematics,Atacama Large Millimeter Array (ALMA),,130,,794.575,,10000,183.857
HD 97658 b,HD 97658,1,1,2010,Radial Velocity,W. M. Keck Observatory,9.4897116,,2.12,8.3,751,5212,21.5618
HD 98219 b,HD 98219,1,1,2011,Radial Velocity,W. M. Keck Observatory,433.8,1.26,,624.21812,,4925,113.704
HD 98649 b,HD 98649,1,1,2012,Radial Velocity,La Silla Observatory,5384,5.97,,3082.935548,,,42.1727
HD 98736 b,HD 98736,2,1,2018,Radial Velocity,W. M. Keck Observatory,968.8,1.864,,740.5439,,5271,32.4459
HD 99109 b,HD 99109,1,1,2005,Radial Velocity,W. M. Keck Observatory,439.29999,1.11,,139.8452,,5282,54.7901
HD 99283 b,HD 99283,1,1,2021,Radial Velocity,Okayama Astrophysical Observatory,310.4,1.08,,308.2935548,,4886,111.093
HD 99492 b,HD 99492,2,2,2004,Radial Velocity,W. M. Keck Observatory,17.0503,,,25.5,,4929,18.2038
HD 99492 c,HD 99492,2,2,2023,Radial Velocity,Roque de los Muchachos Observatory,95.233,,,17.9,,4929,18.2038
HD 99706 b,HD 99706,1,2,2011,Radial Velocity,W. M. Keck Observatory,841,1.98,,390.9309,,4862,146.6
HD 99706 c,HD 99706,1,2,2016,Radial Velocity,W. M. Keck Observatory,1278,,,1808.4527,,,146.6
HIP 10090 b,HIP 10090,1,2,2026,Radial Velocity,Multiple Facilities,2960,3.87,,1229.995935,,5661,82.3937
HIP 10090 c,HIP 10090,1,2,2026,Radial Velocity,Multiple Facilities,321.82,0.9,,270.154146,,5661,82.3937
HIP 105854 b,HIP 105854,1,1,2014,Radial Velocity,Multiple Observatories,184.2,0.81,,2606.1,,4780,78.6381
HIP 107772 b,HIP 107772,1,1,2020,Radial Velocity,Multiple Observatories,55.199,0.243,,12.9,,,23.6434
HIP 107773 b,HIP 107773,1,1,2015,Radial Velocity,Multiple Observatories,144.3,0.72,,629.3034,,4945,105.18
HIP 109384 b,HIP 109384,1,1,2016,Radial Velocity,Haute-Provence Observatory,499.48,1.134,,495.8148,,5180,58.9582
HIP 109600 b,HIP 109600,2,1,2016,Radial Velocity,Haute-Provence Observatory,232.08,0.706,,851.7844,,5530,66.3361
HIP 111909 b,HIP 111909,1,2,2025,Radial Velocity,Multiple Observatories,487.08,1.32,,384.5723725,,4891,88.077
HIP 111909 c,HIP 111909,1,2,2025,Radial Velocity,Multiple Observatories,893.63,1.97,,257.4410097,,4891,88.077
HIP 113103 b,HIP 113103,1,2,2023,Transit,Transiting Exoplanet Survey Satellite (TESS),7.610303,0.06899,1.829,,721,4930,46.2122
HIP 113103 c,HIP 113103,1,2,2023,Transit,Transiting Exoplanet Survey Satellite (TESS),14.245648,0.10479,2.4,,585,4930,46.2122
HIP 114933 b,HIP 114933,1,1,2021,Radial Velocity,Multiple Observatories,1481.6,2.84,,616.5871096,,4823,101.766
HIP 116454 b,HIP 116454,2,1,2014,Transit,K2,9.1004157,0.0792,2.469,9.7,753.2,5048,62.4491
HIP 12961 b,HIP 12961,1,1,2010,Radial Velocity,La Silla Observatory,57.435,0.25,,114.4188,,3901,23.371
HIP 14810 b,HIP 14810,1,3,2005,Radial Velocity,W. M. Keck Observatory,6.673892,0.0696,,1239.537,,5544,50.48
HIP 14810 c,HIP 14810,1,3,2006,Radial Velocity,W. M. Keck Observatory,147.747,0.549,,416.3573,,5544,50.48
HIP 14810 d,HIP 14810,1,3,2009,Radial Velocity,W. M. Keck Observatory,981.8,1.94,,187.5197,,5544,50.48
HIP 18606 b,HIP 18606,1,1,2025,Radial Velocity,Multiple Observatories,674.94,1.61,,244.7278734,,4860,47.0288
HIP 19976 b,HIP 19976,2,1,2022,Radial Velocity,Multiple Observatories,50.65905,0.234,,21.61233168,,,40.2707
HIP 21152 b,HIP 21152,2,1,2022,Imaging,Multiple Observatories,22000.00000000000,17,,7627.881768,1300,6655,43.4073
HIP 29442 c,TOI-469,1,3,2023,Radial Velocity,Paranal Observatory,3.5379559,0.04518,1.551,4.5,1123,5289,68.192
HIP 29442 d,TOI-469,1,3,2023,Radial Velocity,Paranal Observatory,6.429575,0.0673,1.538,5.14,920,5289,68.192
HIP 34222 b,HIP 34222,1,1,2021,Radial Velocity,Cerro Tololo Inter-American Observatory,159.986,0.492,,263.7975778,,,22.8386
HIP 35173 b,HIP 35173,1,1,2019,Radial Velocity,Las Campanas Observatory,41.516,0.217,,12.7,,4881,33.1562
HIP 35965 b,HIP 35965,1,1,2022,Radial Velocity,Multiple Observatories,26125.56497000000,15.898,,2589.983689,,,50.1677
HIP 38594 b,HIP 38594,2,2,2020,Radial Velocity,Multiple Observatories,60.722,0.256,,8.1,,,17.7886
HIP 38594 c,HIP 38594,2,2,2020,Radial Velocity,Multiple Observatories,3477.768,3.805,,48.4,,,17.7886
HIP 39017 b,HIP 39017,1,1,2024,Imaging,Multiple Observatories,31000.00000000000,22.1,,7500.750405,,,66.3217
HIP 39330 b,HIP 39330,1,1,2026,Radial Velocity,Multiple Facilities,4650,5.05,,530.7734397,,5748,36.3958
HIP 41378 b,HIP 41378,1,6,2016,Transit,K2,15.57209,,2.64,6.9,,6290,106.289
HIP 41378 c,HIP 41378,1,6,2016,Transit,K2,31.70591,,2.74,5.97,,6290,106.289
HIP 41378 d,HIP 41378,1,6,2016,Transit,K2,278.3618,,3.65,6.53,,6290,106.289
HIP 41378 e,HIP 41378,1,6,2016,Transit,K2,393,,5.19,7.62,,6290,106.289
HIP 41378 f,HIP 41378,1,6,2016,Transit,K2,542.0797,,9.47,25,,6290,106.289
HIP 41378 g,HIP 41378,1,6,2025,Radial Velocity,W. M. Keck Observatory,63.19,,,5.75,,6290,106.289
HIP 4845 b,HIP 4845,1,1,2020,Radial Velocity,Multiple Observatories,34.15,0.176,,14.4,,,21.0974
HIP 48714 b,HIP 48714,1,1,2020,Radial Velocity,Multiple Observatories,17.818,0.112,,22.9,,,10.5298
HIP 5158 b,HIP 5158,1,2,2009,Radial Velocity,La Silla Observatory,345.72,0.89,,451,,4962,51.6026
HIP 5158 c,HIP 5158,1,2,2011,Radial Velocity,La Silla Observatory,9017.76,7.7,,4780.1632,,4813,51.6026
HIP 54373 b,HIP 54373,1,2,2019,Radial Velocity,Las Campanas Observatory,7.76,0.063,,8.62,,4021,18.7168
HIP 54373 c,HIP 54373,1,2,2019,Radial Velocity,Las Campanas Observatory,15.144,0.099,,12.44,,4021,18.7168
HIP 54515 b,HIP 54515,1,1,2026,Imaging,Subaru Telescope,33000.00000000000,24.8,,5625.562804,,8100,82.8101
HIP 54597 b,HIP 54597,1,1,2023,Radial Velocity,La Silla Observatory,3274,4,,762.7881768,,,39.7429
HIP 55507 b,HIP 55507,1,1,2022,Radial Velocity,Multiple Observatories,5138.43727,5.062,,2585.534091,,,25.4893
HIP 56640 b,HIP 56640,1,1,2021,Radial Velocity,Multiple Observatories,2675.57603,4.55,,2151.698315,,,122.324
HIP 57274 b,HIP 57274,1,3,2011,Radial Velocity,W. M. Keck Observatory,8.1352,0.07,,6.3566,,4510,25.8618
HIP 57274 c,HIP 57274,1,3,2011,Radial Velocity,W. M. Keck Observatory,32.03,0.178,,130,,4640,25.8618
HIP 57274 d,HIP 57274,1,3,2011,Radial Velocity,W. M. Keck Observatory,431.7,1.01,,167.4,,4640,25.8618
HIP 5763 b,HIP 5763,1,1,2021,Radial Velocity,Cerro Tololo Inter-American Observatory,30.014,0.17,,162.0924876,,,31.9043
HIP 63242 b,HIP 63242,1,1,2013,Radial Velocity,Multiple Observatories,124.6,0.565,,2917.56,,4830,156.456
HIP 65 A b,HIP 65 A,2,1,2020,Transit,Transiting Exoplanet Survey Satellite (TESS),0.9809734,0.01782,22.75427,1021.18779,1411,4590,61.7856
HIP 65407 b,HIP 65407,1,2,2016,Radial Velocity,Haute-Provence Observatory,28.125,0.177,,136.03124,,5460,61.7804
HIP 65407 c,HIP 65407,1,2,2016,Radial Velocity,Haute-Provence Observatory,67.3,0.316,,249.17872,,5460,61.7804
HIP 65426 b,HIP 65426,1,1,2017,Imaging,Paranal Observatory,,92,16.8135,2860.47,1500,8840,108.875
HIP 65891 b,HIP 65891,1,1,2015,Radial Velocity,Multiple Observatories,1089.6,2.82,,1938.753283,,5000,150.292
HIP 66074 b,HIP 66074,1,1,2023,Astrometry,European Space Agency (ESA) Gaia Satellite,310.9,0.799,,1589.142035,,4300,35.4438
HIP 67522 b,HIP 67522,1,2,2020,Transit,Transiting Exoplanet Survey Satellite (TESS),6.9594731,0.0748,9.9872018,,1175,5675,127.28
HIP 67522 c,HIP 67522,1,2,2024,Transit,Transiting Exoplanet Survey Satellite (TESS),14.334892,0.1228,7.93595834,,917,5675,127.28
HIP 67537 b,HIP 67537,1,1,2017,Radial Velocity,Multiple Observatories,2523.64713,4.807,,4309.117542,,,116.046
HIP 67851 b,HIP 67851,1,2,2015,Radial Velocity,Multiple Observatories,89.23,0.42,,365.5026681,,4840,64.1181
HIP 67851 c,HIP 67851,1,2,2015,Radial Velocity,Multiple Observatories,3128.41,4.55,,1579.607183,,4840,64.1181
HIP 70849 b,HIP 70849,2,1,2011,Radial Velocity,La Silla Observatory,3649,3.99,,1430.227832,,,24.0572
HIP 71135 b,HIP 71135,1,1,2019,Radial Velocity,Las Campanas Observatory,87.19,0.335,,18.8,,4146,32.3311
HIP 74890 b,HIP 74890,1,1,2016,Radial Velocity,Multiple Observatories,822.3,2.1,,762.792,,4850,78.6562
HIP 75092 b,HIP 75092,1,1,2021,Radial Velocity,Multiple Observatories,926.4,2.02,,568.9128485,,4891,81.6696
HIP 77900 b,HIP 77900,1,1,2024,Imaging,European Space Agency (ESA) Gaia Satellite,,3319,,6674.396547,2507,,150.862
HIP 78530 b,HIP 78530,1,1,2010,Imaging,Gemini Observatory,,740,,7300,2700,10500,136.759
HIP 79098 AB b,HIP 79098 AB,2,1,2019,Imaging,Paranal Observatory,,345,,6515.515,2450,,145.798
HIP 79431 b,HIP 79431,1,1,2009,Radial Velocity,W. M. Keck Observatory,111.7,0.36,,667.415,,3191,14.5324
HIP 81208 C b,HIP 81208 C,3,1,2023,Imaging,Paranal Observatory,104100.00000000000,23.04,,4703.860424,2050,,147.533
HIP 8152 b,HIP 8152,1,2,2023,Transit,Transiting Exoplanet Survey Satellite (TESS),10.751014,0.093,2.53625843,8.9,794.96,5618,101.694
HIP 8152 c,HIP 8152,1,2,2023,Transit,Transiting Exoplanet Survey Satellite (TESS),19.60562,0.139,2.52442508,10.7,650.68,5618,101.694
HIP 81991 b,HIP 81991,2,1,2026,Radial Velocity,Multiple Facilities,5860,6.4,,3019.369867,,5100,43.9016
HIP 8541 b,HIP 8541,2,2,2016,Radial Velocity,Multiple Observatories,1852.14387,3.729,,2451.728332,,,155.121
HIP 86221 b,HIP 86221,1,1,2021,Radial Velocity,Cerro Tololo Inter-American Observatory,2.224,0.031,,225.658169,,,29.4898
HIP 8923 b,HIP 8923,1,1,2026,Radial Velocity,Multiple Facilities,5160,5.9,,3171.927502,,5980,65.9957
HIP 90988 b,HIP 90988,1,1,2021,Radial Velocity,Multiple Observatories,455.73816,1.36,,668.0753115,,,94.0349
HIP 91258 b,HIP 91258,1,1,2013,Radial Velocity,Haute-Provence Observatory,5.0505,0.06,,346.4347,,5519,45.8846
HIP 94235 b,HIP 94235,2,1,2022,Transit,Transiting Exoplanet Survey Satellite (TESS),7.713057,0.0787,3,379,1060,5991,58.5146
HIP 948 b,HIP 948,1,1,2022,Radial Velocity,Multiple Observatories,24955.45756000000,15.037,,6547.265184,,,34.8523
HIP 9618 b,HIP 9618,1,2,2023,Transit,Transiting Exoplanet Survey Satellite (TESS),20.772858,0.145,3.82838127,8.3,640.88,5649,67.5478
HIP 9618 c,HIP 9618,1,2,2023,Transit,Transiting Exoplanet Survey Satellite (TESS),52.56363,0.269,3.42855926,7,470.31,5649,67.5478
HIP 97166 b,HIP 97166,1,2,2021,Transit,Transiting Exoplanet Survey Satellite (TESS),10.288914,0.091,2.4801338,19.1,701.66,5216,65.9501
HIP 97166 c,HIP 97166,1,2,2021,Radial Velocity,Multiple Observatories,16.432,0.124,,8,,5216,65.9501
HIP 97233 b,HIP 97233,1,1,2014,Radial Velocity,Multiple Observatories,1062.26506,2.491,,6098.173645,,,102.275
HIP 98599 b,HIP 98599,1,1,2026,Radial Velocity,Multiple Facilities,2656,3.96,,2177.124588,,5978,75.9428
HIP 99770 b,HIP 99770,1,1,2023,Imaging,Multiple Observatories,,15.8,,5403.082919,,,40.0765
HN Lib b,HN Lib,1,1,2023,Radial Velocity,Calar Alto Observatory,36.116,0.1417,,5.46,234.4,3347,6.24442
HN Peg b,HN Peg,1,1,2006,Imaging,Spitzer Space Telescope,,773,11.7768,6991.57,,,18.1186
HR 2562 b,HR 2562,1,1,2016,Imaging,Gemini Observatory,,22.2,,6992.224954,,,34.0071
HR 5183 b,HR 5183,2,1,2019,Radial Velocity,Multiple Observatories,27000.00000000000,18,,1026.5909,171,5794,31.4607
HR 810 b,HR 810,1,1,1999,Radial Velocity,La Silla Observatory,302.79999,0.92,,721.4741,,6167,17.3181
HR 858 b,HR 858,2,3,2019,Transit,Transiting Exoplanet Survey Satellite (TESS),3.585287,0.04888,2.004,3.55,1552,6354,31.964
HR 858 c,HR 858,2,3,2019,Transit,Transiting Exoplanet Survey Satellite (TESS),5.973865,0.0687,1.979,3.8,1309,6354,31.964
HR 858 d,HR 858,2,3,2019,Transit,Transiting Exoplanet Survey Satellite (TESS),11.230511,0.1046,2.001,7.1,1061,6354,31.964
HR 8799 b,HR 8799,1,4,2008,Imaging,Gemini Observatory,170000.00000000000,68,13,2000,,,41.2441
HR 8799 c,HR 8799,1,4,2008,Imaging,Gemini Observatory,69000.00000000000,38,13,3000,,,41.2441
HR 8799 d,HR 8799,1,4,2008,Imaging,W. M. Keck Observatory,37000.00000000000,24,13,3000,,,41.2441
HR 8799 e,HR 8799,1,4,2010,Imaging,W. M. Keck Observatory,,16.4,13.11453,3178.3,1150,7400,41.2441
HS Psc b,HS Psc,1,1,2024,Radial Velocity,McDonald Observatory,3.986,0.0435,,464.0294742,,4203,37.6604
HU Aqr AB b,HU Aqr,2,2,2011,Eclipse Timing Variations,Yunnan Astronomical Observatory,2390,3.6,,1875.197,,,
HU Aqr AB c,HU Aqr,2,2,2011,Eclipse Timing Variations,Yunnan Astronomical Observatory,4368,5.4,,1430.235,,,
IC 4651 9122 b,IC 4651 9122,1,1,2018,Radial Velocity,La Silla Observatory,734,2.038,,2002.329,,,859.324
IRAS 04125+2902 b,IRAS 04125+2902,2,1,2024,Transit,Transiting Exoplanet Survey Satellite (TESS),8.834978,0.077,10.73820351,,854,4080,159.244
ITG 15 b,ITG 15 A,2,1,2024,Imaging,European Space Agency (ESA) Gaia Satellite,,435,,6674.396547,2601,,136.37
K2-10 b,K2-10,1,1,2015,Transit,K2,19.30553,,3.773,25.2,649,5533,272.36
K2-100 b,K2-100,1,1,2016,Transit,K2,1.6739035,0.0301,3.88,21.8,1841,5945,188.959
K2-101 b,K2-101,1,1,2016,Transit,K2,14.6762429,0.1124,2,,618,4927,188.33
K2-102 b,K2-102,1,1,2016,Transit,K2,9.915615,,1.3,,,4695,188.175
K2-104 b,K2-104,1,1,2016,Transit,K2,1.9741954,0.0242,1.79,,798,3712,189.289
K2-105 b,K2-105,1,1,2017,Transit,K2,8.26726,,3.4,15.4,805,5373,197.989
K2-107 b,K2-107,1,1,2017,Transit,K2,3.313959,0.0475,15.98,,1649,6061,685.2
K2-108 b,K2-108,1,1,2017,Transit,K2,4.733999,0.0581,5.33,,1360,5599,477.295
K2-11 b,K2-11,1,1,2015,Transit,K2,39.93767,0.2257,7.55,,734,5433,329.309
K2-110 b,K2-110,1,1,2017,Transit,K2,13.86375,0.10207,2.592,15.9,638,5010,116.474
K2-111 b,K2-111,1,2,2017,Transit,K2,5.3518963,0.0565,1.837,5.35,1293,5775,200.394
K2-111 c,K2-111,1,2,2020,Radial Velocity,Multiple Observatories,15.6748,0.11565,,11.1,923,5775,200.394
K2-113 b,K2-113,1,1,2017,Transit,K2,5.817685,0.0642,12.14,,1098,5660,635.722
K2-114 b,K2-114,1,1,2017,Transit,K2,11.390931,0.0944,10.59248676,638.8350981,701.4,4899,475.758
K2-115 b,K2-115,1,1,2017,Transit,K2,20.2729914,0.1415,11.80305668,321.0066911,696,5870,413.591
K2-116 b,K2-116,1,1,2017,Transit,K2,4.655411,0.048,0.69,,,4348.35,49.3855
K2-117 b,K2-117,1,2,2017,Transit,K2,1.2916,0.0189,2.03,,868,3778,101.632
K2-117 c,K2-117,1,2,2017,Transit,K2,5.444017,0.0492,2.06,,537,3778,101.632
K2-118 b,K2-118,1,1,2017,Transit,K2,50.92092,0.245,2.54,,,4726.29,321.722
K2-119 b,K2-119,1,1,2017,Transit,K2,7.727283,0.0698,2.53,,666,4740,365.581
K2-12 b,K2-12,1,1,2015,Transit,K2,8.28246,0.0792,2.44,5.2,1026,5672,326.381
K2-121 b,K2-121,1,1,2017,Transit,K2,5.185738,,7.16,51,716,4526,169.398
K2-122 b,K2-122,2,1,2017,Transit,K2,2.2193023,0.0373,1.16,,769,4009,72.0444
K2-123 b,K2-123,1,1,2017,Transit,K2,30.951524,0.1649,2.76,,338,4035,161.555
K2-124 b,K2-124,1,1,2017,Transit,K2,6.413651,0.049,2.9,,442,3570,140.385
K2-125 b,K2-125,1,1,2017,Transit,K2,21.750264,0.121,2.18,,,3654.47,124.156
K2-126 b,K2-126,1,1,2017,Transit,K2,7.385655,0.0656,1.97,,601,4339,102.953
K2-127 b,K2-127,1,1,2017,Transit,K2,3.588163,0.0411,8.37,,809,4575,709.999
K2-128 b,K2-128,1,1,2017,Transit,K2,5.675819,0.056,1.42,,,4469.51,114.637
K2-129 b,K2-129,1,1,2017,Transit,K2,8.239493,0.057,1.04,,,3459.09,27.7957
K2-13 b,K2-13,1,1,2015,Transit,K2,39.91488,0.2114,1.89,,511,5698,342.394
K2-130 b,K2-130,1,1,2017,Transit,K2,2.49412,0.032,1.25,,,4356.47,118.011
K2-131 b,K2-131,1,1,2017,Transit,K2,0.3693038,0.00936,1.69,7.9,2223,5120,152.509
K2-132 b,K2-132,1,1,2017,Transit,K2,9.1751,,14.5717,155.7367,,4840,609.818
K2-133 b,K2-133,1,4,2017,Transit,K2,3.07133,0.03194,1.34,,,3655,75.1703
K2-133 c,K2-133,1,4,2017,Transit,K2,4.86784,0.04341,1.603,,,3655,75.1703
K2-133 d,K2-133,1,4,2017,Transit,K2,11.02454,0.07487,2.003,,,3655,75.1703
K2-133 e,K2-133,1,4,2019,Transit,K2,26.5841,0.1346,1.73,,296,3655,75.1703
K2-136 b,K2-136,2,3,2017,Transit,K2,7.97525,0.0707,1.014,4.3,610,4500,59.2474
K2-136 c,K2-136,2,3,2017,Transit,K2,17.30723,0.1185,3,18.1,470,4500,59.2474
K2-136 d,K2-136,2,3,2017,Transit,K2,25.575,0.1538,1.565,3,420,4500,59.2474
K2-137 b,K2-137,1,1,2017,Transit,K2,0.179719,,0.64,,,3697,98.8765
K2-138 b,K2-138,1,6,2017,Transit,K2,2.35309,0.03385,1.51,3.1,,5356.3,202.585
K2-138 c,K2-138,1,6,2017,Transit,K2,3.56004,0.04461,2.299,6.31,,5356.3,202.585
K2-138 d,K2-138,1,6,2017,Transit,K2,5.40479,0.05893,2.39,7.92,,5356.3,202.585
K2-138 e,K2-138,1,6,2017,Transit,K2,8.26146,0.0782,3.39,12.97,,5356.3,202.585
K2-138 f,K2-138,1,6,2017,Transit,K2,12.75758,0.10447,2.904,1.63,,5356.3,202.585
K2-138 g,K2-138,1,6,2021,Transit,K2,41.96797,0.23109,3.013,4.32,,5356.3,202.585
K2-139 b,K2-139,1,1,2017,Transit,K2,28.380619,0.1796,9.11,,524,5370,153.856
K2-14 b,K2-14,1,1,2015,Transit,K2,8.36802,0.0627,4.81,,488,3789,364.048
K2-140 b,K2-140,1,1,2017,Transit,K2,6.569188,0.068,13.56286665,295.5804185,962,5585,347.917
K2-141 b,K2-141,1,2,2018,Transit,K2,0.2803244,0.00747,1.51,4.97,2103,4570,61.8736
K2-141 c,K2-141,1,2,2018,Transit,K2,7.7485,0.0683,7,8,695,4570,61.8736
K2-146 b,K2-146,1,2,2018,Transit,K2,2.6446,,2.05,5.77,,3385,79.3002
K2-146 c,K2-146,1,2,2019,Transit,K2,4.00498,,2.19,7.49,,3385,79.3002
K2-147 b,K2-147,1,1,2018,Transit,K2,0.961939,0.01575,1.47286006,,1077,3690,90.5494
K2-148 b,K2-148,2,3,2018,Transit,K2,4.38395,0.0454,1.33,,,4079,124.458
K2-148 c,K2-148,2,3,2018,Transit,K2,6.9226,0.0616,1.73,,,4079,124.458
K2-148 d,K2-148,2,3,2018,Transit,K2,9.7579,0.0774,1.64,,,4079,124.458
K2-149 b,K2-149,1,1,2018,Transit,K2,11.332,0.083,1.64,,,3745,123.676
K2-15 b,K2-15,1,1,2015,Transit,K2,11.8104,0.091,2.48,,676,5131,493.992
K2-150 b,K2-150,1,1,2018,Transit,K2,10.59357,0.0727,2,,,3499,102.483
K2-151 b,K2-151,2,1,2018,Transit,K2,3.835476,0.0373,1.49,,566,3695,69.4798
K2-152 b,K2-152,1,1,2018,Transit,K2,32.6479,0.1716,2.29,,337,4044,108.449
K2-153 b,K2-153,1,1,2018,Transit,K2,7.51574,0.0614,2,,497,3845,143.125
K2-154 b,K2-154,1,2,2018,Transit,K2,3.67626,0.0405,1.99,,715,4097,129.356
K2-154 c,K2-154,1,2,2018,Transit,K2,7.95486,0.0677,2.07,,552,4097,129.356
K2-155 b,K2-155,1,3,2018,Transit,K2,6.342,0.0562,1.8,,708,4258,72.7998
K2-155 c,K2-155,1,3,2018,Transit,K2,13.85,0.0946,2.6,,583,4258,72.7998
K2-155 d,K2-155,1,3,2018,Transit,K2,40.718,0.1937,1.9,,381,4258,72.7998
K2-156 b,K2-156,1,1,2018,Transit,K2,0.813143,,1.1,,,4460,150.21
K2-157 b,K2-157,1,3,2018,Transit,K2,0.3652575,0.00962,0.935,1.14,2432,5334,298.373
K2-157 c,K2-157,1,3,2025,Radial Velocity,Paranal Observatory,25.942,0.165,,30.8,587,5334,298.373
K2-157 d,K2-157,1,3,2025,Radial Velocity,Paranal Observatory,66.5,0.309,,23.3,429.1,5334,298.373
K2-158 b,K2-158,1,2,2018,Transit,K2,10.06049,0.0887,2.64,,794,5503,197.299
K2-158 c,K2-158,1,2,2018,Transit,K2,5.90279,0.0622,1.28,,948,5503,197.299
K2-159 b,K2-159,1,1,2018,Transit,K2,12.42205,0.1013,2.26,,684,5425,170.998
K2-16 b,K2-16,1,3,2015,Transit,K2,7.6188,0.0667,2.02,,658,4742,334.967
K2-16 c,K2-16,1,3,2015,Transit,K2,19.07863,0.1229,2.54,,485,4742,334.967
K2-160 b,K2-160,1,1,2018,Transit,K2,3.705871,,3.17824034,,,5649,315.363
K2-161 b,K2-161,1,1,2018,Transit,K2,9.283188,,6.11721229,,,4972,916.319
K2-162 b,K2-162,1,1,2018,Transit,K2,9.45889,0.0795,1.44,,631,4842,124.433
K2-163 b,K2-163,1,1,2018,Transit,K2,6.673117,,2.46610713,,,4937,208.529
K2-164 b,K2-164,1,1,2018,Transit,K2,17.355066,,3.24925008,,,5791,375.67
K2-165 b,K2-165,1,3,2018,Transit,K2,2.354992,,1.27443657,,,5185,134.591
K2-165 c,K2-165,1,3,2018,Transit,K2,4.382745,,1.55409035,,,5185,134.591
K2-165 d,K2-165,1,3,2018,Transit,K2,14.101361,,2.64809498,,,5185,134.591
K2-166 b,K2-166,1,2,2018,Transit,K2,8.52695,0.0858,2.19,,1140,5960,476.882
K2-167 b,K2-167,1,1,2018,Transit,K2,9.978541,0.0932,2.36509493,,1220,6310,80.8994
K2-168 b,K2-168,1,2,2018,Transit,K2,15.8523,,1.86,,766.35,5502.7,243.935
K2-169 b,K2-169,1,1,2018,Transit,K2,6.380803,,1.27328671,,,5548,235.867
K2-17 b,K2-17,1,1,2015,Transit,K2,17.96753,0.119,2.23,,487,4320,125.106
K2-170 b,K2-170,1,2,2018,Transit,K2,7.576544,,1.41817537,,,5748,392.872
K2-170 c,K2-170,1,2,2018,Transit,K2,12.400047,,1.8017647,,,5748,392.872
K2-171 b,K2-171,1,1,2018,Transit,K2,5.628466,,2.68657205,,,5250,606.128
K2-172 b,K2-172,1,2,2018,Transit,K2,14.316941,,1.66608079,,,5569,249.742
K2-172 c,K2-172,1,2,2018,Transit,K2,29.62682,,3.20569097,,,5569,249.742
K2-173 b,K2-173,1,1,2018,Transit,K2,5.868699,,1.60826194,,,5580,228.641
K2-174 b,K2-174,1,1,2018,Transit,K2,19.562307,0.126,2.6,,455,4455,99.9293
K2-175 b,K2-175,1,1,2018,Transit,K2,9.525988,,2.03803688,,,5909,247.266
K2-176 b,K2-176,1,1,2018,Transit,K2,5.329439,,1.49090097,,,5428,247.302
K2-177 b,K2-177,1,1,2018,Transit,K2,14.155185,,2.1162048,,,6063,492.167
K2-178 b,K2-178,1,1,2018,Transit,K2,8.747818,,3.55790985,,,5525,214.753
K2-179 b,K2-179,1,1,2018,Transit,K2,5.172191,,2.51267885,,,5015,190.81
K2-18 b,K2-18,1,2,2015,Transit,K2,32.939623,0.1429,2.37,8.92,284,3457,38.0266
K2-18 c,K2-18,1,2,2017,Radial Velocity,La Silla Observatory,8.962,0.06,,7.51,363,3457,38.0266
K2-180 b,K2-180,1,1,2018,Transit,K2,8.865663,0.0756,2.46597575,11.41003981,797.5,5365,203.896
K2-181 b,K2-181,1,1,2018,Transit,K2,6.8941,,2.69,,949,5528,360.911
K2-182 b,K2-182,1,1,2018,Transit,K2,4.7369696,0.05174,2.71257333,20.97667486,965.8,5128,154.83
K2-183 b,K2-183,1,3,2018,Transit,K2,0.469285,,1.1,,,5482,329.041
K2-183 c,K2-183,1,3,2018,Transit,K2,10.787992,,2.3,,,5482,329.041
K2-183 d,K2-183,1,3,2018,Transit,K2,22.620344,,2.3,,,5482,329.041
K2-184 b,K2-184,1,1,2018,Transit,K2,16.9780102,0.1685,1.47,,533,5245,75.5857
K2-185 b,K2-185,1,2,2018,Transit,K2,10.616384,,1.15,,809,5788,268.357
K2-185 c,K2-185,1,2,2018,Transit,K2,52.713494,,2.39,,477,5788,268.357
K2-186 b,K2-186,1,1,2018,Transit,K2,41.474219,,3.17207779,,,5784,330.739
K2-187 b,K2-187,1,4,2018,Transit,K2,0.77401,,1.2,,,5438,330.916
K2-187 c,K2-187,1,4,2018,Transit,K2,2.871512,,1.4,,,5438,330.916
K2-187 d,K2-187,1,4,2018,Transit,K2,7.149584,,2.4,,,5438,330.916
K2-187 e,K2-187,1,4,2018,Transit,K2,13.606629,,1.9,,,5438,330.916
K2-188 b,K2-188,1,2,2018,Transit,K2,1.742169,0.0289,1.35,,1692,5977,446.821
K2-188 c,K2-188,1,2,2018,Transit,K2,7.810253,0.0785,2.83,,1026,5977,446.821
K2-189 b,K2-189,1,2,2018,Transit,K2,2.58812,,1.403,,1203,5442,242.113
K2-189 c,K2-189,1,2,2018,Transit,K2,6.67932,,2.31,,877,5442,242.113
K2-19 b,K2-19,1,3,2015,Transit,K2,7.9193,,7,30.8,,5322,289.827
K2-19 c,K2-19,1,3,2015,Transit,K2,11.906,,4.1,11,,5322,289.827
K2-19 d,K2-19,1,3,2016,Transit,K2,2.50827,0.03478,1.044,6.2,1258,5350,289.827
K2-190 b,K2-190,1,2,2018,Transit,K2,10.098858,,1.35673729,,,5631,160.679
K2-190 c,K2-190,1,2,2018,Transit,K2,21.574023,,1.09308317,,,5631,160.679
K2-191 b,K2-191,1,1,2018,Transit,K2,2.858646,,1.57889322,,,5176,287.188
K2-192 b,K2-192,1,1,2018,Transit,K2,4.162817,0.049,1.52,,939,5222,221.753
K2-193 b,K2-193,1,1,2018,Transit,K2,14.786889,0.1184,3.95,,739,5817,411.923
K2-194 b,K2-194,1,1,2018,Transit,K2,39.721386,,3.64229858,,,5979,629.51
K2-195 b,K2-195,1,2,2018,Transit,K2,15.852975,0.1208,3.13,,720,5713,315.014
K2-195 c,K2-195,1,2,2018,Transit,K2,28.482786,,2.57581891,,,5712,315.014
K2-196 b,K2-196,1,1,2018,Transit,K2,48.324222,,3.59970536,,,6045,584.877
K2-197 b,K2-197,1,1,2018,Transit,K2,8.357881,0.0806,2.56,,848,5667,247.637
K2-198 b,K2-198,1,3,2018,Transit,K2,17.0428683,,4.189,,715.8,5212.9,110.567
K2-198 c,K2-198,1,3,2019,Transit,K2,3.3596055,,1.423,,1229.9,5212.9,110.567
K2-198 d,K2-198,1,3,2019,Transit,K2,7.4500177,,2.438,,943.2,5212.9,110.567
K2-199 b,K2-199,1,2,2018,Transit,K2,3.2253993,0.0382,1.73,6.9,913,4491,107.518
K2-199 c,K2-199,1,2,2018,Transit,K2,7.3744897,0.0662,2.85,12.4,694,4491,107.518
K2-200 b,K2-200,1,1,2018,Transit,K2,2.849883,,1.3643987,,,5233,184.131
K2-201 b,K2-201,1,2,2018,Transit,K2,1.05979,,1.40006712,,,5507,197.932
K2-201 c,K2-201,1,2,2018,Transit,K2,22.779878,,3.28568401,,,5507,197.932
K2-2016-BLG-0005L b,K2-2016-BLG-0005L,1,1,2023,Microlensing,K2,4700,4.16,,349.6112477,,,5200
K2-202 b,K2-202,1,1,2018,Transit,K2,3.405164,,2.30165603,,,5491,300.397
K2-203 b,K2-203,1,1,2018,Transit,K2,9.6952,0.0824,1.26549392,,738.4,5026,166.147
K2-204 b,K2-204,1,1,2018,Transit,K2,7.055908,0.0738,3.17214154,,1148,5783,577.235
K2-205 b,K2-205,1,1,2018,Transit,K2,26.672263,,1.99552771,,,5890,405.301
K2-206 b,K2-206,1,1,2018,Transit,K2,18.294549,,2.79522879,,,5043,244.443
K2-207 b,K2-207,1,1,2018,Transit,K2,12.48749,,2.60585269,,,5522,363.064
K2-208 b,K2-208,1,1,2018,Transit,K2,4.19097,0.04878,1.67462172,,1122,5500,256.887
K2-209 b,K2-209,1,1,2018,Transit,K2,2.080615,,0.86850263,,,4720,76.4986
K2-21 b,K2-21,1,2,2015,Transit,K2,9.325038,0.076,1.84,,,4222.06,83.6448
K2-21 c,K2-21,1,2,2015,Transit,K2,15.50192,0.107,2.49,,,4222.06,83.6448
K2-210 b,K2-210,1,1,2018,Transit,K2,0.57023,,0.86,,,5500,176.51
K2-211 b,K2-211,1,1,2018,Transit,K2,0.669561,0.01419,1.33162691,,1873,5117,272.297
K2-212 b,K2-212,1,1,2018,Transit,K2,9.795647,,2.65,,,4349,109.218
K2-213 b,K2-213,1,1,2018,Transit,K2,8.13087,,1.51398464,,,5794,389.702
K2-214 b,K2-214,1,1,2018,Transit,K2,8.59656,,2.51,,1001,5875,300.64
K2-215 b,K2-215,1,1,2018,Transit,K2,8.269648,,2.12381238,,,5704,403.964
K2-216 b,K2-216,1,1,2018,Transit,K2,2.1748,0.028,1.75,8,1103,4503,115.461
K2-217 b,K2-217,1,1,2018,Transit,K2,14.074524,,3.57854073,,,5967,381.878
K2-218 b,K2-218,1,1,2018,Transit,K2,8.679885,,2.56948149,,,5757,394.083
K2-219 b,K2-219,1,3,2018,Transit,K2,3.901287,,1.34762583,,,5753,325.4
K2-219 c,K2-219,1,3,2018,Transit,K2,6.66767,,1.43839723,,,5753,325.4
K2-219 d,K2-219,1,3,2018,Transit,K2,11.137278,,2.57634456,,,5753,325.4
K2-22 b,K2-22,2,1,2015,Transit,K2,0.381073,,2.3,,,3879,243.836
K2-220 b,K2-220,1,1,2018,Transit,K2,13.68186,,2.37,,761,5612,233.514
K2-221 b,K2-221,1,1,2018,Transit,K2,2.399094,,1.67890272,,,5716,318.81
K2-222 b,K2-222,1,1,2018,Transit,K2,15.3889274,0.1186,2.275,7.5,803,5942,101.321
K2-223 b,K2-223,1,2,2018,Transit,K2,0.50557,,0.89,,,5859,198.604
K2-223 c,K2-223,1,2,2018,Transit,K2,4.562546,,1.5,,,5859,198.604
K2-224 b,K2-224,1,2,2018,Transit,K2,4.47904,0.0516,1.56,,1002,5620,275.255
K2-224 c,K2-224,1,2,2018,Transit,K2,10.09489,0.0886,2.41,,764,5620,275.255
K2-225 b,K2-225,1,1,2018,Transit,K2,15.8723,0.1409,3.60929179,,923,5520,357.778
K2-226 b,K2-226,1,1,2018,Transit,K2,3.27109,0.04095,1.53899305,,1187,5288,211.265
K2-227 b,K2-227,1,1,2018,Transit,K2,13.621832,,1.66551298,,,5673,187.234
K2-228 b,K2-228,1,1,2018,Transit,K2,2.69828,0.0338,1.21,,914,4715,129.46
K2-229 b,K2-229,1,2,2018,Transit,K2,0.584216,,1,,,5315,102.564
K2-229 c,K2-229,1,2,2018,Transit,K2,8.32727,0.0769,2.03,,750,5315,102.564
K2-230 b,K2-230,1,1,2018,Transit,K2,2.86041,0.0409,1.96,,1529,5945,540.773
K2-231 b,K2-231,1,1,2018,Transit,K2,13.841901,,2.5,,,5695,321.215
K2-232 b,K2-232,1,1,2018,Transit,K2,11.168454,0.10356,11.209,126.49634,1030,6154,130.72
K2-233 b,K2-233,1,3,2018,Transit,K2,2.467583,0.03293,1.315,2.4,1127,4796,67.5062
K2-233 c,K2-233,1,3,2018,Transit,K2,7.06024,0.0664,1.272,4.6,794,4796,67.5062
K2-233 d,K2-233,1,3,2018,Transit,K2,24.3681,0.1516,2.363,10.3,525,4796,67.5062
K2-237 b,K2-237,1,1,2018,Transit,K2,2.18053332,0.03552,16.06246934,434.153604,1759,6180,314.995
K2-238 b,K2-238,1,1,2018,Transit,K2,3.20466,0.046,14.5717,273.3338,1587,5630,537.963
K2-239 b,K2-239,1,3,2018,Transit,K2,5.24,0.0441,1.1,,502,3420,31.0849
K2-239 c,K2-239,1,3,2018,Transit,K2,7.775,0.0576,1,,427,3420,31.0849
K2-239 d,K2-239,1,3,2018,Transit,K2,10.115,0.0685,1.1,,399,3420,31.0849
K2-24 b,K2-24,1,2,2016,Transit,K2,20.8895961,0.1673,5.638,20.6,732,5726,170.562
K2-24 c,K2-24,1,2,2016,Transit,K2,42.34732,0.262,7.93,16.4,591,5726,170.562
K2-240 b,K2-240,1,2,2018,Transit,K2,6.034,0.0513,2,,586,3810,72.9105
K2-240 c,K2-240,1,2,2018,Transit,K2,20.523,0.1159,1.8,,389,3810,72.9105
K2-241 b,K2-241,1,1,2018,Transit,K2,26.8199,0.1567,2.55,,507,5262,149.464
K2-242 b,K2-242,1,1,2018,Transit,K2,6.51389,0.0494,2.54,,416,3459,109.237
K2-243 b,K2-243,1,2,2018,Transit,K2,11.54182,0.1087,2.17,,1035,6570,266.864
K2-243 c,K2-243,1,2,2018,Transit,K2,24.94598,0.1817,2.01,,801,6570,266.864
K2-244 b,K2-244,1,1,2018,Transit,K2,21.06884,0.1418,1.75,,638,5677,212.902
K2-245 b,K2-245,1,1,2018,Transit,K2,11.89307,0.0959,4.34,,923,5793,456.064
K2-246 b,K2-246,1,1,2018,Transit,K2,5.76918,0.0602,3.49,,977,5610,703.616
K2-247 b,K2-247,1,2,2018,Transit,K2,2.25021,0.0304,2.12,,979,4667,258.113
K2-247 c,K2-247,1,2,2018,Transit,K2,6.49424,0.0615,2.19,,688,4667,258.113
K2-248 b,K2-248,1,1,2018,Transit,K2,7.17256,0.0699,2.57,,886,5528,406.254
K2-249 b,K2-249,1,1,2018,Transit,K2,12.409,0.1151,2.79,,1061,6504,521.716
K2-25 b,K2-25,1,1,2015,Transit,K2,3.48456408,0.0287,3.44,24.5,494,3207,44.9565
K2-250 b,K2-250,1,1,2018,Transit,K2,4.01392,0.04606,2.71257333,,1003,5003,414.708
K2-251 b,K2-251,1,1,2018,Transit,K2,9.30075,0.0694,2.35,,437,3717,147.03
K2-252 b,K2-252,1,1,2018,Transit,K2,13.81513,0.1041,1.74,,639,5152,228.839
K2-253 b,K2-253,1,1,2018,Transit,K2,4.00167,0.0506,12.67,,1238,6027,876.565
K2-254 b,K2-254,1,2,2018,Transit,K2,4.09639,0.0448,1.63,,791,4629,227.775
K2-254 c,K2-254,1,2,2018,Transit,K2,12.11839,0.0923,2.19,,551,4629,227.775
K2-255 b,K2-255,1,1,2018,Transit,K2,1.96417,0.0274,2.9,,1034,4676,191.608
K2-257 b,K2-257,1,1,2018,Transit,K2,1.60588,0.0216,0.83,,789,3725,64.0065
K2-258 b,K2-258,1,1,2018,Transit,K2,19.0921,0.149,3,,831,6351,661.873
K2-259 b,K2-259,1,1,2018,Transit,K2,15.48043,0.1271,2.32,,795,6059,416.457
K2-26 b,K2-26,1,1,2016,Transit,K2,14.5665,0.0962,2.67,,430,3785,99.0504
K2-260 b,K2-260,1,1,2018,Transit,K2,2.62669762,0.04392,18.41635529,546.66486,2090,6860,663.834
K2-261 b,K2-261,1,1,2018,Transit,K2,11.6334681,0.1086,9.26982704,68.96876432,1036,5490,213.283
K2-263 b,K2-263,1,1,2018,Transit,K2,50.819172,0.2573,2.513,15.4,482,5368,162.481
K2-264 b,K2-264,1,2,2018,Transit,K2,5.840002,0.05023,2.231,,496,3660,185.605
K2-264 c,K2-264,1,2,2018,Transit,K2,19.660302,0.11283,2.668,,331,3660,185.605
K2-265 b,K2-265,2,1,2018,Transit,K2,2.36902,0.03359,1.70824866,7.3418362,1366,5420,138.671
K2-266 b,K2-266,2,4,2018,Transit,K2,0.658524,0.01306,3.3,11.26782377,1515,4285,77.5586
K2-266 c,K2-266,2,4,2018,Transit,K2,7.814,0.0679,0.705,0.29013072,664.5,4285,77.5586
K2-266 d,K2-266,2,4,2018,Transit,K2,14.697,0.1035,2.93,8.9,538.3,4285,77.5586
K2-266 e,K2-266,2,4,2018,Transit,K2,19.482,0.1249,2.73,14.3,490.1,4285,77.5586
K2-268 b,K2-268,1,5,2018,Transit,K2,2.151676,,1.5,,1136,5106,327.783
K2-268 c,K2-268,1,5,2018,Transit,K2,9.327527,,2.69,,696,5106,327.783
K2-268 d,K2-268,1,5,2021,Transit,K2,4.528598,,1.49,,888,5106,327.783
K2-268 e,K2-268,1,5,2021,Transit,K2,6.131243,,1.33,,801,5106,327.783
K2-268 f,K2-268,1,5,2021,Transit,K2,26.27057,,2.23,,492,5106,327.783
K2-269 b,K2-269,1,1,2018,Transit,K2,4.144965,0.0531,1.57,,1429,6209,360.76
K2-27 b,K2-27,3,1,2016,Transit,K2,6.771347,,4.74,30.2,836,5246,249.645
K2-270 b,K2-270,1,2,2018,Transit,K2,1.543069,0.0247,1.38,,1203,4877,280.518
K2-270 c,K2-270,1,2,2018,Transit,K2,4.400028,0.0497,2.95,,848,4877,280.518
K2-271 b,K2-271,1,1,2018,Transit,K2,8.562421,0.077,7.28,,893,5644,564.454
K2-272 b,K2-272,1,1,2018,Transit,K2,14.4536756,0.1007,3.13,,747,5397,423.065
K2-273 b,K2-273,1,1,2018,Transit,K2,11.7195663,0.0729,3.05,,849,5161,308.105
K2-274 b,K2-274,1,1,2018,Transit,K2,14.1330314,0.0964,2.08,,655,5044,228.327
K2-275 b,K2-275,1,2,2018,Transit,K2,3.2809626,0.0277,2.34,,1166,4841,123.438
K2-275 c,K2-275,1,2,2018,Transit,K2,8.4388385,0.0881,2.21,,653,4841,123.438
K2-276 b,K2-276,1,1,2018,Transit,K2,18.718269,0.1291,3.77,,583,5139,488.152
K2-277 b,K2-277,1,1,2018,Transit,K2,6.326768,0.0664,2.18575124,,1049,5680,113.123
K2-278 b,K2-278,1,1,2018,Transit,K2,3.334966,0.0488,2.98,,1711,6747,786.439
K2-279 b,K2-279,1,1,2018,Transit,K2,7.122605,0.067,1.21,,879,5558,182.983
K2-28 b,K2-28,1,1,2016,Transit,K2,2.260455,0.0214,2.32,,568,3214,62.9969
K2-280 b,K2-280,1,1,2018,Transit,K2,19.89526,0.1461,7.5,37.1,787,5500,391.537
K2-281 b,K2-281,1,1,2018,Transit,K2,8.687721,0.0773,8.18,,665,4812,458.139
K2-282 b,K2-282,1,2,2018,Transit,K2,4.169783,,2.5,,,5499,496.289
K2-283 b,K2-283,1,1,2018,Transit,K2,1.921036,0.0291,3.52,,1186,5060,402.915
K2-284 b,K2-284,1,1,2018,Transit,K2,4.795069,0.04771,2.78,,653,4140,107.272
K2-285 b,K2-285,1,4,2018,Transit,K2,3.471745,0.03817,2.59,9.68,1088.9,4975,154.961
K2-285 c,K2-285,1,4,2018,Transit,K2,7.138048,0.0824,3.53,15.68,741.4,4975,154.961
K2-285 d,K2-285,1,4,2018,Transit,K2,10.45582,0.1178,2.48,6.5,619.9,4975,154.961
K2-285 e,K2-285,1,4,2018,Transit,K2,14.76289,0.18041,1.95,10.7,500.9,4975,154.961
K2-286 b,K2-286,1,1,2018,Transit,K2,27.359,0.1768,2.1,,347,3926,76.1486
K2-287 b,K2-287,1,1,2018,Transit,K2,14.893291,0.1206,9.494023,100.11645,804,5695,158.335
K2-288 B b,K2-288 B,2,1,2018,Transit,K2,31.393463,0.164,1.9,,226.36,3341,65.6138
K2-289 b,K2-289,1,1,2019,Transit,K2,13.156969,0.107,9.1,,753,5529,274.3
K2-29 b,K2-29,2,1,2016,Transit,K2,3.2588321,0.04217,13.33871,232.0159,1171,5358,178.475
K2-290 b,K2-290,3,2,2019,Transit,K2,9.21165,0.0923,3.06,10.9,1230,6302,272.909
K2-290 c,K2-290,3,2,2019,Transit,K2,48.36685,0.305,11.276254,246.00042,676,6302,272.909
K2-291 b,K2-291,1,1,2019,Transit,K2,2.225177,0.03261,1.589,6.49,,5520,90.0562
K2-292 b,K2-292,1,1,2019,Transit,K2,16.9841,0.13,2.63,24.5,795,5725,114.293
K2-293 b,K2-293,1,1,2019,Transit,K2,13.1225,,2.45,,750,5532,392.251
K2-294 b,K2-294,1,1,2019,Transit,K2,2.50387,,1.66,,1425,5612,373.078
K2-295 b,K2-295,1,1,2018,Transit,K2,4.024867,0.0451,10.054473,106.47305,852,4444,232.801
K2-3 b,K2-3,1,3,2015,Transit,K2,10.0546535,0.0747,2.078,5.11,501.3,3844,44.0727
K2-3 c,K2-3,1,3,2015,Transit,K2,24.646729,0.1357,1.582,2.68,371.8,3844,44.0727
K2-3 d,K2-3,1,3,2015,Transit,K2,44.55603,0.2014,1.458,2.2,305.2,3844,44.0727
K2-30 b,K2-30,1,1,2016,Transit,K2,4.098503,0.04839,11.646151,184.02357,1092,5425,333.042
K2-308 b,K2-308,1,1,2019,Transit,K2,3.38628,,9.916,,,6100,1314.53
K2-31 b,K2-31,2,1,2016,Transit,K2,1.25785,0.022,11.88154,563.83042,,5280,110.527
K2-312 c,HD 80653,1,2,2023,Radial Velocity,Roque de los Muchachos Observatory,871.32,1.882,,1681.312273,229,5959,109.86
K2-315 b,K2-315,1,1,2020,Transit,K2,3.1443189,,0.95,,460,3300,56.9686
K2-316 b,K2-316,1,2,2020,Transit,K2,1.133,0.0147,1.33,,841,3436,112.486
K2-316 c,K2-316,1,2,2020,Transit,K2,5.26,0.0582,1.83,,423,3436,112.486
K2-317 b,K2-317,1,1,2020,Transit,K2,6.22,0.0542,2.93,,432,3387,176.291
K2-318 b,K2-318,1,1,2020,Transit,K2,7.01,0.0911,1.66,,456,3851,147.866
K2-319 b,K2-319,1,1,2020,Transit,K2,26.68,0.1516,2.79,,641,5440,209.071
K2-32 b,K2-32,2,4,2016,Transit,K2,8.992,0.0795,5.299,15,837,5271,157.682
K2-32 c,K2-32,2,4,2016,Transit,K2,20.66093,0.13843,3.134,8.1,634,5271,157.682
K2-32 d,K2-32,2,4,2016,Transit,K2,31.71701,0.18422,3.484,6.7,550,5271,157.682
K2-32 e,K2-32,2,4,2019,Transit,K2,4.34934,0.04899,1.212,2.1,1066,5271,157.682
K2-320 b,K2-320,1,1,2020,Transit,K2,1.995,0.0142,2.62,,698,3157,108.74
K2-321 b,K2-321,1,1,2020,Transit,K2,2.2979749,0.02839,2.05124347,,830,3750,77.6888
K2-322 b,K2-322,1,1,2020,Transit,K2,8.205,0.0594,1.92,,635,4141,123.415
K2-323 b,K2-323,1,1,2020,Transit,K2,24.93,0.1275,2.1,,318,3710,118.318
K2-324 b,K2-324,1,1,2020,Transit,K2,3.262,0.0331,2.43,,707,3752,136.667
K2-325 b,K2-325,1,1,2020,Transit,K2,6.93,0.0419,2.2,,423,3287,111.638
K2-326 b,K2-326,1,1,2020,Transit,K2,1.256,0.0198,2.28,,1114,3924,282.308
K2-329 b,K2-329,1,1,2020,Transit,K2,12.4551225,0.1016,8.675766,82.6358,650,5282,233.237
K2-33 b,K2-33,1,1,2016,Transit,K2,5.424865,,5.04,1175.971,,3540,139.268
K2-330 b,K2-330,1,1,2021,Transit,K2,13.774798,,2.77,,969,6232,160.125
K2-331 b,K2-331,1,2,2021,Transit,K2,9.398977,,1.79,,909,5994,211.43
K2-331 c,K2-331,1,2,2021,Transit,K2,22.996591,,2.72,,673,5994,211.43
K2-332 b,K2-332,1,1,2021,Transit,K2,17.70632,,2.2,,266,3315,123.202
K2-333 b,K2-333,1,1,2021,Transit,K2,14.759287,,6.18,,826,5880,343.99
K2-334 b,K2-334,1,1,2021,Transit,K2,5.113981,,5.65,,1380,6502,371.823
K2-335 b,K2-335,1,1,2021,Transit,K2,12.283211,,2.21,,949,6222,557.993
K2-336 b,K2-336,1,1,2021,Transit,K2,21.194733,,1.22,,569,5424,239.289
K2-337 b,K2-337,1,1,2021,Transit,K2,16.273563,,2.62,,850,5869,421.636
K2-338 b,K2-338,1,1,2021,Transit,K2,3.850614,,1.03,,783,4558,156.951
K2-339 b,K2-339,1,1,2021,Transit,K2,19.507428,,1.92,,508,4857,360.36
K2-34 b,K2-34,1,1,2016,Transit,K2,2.9956348,0.0442,13.75,,1687,6168,348.646
K2-340 b,K2-340,1,1,2021,Transit,K2,29.740451,,3.36,,606,5532,738.136
K2-341 b,K2-341,1,1,2021,Transit,K2,36.552551,,3.21,,598,5817,421.408
K2-342 b,K2-342,1,1,2021,Transit,K2,11.561052,,2.03,,861,5920,208.357
K2-343 b,K2-343,1,2,2021,Transit,K2,2.787174,,1.65,,653,3804,166.169
K2-343 c,K2-343,1,2,2021,Transit,K2,7.676972,,2.02,,465,3804,166.169
K2-344 b,K2-344,1,1,2021,Transit,K2,3.35585,,1.59,,722,4374,75.1691
K2-345 b,K2-345,1,1,2021,Transit,K2,10.367437,,2.11,,437,3779,162.408
K2-346 b,K2-346,1,1,2021,Transit,K2,26.201446,,2.26,,450,4801,105.58
K2-347 b,K2-347,1,1,2021,Transit,K2,7.187257,,2.41,,640,4599,320.336
K2-348 b,K2-348,1,2,2021,Transit,K2,4.688418,,3.26,,908,5077,201.856
K2-348 c,K2-348,1,2,2021,Transit,K2,12.550171,,2.67,,655,5077,201.856
K2-349 b,K2-349,1,1,2021,Transit,K2,9.032178,,1.38,,518,4385,453.567
K2-35 b,K2-35,1,2,2016,Transit,K2,2.399964,0.031,1.32,,,4402.71,252.596
K2-35 c,K2-35,1,2,2016,Transit,K2,5.608352,0.055,1.93,,,4402.71,252.596
K2-350 b,K2-350,1,2,2021,Transit,K2,4.163873,,1.54,,1158,5789,489.368
K2-350 c,K2-350,1,2,2016,Transit,K2,19.991944,,2.74,,687,5789,489.368
K2-351 b,K2-351,1,1,2021,Transit,K2,7.806164,,2.54,,934,5769,694.734
K2-352 b,K2-352,1,3,2021,Transit,K2,3.665912,,1.37,,1160,5791,176.051
K2-352 c,K2-352,1,3,2021,Transit,K2,8.234885,,1.92,,885,5791,176.051
K2-352 d,K2-352,1,3,2021,Transit,K2,14.871387,,2.23,,727,5791,176.051
K2-353 b,K2-353,1,1,2021,Transit,K2,15.466805,,5.55,,735,5698,268.515
K2-354 b,K2-354,1,1,2021,Transit,K2,3.793306,,1.56,,543,3669,91.722
K2-355 b,K2-355,1,1,2021,Transit,K2,5.7385647,0.0632,2.25,,1066,5790,500.497
K2-356 b,K2-356,1,1,2021,Transit,K2,21.0267366,0.1599,2.29,,624,5568,355.54
K2-357 b,K2-357,1,1,2021,Transit,K2,16.3488637,0.145,3.72,,735,5794,517.687
K2-358 b,K2-358,1,1,2021,Transit,K2,11.2510285,0.0863,2.68,,888,5650,480.307
K2-36 b,K2-36,1,2,2016,Transit,K2,1.422614,0.02288,1.43,4.3,1328,4916,109.749
K2-36 c,K2-36,1,2,2016,Transit,K2,5.340888,0.05528,3.2,7.9,854,4916,109.749
K2-360 c,EPIC 201595106,1,2,2024,Radial Velocity,Multiple Observatories,9.79692,0.0883,,15.23,912,5679,232.1
K2-365 b,K2-365,1,1,2022,Transit,K2,23.448172,,2.906,,,5561,187.222
K2-366 b,K2-366,1,1,2022,Transit,K2,15.937039,,2.359,,,5601,185.947
K2-367 b,K2-367,1,1,2022,Transit,K2,20.645099,,2.413,,,4348,176.965
K2-368 b,K2-368,1,3,2022,Transit,K2,5.025598,,1.332,,,4663,206.608
K2-368 c,K2-368,1,3,2022,Transit,K2,9.660186,,1.361,,,4663,206.608
K2-368 d,K2-368,1,3,2022,Transit,K2,20.201085,,1.948,,,4663,206.608
K2-369 b,K2-369,1,1,2022,Transit,K2,5.761612,,1.313,,,5682,185.55
K2-37 b,K2-37,1,3,2016,Transit,K2,4.4434,,1.39,,949,5352,179.943
K2-37 c,K2-37,1,3,2016,Transit,K2,6.42966,,2.41,,839,5352,179.943
K2-37 d,K2-37,1,3,2016,Transit,K2,14.09229,,2.31,12.5,646,5352,179.943
K2-370 b,K2-370,1,1,2022,Transit,K2,2.1408093,0.0321,2.67,11.1,,5662,144.202
K2-371 b,K2-371,1,1,2022,Transit,K2,3.114905,,13.024,,,4925,442.813
K2-372 b,K2-372,1,1,2022,Transit,K2,9.844077,,2.945,,,5479,463.88
K2-373 b,K2-373,1,1,2022,Transit,K2,11.02066,,2.061,,,6138,229.567
K2-374 b,K2-374,1,2,2022,Transit,K2,4.521953,,1.593,,,5789,359.439
K2-374 c,K2-374,1,2,2022,Transit,K2,16.43445,,2.213,,,5789,359.439
K2-375 b,K2-375,1,1,2022,Transit,K2,14.453895,,2.243,,,5822,696.1
K2-376 b,K2-376,1,1,2022,Transit,K2,5.776475,,1.736,,,5937,161.61
K2-377 b,K2-377,1,1,2022,Transit,K2,12.832235,,1.693,,,4200,195.149
K2-378 b,K2-378,1,1,2022,Transit,K2,2.060438,,2.88,,,4823,687.973
K2-379 b,K2-379,1,1,2022,Transit,K2,8.777247,,2.181,,,4603,182.207
K2-38 b,K2-38,1,2,2016,Transit,K2,4.01593,0.04994,1.54,7.3,1266,5731,192.69
K2-38 c,K2-38,1,2,2016,Transit,K2,10.56103,0.09514,2.29,8.3,916,5731,192.69
K2-380 b,K2-380,1,1,2022,Transit,K2,9.401312,,2.729,,,5911,249.303
K2-381 b,K2-381,1,3,2022,Transit,K2,7.9389334,,1.075,,,4473,145.701
K2-381 c,K2-381,1,3,2022,Transit,K2,16.034656,,2,,,4473,145.701
K2-381 d,K2-381,1,3,2022,Transit,K2,26.803023,,1.689,,,4473,145.701
K2-382 b,K2-382,1,1,2022,Transit,K2,21.700156,,2.072,,,5452,278.412
K2-383 b,K2-383,1,1,2022,Transit,K2,1.865962,,1.564,,,5129,203.788
K2-384 b,K2-384,1,5,2022,Transit,K2,2.231527,,1.076,,,3623,82.6603
K2-384 c,K2-384,1,5,2022,Transit,K2,4.194766,,1.191,,,3623,82.6603
K2-384 d,K2-384,1,5,2022,Transit,K2,6.679582,,1.392,,,3623,82.6603
K2-384 e,K2-384,1,5,2022,Transit,K2,9.715043,,1.345,,,3623,82.6603
K2-384 f,K2-384,1,5,2022,Transit,K2,13.62749,,2.222,,,3623,82.6603
K2-385 b,K2-385,1,1,2022,Transit,K2,2.380867,,1.539,,,4844,420.819
K2-386 b,K2-386,1,1,2022,Transit,K2,7.473223,,2.32,,,5749,428.785
K2-387 b,K2-387,1,1,2022,Transit,K2,28.735327,,7.322,,,3572,266.318
K2-388 b,K2-388,1,1,2022,Transit,K2,6.33932,,3.9,,874,5310,290.495
K2-389 b,K2-389,1,2,2022,Transit,K2,8.58289,,2.33,,932,5773,259.208
K2-389 c,K2-389,1,2,2022,Transit,K2,20.851337,,2.04,,,5782,259.208
K2-39 b,K2-39,1,1,2016,Transit,K2,4.60543,,6.27704,28.6047,,4881,307.47
K2-390 b,K2-390,1,1,2022,Transit,K2,3.312792,,4.662,,,5558,456.122
K2-391 b,K2-391,1,1,2022,Transit,K2,4.622654,,1.371,,,5543,507.94
K2-392 b,K2-392,1,1,2022,Transit,K2,15.398723,,1.85,,,5726,406.985
K2-393 b,K2-393,1,1,2022,Transit,K2,10.413181,,2.352,,,5678,265.914
K2-394 b,K2-394,1,1,2022,Transit,K2,5.095717,,1.692,,,4938,98.0152
K2-395 b,K2-395,1,2,2022,Transit,K2,4.803352,,2.597,,,5007,286.727
K2-395 c,K2-395,1,2,2022,Transit,K2,8.491282,,3.395,,,5007,286.727
K2-396 b,K2-396,1,2,2022,Transit,K2,0.673862,,1.579,,,5236,274.864
K2-396 c,K2-396,1,2,2022,Transit,K2,25.76051,,3.124,,,5236,274.864
K2-397 b,K2-397,1,1,2022,Transit,K2,3.572326,,2.417,,,5387,199.354
K2-398 b,K2-398,1,2,2022,Transit,K2,6.393025,,2.274,,,5946,606.992
K2-398 c,K2-398,1,2,2022,Transit,K2,18.787839,,5.098,,,5946,606.992
K2-4 b,K2-4,1,1,2015,Transit,K2,10.003417,0.078,2.1,,,4014.73,231.828
K2-400 b,K2-400,1,1,2022,Transit,K2,3.865053,,1.163,,,3578,62.3804
K2-401 b,K2-401,1,1,2022,Transit,K2,6.293099,,2.262,,,4213,200.727
K2-402 b,K2-402,1,1,2022,Transit,K2,17.27474,,2.678,,,5716,523.055
K2-403 b,K2-403,1,1,2022,Transit,K2,33.589979,,5.333,,,5511,246.599
K2-404 b,K2-404,1,1,2022,Transit,K2,13.115365,,2.53,,,3748,121.63
K2-405 b,K2-405,1,1,2022,Transit,K2,3.435471,,4.569,,,4927,197.234
K2-406 b,K2-406,1,1,2022,Transit,K2,22.549406,,4.602,,,5784,85.3751
K2-407 b,K2-407,1,2,2022,Transit,K2,4.941907,,1.283,,,5563,218.376
K2-407 c,K2-407,1,2,2022,Transit,K2,9.22453,,1.36,,,5563,218.376
K2-408 b,K2-408,1,1,2022,Transit,K2,20.978959,,1.677,,,5335,162.306
K2-409 b,K2-409,1,1,2022,Transit,K2,1.908084,,2.482,,,5742,431.031
K2-411 b,K2-411,1,1,2022,Transit,K2,3.2141,0.0511,0.9898,,,5711,298.219
K2-412 b,K2-412,1,1,2022,Transit,K2,5.9382,0.0586,2.116,,,5590,654.085
K2-413 b,K2-413,1,2,2022,Transit,K2,0.8094,0.0117,0.7599,,,4116,285.162
K2-413 c,K2-413,1,2,2022,Transit,K2,5.3301,0.0426,1.2327,,,4116,285.162
K2-414 b,K2-414,1,2,2022,Transit,K2,4.3696,0.0487,1.219,,,4343,260.036
K2-414 c,K2-414,1,2,2022,Transit,K2,6.669,0.0552,1.9287,,,4343,260.036
K2-415 b,K2-415,1,1,2023,Transit,K2,4.0179694,0.027,1.015,7.5,412.4,3173,21.8182
K2-416 b,K2-416,1,1,2023,Transit,K2,13.102,0.088,2.66,1652.707716,447,3746,120.311
K2-417 b,K2-417,1,1,2023,Transit,K2,6.535,0.063,3.31,699.2224954,558,3861,94.0424
K2-419 A b,K2-419 A,2,1,2024,Transit,K2,20.35847252,0.1208,10.55,196,377,3711,268.685
K2-42 b,K2-42,1,1,2016,Transit,K2,6.68796,0.0617,2.15,,,4613,396.913
K2-43 b,K2-43,1,2,2016,Transit,K2,3.471149,,4.51,,939.3,3840.6,182.536
K2-43 c,K2-43,1,2,2019,Transit,K2,2.198884,,2.42,,1093.7,3840.6,182.536
K2-44 b,K2-44,1,1,2016,Transit,K2,5.657,0.06,2.433,,,5912,476.703
K2-45 b,K2-45,1,1,2016,Transit,K2,1.7292684,0.0224,6.71,,,4103,495.317
K2-46 b,K2-46,1,1,2016,Transit,K2,19.1541,0.13821,2.05,,,6256,449.237
K2-47 b,K2-47,1,1,2016,Transit,K2,31.6372,0.1779,1.89,,,5054,349.881
K2-48 b,K2-48,1,1,2016,Transit,K2,20.5065,0.1344,2.24,,,4899,313.764
K2-49 b,K2-49,1,1,2016,Transit,K2,2.77065,0.0309,1.93,,,4175,457.125
K2-5 b,K2-5,1,2,2015,Transit,K2,5.73594,0.0532,1.91,,565,3930,202.943
K2-5 c,K2-5,1,2,2015,Transit,K2,10.93241,0.0818,2.26,,456,3930,202.943
K2-50 b,K2-50,1,2,2016,Transit,K2,8.7529,0.0705,1.59,,,4326,257.443
K2-52 b,K2-52,1,1,2016,Transit,K2,3.535055,0.054,18,,2004,7147,1038.41
K2-53 b,K2-53,1,1,2016,Transit,K2,12.20772,0.098,2.6,,665,5263,138.018
K2-54 b,K2-54,1,1,2016,Transit,K2,9.7833,0.0761,2.6116925,,560,3990,174.955
K2-55 b,K2-55,1,1,2016,Transit,K2,2.849271,,4.43,44,900,4300,159.522
K2-57 b,K2-57,1,1,2016,Transit,K2,9.0073,0.0752,2.30905002,,635.8,4413,264.213
K2-58 b,K2-58,1,3,2016,Transit,K2,7.05254,0.0692,2.68,,,5413,181.746
K2-58 c,K2-58,1,3,2016,Transit,K2,2.53726,0.035,1.62,,,5413,181.746
K2-58 d,K2-58,1,3,2016,Transit,K2,22.8827,0.1517,1.71,,,5413,181.746
K2-59 b,K2-59,1,2,2016,Transit,K2,20.6921,0.1354,2.41,,,5055,311.313
K2-59 c,K2-59,1,2,2016,Transit,K2,11.2954,0.0905,2.3,,,5055,311.313
K2-6 b,K2-6,1,1,2015,Transit,K2,30.94191,0.1898,2.5,,615,5850,316.819
K2-60 b,K2-60,1,1,2016,Transit,K2,3.00265,0.045,7.655747,135.39558,1400,5500,491.87
K2-61 b,K2-61,1,1,2016,Transit,K2,2.57336,,1.92,,1325,5748,405.732
K2-62 b,K2-62,1,2,2016,Transit,K2,6.67199,,2.02,,666,4455,112.467
K2-62 c,K2-62,1,2,2016,Transit,K2,16.19697,,1.99,,495,4455,112.467
K2-63 b,K2-63,1,2,2016,Transit,K2,20.257,0.1627,3.22,,,6771,517.534
K2-63 c,K2-63,1,2,2016,Transit,K2,25.4556,0.189,3.9,,,6771,517.534
K2-64 b,K2-64,1,1,2016,Transit,K2,6.53044,0.0619,2.07,,,5312,499.891
K2-65 b,K2-65,1,1,2016,Transit,K2,12.6475,0.1014,1.58,,,5213,
K2-66 b,K2-66,1,1,2016,Transit,K2,5.06963,0.05983,2.49,21.3,1372,5887,513.877
K2-68 b,K2-68,1,1,2016,Transit,K2,8.05428,0.0708,1.58,,,4746,168.652
K2-69 b,K2-69,1,1,2016,Transit,K2,7.06599,0.0591,2.32,,,4127,180.697
K2-7 b,K2-7,1,1,2015,Transit,K2,28.6781,0.1867,4.03523305,,786,5700,738.553
K2-70 b,K2-70,1,1,2016,Transit,K2,13.97896,0.1112,2.89,,,5622,232.964
K2-71 b,K2-71,1,1,2016,Transit,K2,6.98541,0.0559,2.15,,,4006,153.192
K2-72 b,K2-72,1,4,2016,Transit,K2,5.577212,0.04,1.08,,,3360.47,66.4321
K2-72 c,K2-72,1,4,2016,Transit,K2,15.189034,0.078,1.16,,,3360.47,66.4321
K2-72 d,K2-72,1,4,2016,Transit,K2,7.760178,0.05,1.01,,,3360.47,66.4321
K2-72 e,K2-72,1,4,2016,Transit,K2,24.158868,0.106,1.29,,,3360.47,66.4321
K2-73 b,K2-73,1,2,2016,Transit,K2,7.49556,,2.58,9.2,968,5867,269.183
K2-73 c,K2-73,1,2,2025,Radial Velocity,W. M. Keck Observatory,1000,,,1142,186.1,5867,269.183
K2-74 b,K2-74,1,1,2016,Transit,K2,19.5666,0.1402,2.31,,,6060,377.822
K2-75 b,K2-75,1,2,2016,Transit,K2,7.8142,0.081,2.67,,,5995,561.93
K2-75 c,K2-75,1,2,2016,Transit,K2,18.311,0.1429,2.77,,,5995,561.93
K2-77 b,K2-77,1,1,2016,Transit,K2,8.2000844,0.0753,2.4996027,,806,5160,141.731
K2-79 b,K2-79,1,1,2016,Transit,K2,10.995039,0.0987,4.15,5.9,1033,5897,256.011
K2-8 b,K2-8,1,2,2015,Transit,K2,10.35239,0.0856,3.58,,631,4870,403.513
K2-8 c,K2-8,1,2,2016,Transit,K2,5.06416,0.0532,2.41,,801,4870,403.513
K2-80 b,K2-80,1,3,2016,Transit,K2,19.0918,0.135,2.01,,,5441,200.802
K2-80 c,K2-80,1,3,2016,Transit,K2,5.605,0.0596,1.47,,,5441,200.802
K2-80 d,K2-80,1,3,2018,Transit,K2,28.867253,,2.55211506,,,5377,200.802
K2-81 b,K2-81,1,1,2016,Transit,K2,6.102325,0.059,1.97,,,4674.13,252.318
K2-83 b,K2-83,1,2,2016,Transit,K2,2.74697,0.03014,1.244,,,3910,125.529
K2-83 c,K2-83,1,2,2016,Transit,K2,9.99767,0.07131,1.483,,,3910,125.529
K2-84 b,K2-84,1,2,2016,Transit,K2,6.4215,0.0665,2.41,,,5652,284.876
K2-84 c,K2-84,1,2,2016,Transit,K2,27.86,0.1768,2.03,,,5652,284.876
K2-85 b,K2-85,1,1,2016,Transit,K2,0.684538626,,1.4,3.2,1355,4232,97.2179
K2-86 b,K2-86,1,1,2016,Transit,K2,8.77683,0.077,1.96,,,5482,258.699
K2-87 b,K2-87,1,1,2016,Transit,K2,9.726618,0.094,7.6,,979,5747,491.242
K2-88 b,K2-88,1,1,2016,Transit,K2,4.6122,0.0345,1.23,,,3537,110.561
K2-89 b,K2-89,1,1,2016,Transit,K2,1.096026,0.01462,0.615,,,3691,86.0386
K2-9 b,K2-9,1,1,2015,Transit,K2,18.4498,0.091,2.25,,314,3390,82.9631
K2-90 b,K2-90,1,2,2016,Transit,K2,13.733314,0.096,2.6,,502,4484,134.188
K2-90 c,K2-90,1,2,2016,Transit,K2,2.900706,0.035,1.3,,,4421.98,134.188
K2-91 b,K2-91,1,1,2016,Transit,K2,1.419549,0.0164,1.1,,,3622,62.5785
K2-95 b,K2-95,1,1,2016,Transit,K2,10.1346454,0.0525,3.31,,474,3566,179.854
K2-97 b,K2-97,1,1,2016,Transit,K2,8.407115,0.0854,13.45077684,174.4877954,1566,4673,878.43
K2-98 b,K2-98,1,1,2016,Transit,K2,10.1367349,0.0986,5.06645928,34.00763955,1185,6260,518.625
K2-99 b,K2-99,1,2,2016,Transit,K2,18.24783,0.153,11.88151954,276.5107141,1184,6069,519.229
K2-99 c,K2-99,1,2,2022,Radial Velocity,Multiple Observatories,522.2,1.43,,2669.758619,390,6069,519.229
KELT-1 b,KELT-1,1,1,2012,Transit,KELT,1.217514,0.02466,12.442,8654.15,,6516,268.43
KELT-10 b,KELT-10,1,1,2016,Transit,KELT-South,4.1662739,0.0525,15.681391,215.80657,1377,5948,188.404
KELT-11 b,KELT-11,1,1,2017,Transit,KELT-South,4.73620865,0.0623,15.13212395,65.15482343,1712,5375,99.1596
KELT-12 b,KELT-12,1,1,2017,Transit,KELT-North,5.031623,0.06708,19.95202,301.9385,1800,6279,368.03
KELT-14 b,KELT-14,1,1,2016,Transit,KELT-South,1.7100566,0.03005,19.537287,408.09372,1970,5720,250.121
KELT-15 b,KELT-15,2,1,2016,Transit,KELT-South,3.32944,,19.50366,416.3573,,6003,324.683
KELT-16 b,KELT-16,2,1,2017,Transit,KELT,0.9689951,0.02044,15.860735,874.0325,2453,6236,444.586
KELT-17 b,KELT-17,1,1,2016,Transit,KELT,3.0801716,0.04881,17.093725,416.3573,2087,7454,226.5
KELT-18 b,KELT-18,2,1,2017,Transit,KELT-North,2.8717518,0.0455,17.59813,375.0394,2085,6670,321.376
KELT-19 A b,KELT-19 A,2,1,2017,Transit,KELT,4.6117093,0.0637,21.40919,1293.5681,1935,7500,300.276
KELT-2 A b,KELT-2 A,2,1,2012,Transit,KELT,4.11379,,15.13215,540.311,,6327,134.058
KELT-20 b,KELT-20,1,1,2017,Transit,KELT-North,3.4741085,0.0542,19.514869,1074.90106,2262,8720,136.426
KELT-21 b,KELT-21,1,1,2018,Transit,KELT-North,3.6127647,0.05224,17.777474,1242.7153,2051,7598,470.878
KELT-23 A b,KELT-23 A,2,1,2019,Transit,KELT-North,2.255251,0.03302,14.829507,298.12454,1561,5899,126.261
KELT-24 b,KELT-24,2,1,2019,Transit,KELT-North,5.55149296,0.0665,12.71098411,1458.832388,1391,6426,96.5173
KELT-3 b,KELT-3,2,1,2013,Transit,KELT,2.70339,,17.48604,616.5902,,6304,210.252
KELT-4 A b,KELT-4 A,3,1,2016,Transit,KELT,2.9895932,0.04317,19.044091,286.68266,1823,6206,218.05
KELT-6 b,KELT-6,1,2,2014,Transit,KELT,7.8457,,14.5717,165.2716,,6102,240.726
KELT-6 c,KELT-6,1,2,2015,Radial Velocity,Multiple Observatories,1276,2.39,,1179.1493,,6272,240.726
KELT-7 b,KELT-7,1,1,2015,Transit,KELT,2.73477,,17.9344,441.7837,,6768,136.681
KELT-8 b,KELT-8,1,1,2015,Transit,KELT,3.24406,,18.15858,209.7678,,5754,197.572
KELT-9 b,KELT-9,2,1,2017,Transit,KELT-North,1.4811235,0.03368,21.70058664,915.3458122,3921,9270,204.455
KIC 10001893 b,KIC 10001893,1,3,2014,Orbital Brightness Modulation,Kepler,0.2197,,,,,27500,1672.94
KIC 10001893 c,KIC 10001893,1,3,2014,Orbital Brightness Modulation,Kepler,0.32528,,,,,27500,1672.94
KIC 10001893 d,KIC 10001893,1,3,2014,Orbital Brightness Modulation,Kepler,0.81161,,,,,27500,1672.94
KIC 10068024 b,KIC 10068024,1,1,2021,Orbital Brightness Modulation,Kepler,2.073549,,,635.656814,,6118.4,721.105
KIC 10525077 b,KIC 10525077,1,1,2015,Transit,Kepler,854.083,,5.5,,,6091,1461.15
KIC 3526061 b,KIC 3526061,1,1,2022,Radial Velocity,McDonald Observatory,3552,5.14,,5768.585587,,4829,401.229
KIC 3558849 b,KIC 3558849,1,1,2015,Transit,Kepler,1322.3,,6.9,,,6175,1215.7
KIC 5437945 b,KIC 5437945,1,2,2015,Transit,Kepler,440.7813,,6.4,,,6340,1274.01
KIC 5479689 b,KIC 5479689,1,1,2021,Orbital Brightness Modulation,Kepler,1.701531,,,158.9142035,,5459.1,454.95
KIC 7917485 b,KIC 7917485,1,1,2016,Pulsation Timing Variations,Kepler,840,,,3750.394,,7067,1382.89
KIC 8121913 b,KIC 8121913,1,1,2021,Orbital Brightness Modulation,Kepler,3.294601,,,667.4396547,,5975.3,707.303
KIC 8540376 b,KOI-7892,1,3,2015,Transit,Kepler,31.8099,,4.1,,,6474,1072.3
KIC 8540376 c,KOI-7892,1,3,2015,Transit,Kepler,75.2,,2.4,,,6474,1072.3
KIC 9663113 b,KIC 9663113,1,2,2015,Transit,Kepler,572.3847,,4.6,,,6065,1594.74
KMT-2016-BLG-0212L b,KMT-2016-BLG-0212L,1,1,2018,Microlensing,KMTNet,,2.2,,5700,,,6300
KMT-2016-BLG-1105L b,KMT-2016-BLG-1105L,1,1,2023,Microlensing,KMTNet,,2.44,,2.32,,,5080
KMT-2016-BLG-1107L b,KMT-2016-BLG-1107L,1,1,2019,Microlensing,KMTNet,,0.342,,1043,,,6651
KMT-2016-BLG-1337L b,KMT-2016-BLG-1337L,2,1,2026,Microlensing,KMTNet,,3.97,,88.99195396,,,6920
KMT-2016-BLG-1397L b,KMT-2016-BLG-1397L,1,1,2018,Microlensing,KMTNet,,5.1,,2200,,,6600
KMT-2016-BLG-1820L b,KMT-2016-BLG-1820L,1,1,2018,Microlensing,KMTNet,,1.08,,1450,,,6260
KMT-2016-BLG-1836L b,KMT-2016-BLG-1836L,1,1,2019,Microlensing,KMTNet,,3.5,,700,,,7100
KMT-2016-BLG-2142L b,KMT-2016-BLG-2142L,1,1,2018,Microlensing,KMTNet,,0.83,,4923,,,7010
KMT-2016-BLG-2321L b,KMT-2016-BLG-2321L,1,1,2024,Microlensing,KMTNet,,3.58,,301.9369867,,,3580
KMT-2016-BLG-2364L b,KMT-2016-BLG-2364L,1,1,2020,Microlensing,KMTNet,,2.63,,1250,,,6440
KMT-2016-BLG-2397L b,KMT-2016-BLG-2397L,1,1,2020,Microlensing,KMTNet,,3.64,,836,,,4880
KMT-2016-BLG-2605L b,KMT-2016-BLG-2605L,1,1,2021,Microlensing,KMTNet,,0.681,,245.0457018,,,6421
KMT-2017-BLG-0165L b,KMT-2017-BLG-0165L,1,1,2018,Microlensing,KMTNet,,3.45,,34,,,4530
KMT-2017-BLG-0428L b,KMT-2017-BLG-0428L,1,1,2023,Microlensing,KMTNet,,1.81,,5.59,,,5400
KMT-2017-BLG-0673L b,KMT-2017-BLG-0673L,1,1,2022,Microlensing,KMTNet,,2.34,,1166.430254,,,5080
KMT-2017-BLG-0849L b,KMT-2017-BLG-0849L,1,1,2024,Microlensing,KMTNet,,2.73,,6.39,,,7220
KMT-2017-BLG-1003L b,KMT-2017-BLG-1003L,1,1,2023,Microlensing,KMTNet,,1.38,,5.19,,,7090
KMT-2017-BLG-1038L b,KMT-2017-BLG-1038L,1,1,2019,Microlensing,KMTNet,,1.8,,640,,,6000
KMT-2017-BLG-1057L b,KMT-2017-BLG-1057L,1,1,2024,Microlensing,KMTNet,,2.36,,23.5,,,6500
KMT-2017-BLG-1146L b,KMT-2017-BLG-1146L,1,1,2019,Microlensing,KMTNet,,1.6,,230,,,6500
KMT-2017-BLG-1194L b,KMT-2017-BLG-1194L,1,1,2023,Microlensing,KMTNet,,1.78,,3.54,,,4240
KMT-2017-BLG-2197L b,KMT-2017-BLG-2197L,1,1,2025,Microlensing,KMTNet,,15.91,,2809.603118,,,7800
KMT-2017-BLG-2331L b,KMT-2017-BLG-2331L,1,1,2024,Microlensing,KMTNet,,2.14,,171,,,8030
KMT-2017-BLG-2509L b,KMT-2017-BLG-2509L,1,1,2021,Microlensing,KMTNet,,2.14,,664.2613706,,,7040
KMT-2018-BLG-0029L b,KMT-2018-BLG-0029L,1,1,2020,Microlensing,KMTNet,,4.27,,7.59,,,3380
KMT-2018-BLG-0030L b,KMT-2018-BLG-0030L,1,1,2022,Microlensing,KMTNet,,4.39,,460.8511902,,,6480
KMT-2018-BLG-0087L b,KMT-2018-BLG-0087L,1,1,2022,Microlensing,KMTNet,,0.87,,73.10053361,,,7020
KMT-2018-BLG-0247L b,KMT-2018-BLG-0247L,1,1,2022,Microlensing,KMTNet,,2.46,,670.6179388,,,6760
KMT-2018-BLG-0748L b,KMT-2018-BLG-0748L,1,1,2020,Microlensing,KMTNet,,0.62,,60,,,7300
KMT-2018-BLG-0885L b,KMT-2018-BLG-0885L,1,1,2023,Microlensing,KMTNet,,1.07,,9217.023803,,,6890
KMT-2018-BLG-1025L b,KMT-2018-BLG-1025L,1,1,2021,Microlensing,KMTNet,,1.305,,6.059,,,6705
KMT-2018-BLG-1292L b,KMT-2018-BLG-1292L,1,1,2020,Microlensing,KMTNet,,6.03,,1400,,,3460
KMT-2018-BLG-1743L b,KMT-2018-BLG-1743L,1,1,2021,Microlensing,KMTNet,,1.449,,77.86795971,,,6483
KMT-2018-BLG-1976L b,KMT-2018-BLG-1976L,1,1,2021,Microlensing,KMTNet,,3.54,,705.5790635,,,5840
KMT-2018-BLG-1988L b,KMT-2018-BLG-1988L,1,1,2022,Microlensing,KMTNet,,3.09,,5.56,,,4150
KMT-2018-BLG-1990L b,KMT-2018-BLG-1990L,1,1,2019,Microlensing,KMTNet,,0.763,,111,,,967
KMT-2018-BLG-1996L b,KMT-2018-BLG-1996L,1,1,2021,Microlensing,KMTNet,,4.27,,346.4329636,,,5910
KMT-2018-BLG-2602L b,KMT-2018-BLG-2602L,1,1,2022,Microlensing,KMTNet,,3.81,,365.5026681,,,4310
KMT-2019-BLG-0253L b,KMT-2019-BLG-0253L,1,1,2022,Microlensing,KMTNet,,3.1,,9.2,,,4900
KMT-2019-BLG-0297L b,KMT-2019-BLG-0297L,1,1,2023,Microlensing,KMTNet,,0.96,,6038.739733,,,3090
KMT-2019-BLG-0298L b,KMT-2019-BLG-0298L,1,1,2023,Microlensing,KMTNet,,5.67,,575.2694167,,,6710
KMT-2019-BLG-0335L b,KMT-2019-BLG-0335L,1,1,2023,Microlensing,KMTNet,,1.64,,6674.396547,,,7710
KMT-2019-BLG-0371L b,KMT-2019-BLG-0371L,1,1,2021,Microlensing,KMTNet,,0.79,,2447.278734,,,7010
KMT-2019-BLG-0414L b,KMT-2019-BLG-0414L,1,1,2022,Microlensing,KMTNet,,1.16,,1452.47582,,,4410
KMT-2019-BLG-0578L b,KMT-2019-BLG-0578L,1,1,2025,Microlensing,KMTNet,,2,,381.3940884,,,7300
KMT-2019-BLG-0842L b,KMT-2019-BLG-0842L,1,1,2020,Microlensing,KMTNet,,3.31,,10.28,,,3320
KMT-2019-BLG-0953L b,KMT-2019-BLG-0953L,1,1,2022,Microlensing,KMTNet,,1.1,,15.5,,,7200
KMT-2019-BLG-1042L b,KMT-2019-BLG-1042L,1,1,2022,Microlensing,KMTNet,,1.7,,60.38739733,,,6600
KMT-2019-BLG-1216L b,KMT-2019-BLG-1216L,1,1,2023,Microlensing,KMTNet,,2.44,,29.87587026,,,2740
KMT-2019-BLG-1339L b,KMT-2019-BLG-1339L,1,1,2020,Microlensing,KMTNet,,2.15,,397,,,6120
KMT-2019-BLG-1367L b,KMT-2019-BLG-1367L,1,1,2023,Microlensing,KMTNet,,1.7,,4.08,,,4670
KMT-2019-BLG-1552L b,KMT-2019-BLG-1552L,1,1,2022,Microlensing,KMTNet,,2.6,,1287.205048,,,4600
KMT-2019-BLG-1715L b,KMT-2019-BLG-1715L,1,1,2021,Microlensing,KMTNet,,3.32,,813.6407219,,,3860
KMT-2019-BLG-1806L b,KMT-2019-BLG-1806L,1,1,2023,Microlensing,KMTNet,,3.02,,4.67,,,6640
KMT-2019-BLG-1953L b,KMT-2019-BLG-1953L,1,1,2020,Microlensing,KMTNet,,,,200,,,7040
KMT-2019-BLG-2783L b,KMT-2019-BLG-2783L,1,1,2023,Microlensing,KMTNet,,1.85,,368.6809521,,,5910
KMT-2019-BLG-2974L b,KMT-2019-BLG-2974L,1,1,2022,Microlensing,KMTNet,,2,,88.99195396,,,6100
KMT-2020-BLG-0202L b,KMT-2020-BLG-0202L,1,1,2026,Microlensing,KMTNet,,4.17,,3902.932838,,,3840
KMT-2020-BLG-0414L b,KMT-2020-BLG-0414L,1,2,2021,Microlensing,KMTNet,,2.07,,1.87,,,1220
KMT-2020-BLG-0414L c,KMT-2020-BLG-0414L,1,2,2021,Microlensing,KMTNet,,22.3,,8581.366989,,,1220
KMT-2021-BLG-0119L b,KMT-2021-BLG-0119L,1,1,2022,Microlensing,KMTNet,,2.92,,1754.412807,,,3130
KMT-2021-BLG-0171L b,KMT-2021-BLG-0171L,1,1,2022,Microlensing,KMTNet,,3.5,,11.2,,5200,4600
KMT-2021-BLG-0192L b,KMT-2021-BLG-0192L,1,1,2022,Microlensing,KMTNet,,1.62,,34.96112477,,,5120
KMT-2021-BLG-0240L b,KMT-2021-BLG-0240L,1,1,2022,Microlensing,KMTNet,,2.8,,66.74396547,,,6600
KMT-2021-BLG-0320L b,KMT-2021-BLG-0320L,1,1,2022,Microlensing,KMTNet,,1.54,,31.7828407,,,6950
KMT-2021-BLG-0322L b,KMT-2021-BLG-0322L,2,1,2021,Microlensing,KMTNet,,,,2034.101805,,,6600
KMT-2021-BLG-0712L b,KMT-2021-BLG-0712L,1,1,2023,Microlensing,KMTNet,,2.22,,38.19,,,3090
KMT-2021-BLG-0736L b,KMT-2021-BLG-0736L,1,1,2025,Microlensing,KMTNet,,4,,21,,,7000
KMT-2021-BLG-0748L b,KMT-2021-BLG-0748L,1,1,2022,Microlensing,KMTNet,,2.43,,143.0227832,,,6090
KMT-2021-BLG-0852L b,KMT-2021-BLG-0852L,1,1,2026,Microlensing,KMTNet,,7.78,,155.7359194,,,7230
KMT-2021-BLG-0909L b,KMT-2021-BLG-0909L,1,1,2023,Microlensing,KMTNet,,1.75,,400.4637928,,,6480
KMT-2021-BLG-0912L b,KMT-2021-BLG-0912L,1,1,2022,Microlensing,KMTNet,,3.14,,2.81,,,5560
KMT-2021-BLG-1077L b,KMT-2021-BLG-1077L,1,2,2022,Microlensing,KMTNet,,1.26,,69.92224954,,,8240
KMT-2021-BLG-1077L c,KMT-2021-BLG-1077L,1,2,2022,Microlensing,KMTNet,,0.93,,79.45710175,,,8240
KMT-2021-BLG-1105L b,KMT-2021-BLG-1105L,1,1,2023,Microlensing,KMTNet,,3.54,,413.1769291,,,4540
KMT-2021-BLG-1150L b,KMT-2021-BLG-1150L,1,1,2023,Microlensing,KMTNet,,4.5,,279.6889982,,,3800
KMT-2021-BLG-1253L b,KMT-2021-BLG-1253L,1,1,2022,Microlensing,KMTNet,,1.52,,19.05,,,6640
KMT-2021-BLG-1303L b,KMT-2021-BLG-1303L,1,1,2022,Microlensing,KMTNet,,2.89,,120.7747947,,,6280
KMT-2021-BLG-1372L b,KMT-2021-BLG-1372L,1,1,2022,Microlensing,KMTNet,,2.37,,61.27,,,5970
KMT-2021-BLG-1391L b,KMT-2021-BLG-1391L,1,1,2022,Microlensing,KMTNet,,2.29,,4.55,,,5720
KMT-2021-BLG-1547L b,KMT-2021-BLG-1547L,1,1,2023,Microlensing,KMTNet,,4.5,,467.2077583,,,5070
KMT-2021-BLG-1554L b,KMT-2021-BLG-1554L,1,1,2022,Microlensing,KMTNet,,0.72,,38.13940884,,,7680
KMT-2021-BLG-1689L b,KMT-2021-BLG-1689L,1,1,2022,Microlensing,KMTNet,,2.5,,46,,4570,7200
KMT-2021-BLG-1770L b,KMT-2021-BLG-1770L,1,1,2023,Microlensing,KMTNet,,0.9,,6674.396547,,,6920
KMT-2021-BLG-1898L b,KMT-2021-BLG-1898L,1,1,2022,Microlensing,KMTNet,,1.9,,232.0147371,,,6900
KMT-2021-BLG-2010L b,KMT-2021-BLG-2010L,1,1,2023,Microlensing,KMTNet,,1.79,,340.0763955,,,7090
KMT-2021-BLG-2294L b,KMT-2021-BLG-2294L,1,1,2022,Microlensing,KMTNet,,1.15,,22.24798849,,,6800
KMT-2021-BLG-2478L b,KMT-2021-BLG-2478L,1,1,2023,Microlensing,KMTNet,,1.85,,286.0455663,,,2970
KMT-2021-BLG-2609L b,KMT-2021-BLG-2609L,1,1,2024,Microlensing,KMTNet,,2.3,,10.17050902,,,7480
KMT-2022-BLG-0303L b,KMT-2022-BLG-0303L,1,1,2024,Microlensing,KMTNet,,4.81,,163.0459728,,,6570
KMT-2022-BLG-0371L b,KMT-2022-BLG-0371L,1,1,2023,Microlensing,KMTNet,,3.02,,82.63538582,,,7140
KMT-2022-BLG-0440L b,KMT-2022-BLG-0440L,1,1,2023,Microlensing,KMTNet,,1.9,,15.4,,,3500
KMT-2022-BLG-1013L b,KMT-2022-BLG-1013L,1,1,2023,Microlensing,KMTNet,,1.38,,98.52680617,,,7710
KMT-2022-BLG-1551L b,KMT-2022-BLG-1551L,1,1,2026,Microlensing,KMTNet,,2.29,,940.7720847,,,6900
KMT-2022-BLG-1790L b,KMT-2022-BLG-1790L,1,1,2025,Microlensing,KMTNet,,5.25,,549.8431441,,,6480
KMT-2022-BLG-1818L b,KMT-2022-BLG-1818L,1,2,2026,Microlensing,KMTNet,,2.6,,1271.313628,,,5300
KMT-2022-BLG-1818L c,KMT-2022-BLG-1818L,1,2,2026,Microlensing,KMTNet,,12.6,,114.4182265,,,5300
KMT-2022-BLG-2076L b,KMT-2022-BLG-2076L,1,1,2025,Microlensing,KMTNet,,5.67,,279.6889982,,,5570
KMT-2022-BLG-2286L b,KMT-2022-BLG-2286L,1,1,2024,Microlensing,KMTNet,,2.02,,6038.739733,,,7320
KMT-2023-BLG-0119L b,KMT-2023-BLG-0119L,1,1,2025,Microlensing,KMTNet,,3.14,,83.7,,,5410
KMT-2023-BLG-0332L b,KMT-2023-BLG-0332L,1,1,2026,Microlensing,KMTNet,,3.2,,6992.224954,,,6500
KMT-2023-BLG-0416L b,KMT-2023-BLG-0416L,1,1,2024,Microlensing,KMTNet,,2.96,,13.03096469,,,5900
KMT-2023-BLG-0466L b,KMT-2023-BLG-0466L,1,1,2026,Microlensing,KMTNet,,2.68,,1032.942323,,,6800
KMT-2023-BLG-0469L b,KMT-2023-BLG-0469L,1,1,2024,Microlensing,KMTNet,,2.31,,39.41072247,,,7070
KMT-2023-BLG-0548L b,KMT-2023-BLG-0548L,1,1,2025,Microlensing,KMTNet,,6.85,,1086.973152,,,6830
KMT-2023-BLG-0735L b,KMT-2023-BLG-0735L,1,1,2024,Microlensing,KMTNet,,2.96,,38.77506565,,,6390
KMT-2023-BLG-0830L b,KMT-2023-BLG-0830L,1,1,2025,Microlensing,KMTNet,,1.7,,17.79839079,,,7250
KMT-2023-BLG-0949L b,KMT-2023-BLG-0949L,1,1,2025,Microlensing,KMTNet,,2.03,,1900.613874,,,6060
KMT-2023-BLG-1431L b,KMT-2023-BLG-1431L,1,1,2024,Microlensing,KMTNet,,3.2,,13.6,,,6800
KMT-2023-BLG-1454L b,KMT-2023-BLG-1454L,1,1,2024,Microlensing,KMTNet,,1.18,,200.2318964,,,7220
KMT-2023-BLG-1592L b,KMT-2023-BLG-1592L,1,1,2026,Microlensing,KMTNet,,3.9,,184.3404761,,,7200
KMT-2023-BLG-1642L b,KMT-2023-BLG-1642L,1,1,2024,Microlensing,KMTNet,,1.41,,343.2546796,,,6980
KMT-2023-BLG-1743L b,KMT-2023-BLG-1743L,1,1,2024,Microlensing,KMTNet,,1.16,,6356.56814,,,7130
KMT-2023-BLG-1866L b,KMT-2023-BLG-1866L,1,1,2024,Microlensing,KMTNet,,2.63,,2.63,,,6210
KMT-2023-BLG-1896L b,KMT-2023-BLG-1896L,1,1,2025,Microlensing,KMTNet,,2.86,,16.35,,,5490
KMT-2023-BLG-2209L b,KMT-2023-BLG-2209L,1,1,2025,Microlensing,KMTNet,,3.51,,254.2627256,,,5570
KMT-2024-BLG-0176L b,KMT-2024-BLG-0176L,1,1,2026,Microlensing,KMTNet,,1.32,,241.5495893,,,8340
KMT-2024-BLG-0349L b,KMT-2024-BLG-0349L,1,1,2026,Microlensing,KMTNet,,6.46,,3769.444907,,,5750
KMT-2024-BLG-0404L b,KMT-2024-BLG-0404L,1,2,2025,Microlensing,KMTNet,,0.85,,8657.645807,,,7210
KMT-2024-BLG-0404L c,KMT-2024-BLG-0404L,1,2,2025,Microlensing,KMTNet,,,,17.3,,,7210
KMT-2024-BLG-1005L b,KMT-2024-BLG-1005L,1,1,2025,Microlensing,KMTNet,,0.78,,6674.396547,,,6950
KMT-2024-BLG-1044L b,KMT-2024-BLG-1044L,1,1,2024,Microlensing,KMTNet,,,,7.75,,,7140
KMT-2024-BLG-1209L b,KMT-2024-BLG-1209L,1,1,2025,Microlensing,KMTNet,,2.51,,839.0669945,,,3930
KMT-2024-BLG-1281L b,KMT-2024-BLG-1281L,1,1,2025,Microlensing,KMTNet,,1.96,,19.06970442,,,7180
KMT-2024-BLG-1870L b,KMT-2024-BLG-1870L,1,1,2026,Microlensing,KMTNet,,3.15,,336.8981114,,,5480
KMT-2024-BLG-2005L b,KMT-2024-BLG-2005L,1,1,2026,Microlensing,KMTNet,,1.12,,50.85254512,,,7720
KMT-2024-BLG-2059L b,KMT-2024-BLG-2059L,1,1,2025,Microlensing,KMTNet,,2.55,,6.99222495,,,6070
KMT-2024-BLG-2087L b,KMT-2024-BLG-2087L,1,1,2026,Microlensing,KMTNet,,3.03,,1395.266707,,,7190
KMT-2024-BLG-2242L b,KMT-2024-BLG-2242L,1,1,2025,Microlensing,KMTNet,,0.89,,13.98444991,,,7620
KMT-2025-BLG-0026L b,KMT-2025-BLG-0026L,1,1,2026,Microlensing,KMTNet,,0.96,,676.9745069,,,7280
KMT-2025-BLG-0030L b,KMT-2025-BLG-0030L,1,1,2026,Microlensing,KMTNet,,2.35,,365.5026681,,,6720
KMT-2025-BLG-0121L b,KMT-2025-BLG-0121L,1,1,2026,Microlensing,KMTNet,,3.05,,2469.526722,,,6200
KMT-2025-BLG-0481L b,KMT-2025-BLG-0481L,1,1,2026,Microlensing,KMTNet,,2.18,,187.5187601,,,7980
KMT-2025-BLG-0975L b,KMT-2025-BLG-0975L,1,1,2026,Microlensing,KMTNet,,0.81,,29.8,,,7923
KMT-2025-BLG-1160L b,KMT-2025-BLG-1160L,1,1,2026,Microlensing,KMTNet,,2.56,,25.36,,,6580
KMT-2025-BLG-1616L b,KMT-2025-BLG-1616L,1,1,2026,Microlensing,KMTNet,,1.6,,42.32,,,7500
KMT-2025-BLG-2272L b,KMT-2025-BLG-2272L,1,1,2026,Microlensing,KMTNet,,3.89,,785.0361653,,,6620
KOBE-1 b,KOBE-1,1,2,2025,Radial Velocity,Calar Alto Observatory,8.5399,0.07006,,8.8,594.4,4135,23.9718
KOBE-1 c,KOBE-1,1,2,2025,Radial Velocity,Calar Alto Observatory,29.671,0.16071,,12.4,392.5,4135,23.9718
KOI-12 b,KOI-12,1,2,2015,Transit,Kepler,17.855182,0.154,13.78707,349.613,,,399.398
KOI-1257 b,KOI-1257,2,1,2014,Transit,Kepler,86.647661,0.382,10.54,460.83,511,5520,
KOI-13 b,KOI-13,3,1,2011,Transit,Kepler,1.763588,0.03641,16.948008,2949.4624,2550,7650,519.096
KOI-134 b,KOI-134,1,2,2025,Transit,Kepler,67.1277,0.363,12.03844527,346.4329636,659,6160,1159.21
KOI-134 c,KOI-134,1,2,2025,Transit Timing Variations,Kepler,33.95,0.2305,,69.92224954,,6160,1159.21
KOI-142 b,KOI-142,1,3,2013,Transit,Kepler,10.91647,,3.438,9.5,,5466,376.863
KOI-142 c,KOI-142,1,3,2013,Transit Timing Variations,Kepler,22.26492,,,214.1,,5466,376.863
KOI-1599.01,KOI-1599,1,2,2019,Transit,Kepler,20.4415,0.14728,1.9,4.6,,,1131.64
KOI-1599.02,KOI-1599,1,2,2019,Transit,Kepler,13.6088,0.112293,1.9,9,,,1131.64
KOI-1783.01,KOI-1783,1,2,2020,Transit,Kepler,134.4628,,8.86,71,,5922,865.73
KOI-1783.02,KOI-1783,1,2,2020,Transit,Kepler,284.215,,5.44,15,,5922,865.73
KOI-1831 d,Kepler-324,1,4,2018,Transit,Kepler,34.169,,1.13,2.23,475,5233,501.574
KOI-1833 d,Kepler-968,1,3,2021,Transit,Kepler,7.685,,2.58,11.02,613,4413,290.324
KOI-1843.03,Kepler-974,1,2,2013,Transit,Kepler,0.1768913,,0.61,8,,3584,134.311
KOI-217 b,KOI-217,1,1,2010,Transit,Kepler,3.90512,0.0477,12.442,,,5545,914.699
KOI-2513.01,KOI-2513,1,1,2023,Transit,Kepler,19.00547,0.5,2.80224517,7310.053361,,5900,1369.87
KOI-319 b,KOI-319,1,2,2014,Transit,Kepler,46.14827,,10.67,3178.28407,,5880,660.138
KOI-319 c,KOI-319,1,2,2014,Transit Timing Variations,Kepler,80.099,,,8803.846874,,5880,660.138
KOI-3503 b,KOI-3503,1,2,2021,Transit,Kepler,21.185,,1.19,9.2,785,6001,887.064
KOI-3503 c,KOI-3503,1,2,2021,Transit,Kepler,31.828,,1.21,10.36,686,6001,887.064
KOI-351 b,KOI-351,1,8,2013,Transit,Kepler,7.008151,0.074,1.31,,,6080,848.254
KOI-351 c,KOI-351,1,8,2013,Transit,Kepler,8.719375,0.089,1.19,,,6080,848.254
KOI-351 d,KOI-351,1,8,2013,Transit,Kepler,59.73667,0.32,2.87,,,6080,848.254
KOI-351 e,KOI-351,1,8,2013,Transit,Kepler,91.93913,0.42,2.66,,,6080,848.254
KOI-351 f,KOI-351,1,8,2013,Transit,Kepler,124.9144,0.48,2.88,,,6080,848.254
KOI-351 g,KOI-351,1,8,2013,Transit,Kepler,210.73514,,,15,,,848.254
KOI-351 h,KOI-351,1,8,2013,Transit,Kepler,331.60296,,,203,,,848.254
KOI-3680 b,KOI-3680,1,1,2018,Transit,Kepler,141.241671,0.534,11.09691,613.4119,347,5830,921.986
KOI-4777.01,KOI-4777,1,1,2022,Transit,Kepler,0.412,0.008,0.51,99.2,1180,3515,172.245
KOI-4978 b,KOI-4978,1,1,2024,Transit,Kepler,0.941967,,0.7,,,5050.28,936.341
KOI-55 b,KOI-55,1,2,2011,Orbital Brightness Modulation,Kepler,0.240104,0.006,0.759,0.44,,27730,1231.02
KOI-55 c,KOI-55,1,2,2011,Orbital Brightness Modulation,Kepler,0.342887,0.0076,0.867,0.655,,27730,1231.02
KOI-7368 b,KOI-7368,1,1,2022,Transit,Kepler,6.8430344,,2.22,,,5241,264.995
KOI-7913 b,KOI-7913 A,2,1,2022,Transit,Kepler,24.278553,,2.34,,,4324,271.277
KOI-884 e,Kepler-247,1,4,2014,Transit Timing Variations,Kepler,31.101659,,,66.05405,,,663.711
KOI-94 b,KOI-94,2,4,2013,Transit,Kepler,3.743208,0.05119,1.71,10.5,1486,6182,477.052
KOI-94 c,KOI-94,2,4,2013,Transit,Kepler,10.423648,0.1013,4.32,15.6,1012,6182,477.052
KOI-94 d,KOI-94,2,4,2013,Transit,Kepler,22.342989,0.1684,11.27,106,806,6182,477.052
KOI-94 e,KOI-94,2,4,2013,Transit,Kepler,54.32031,0.3046,6.56,35,584,6182,477.052
KOI-984 b,KOI-984,1,2,2022,Transit,Kepler,4.2881785,0.0504,4.3,,1022,5295,252.667
KOI-984 c,KOI-984,1,2,2022,Transit Timing Variations,Kepler,21.512,0.1467,,209.8,597,5295,252.667
KOINTREAU-1 b,XEST 17-036,1,1,2026,Imaging,W. M. Keck Observatory,,690,,3368.981114,,3551,158.618
KOINTREAU-3 b,ISO-Oph 96,1,1,2026,Imaging,W. M. Keck Observatory,,342,,1080.616584,,3920,140.563
KOINTREAU-4 b,2MASS J16262785-2625152,1,1,2026,Imaging,W. M. Keck Observatory,,182,,4862.774627,,,145.434
KPS-1 b,KPS-1,1,1,2018,Transit,Acton Sky Portal Observatory,1.706291,0.0269,11.54527,346.4347,1459,5165,262.706
Kapteyn c,Kapteyn,1,1,2014,Radial Velocity,Multiple Observatories,121.54,0.311,,7,,3550,3.93305
Kepler-10 b,Kepler-10,1,3,2011,Transit,Kepler,0.8374907,0.01685,1.47,3.24,2188,5708,185.506
Kepler-10 c,Kepler-10,1,3,2011,Transit,Kepler,45.294301,0.241,2.355,11.29,579,5708,185.506
Kepler-10 d,Kepler-10,1,3,2023,Radial Velocity,Roque de los Muchachos Observatory,151.06,0.5379,,12,387,5708,185.506
Kepler-100 b,Kepler-100,1,4,2014,Transit,Kepler,6.88734,,1.34,4.01,,5837,304.645
Kepler-100 c,Kepler-100,1,4,2014,Transit,Kepler,12.8159,,2.2,7.05,,5825,304.645
Kepler-100 d,Kepler-100,1,4,2014,Transit,Kepler,35.3331,,1.61,3,,5825,304.645
Kepler-100 e,Kepler-100,1,4,2023,Radial Velocity,W. M. Keck Observatory,60.888588,0.312391586,,24.14271827,,,304.645
Kepler-1000 b,Kepler-1000,1,1,2016,Transit,Kepler,120.0181272,,4.76,,,6453,1115.62
Kepler-1001 b,Kepler-1001,1,2,2016,Transit,Kepler,14.30511983,,3.15,,,5491,928.978
Kepler-1001 c,Kepler-1001,1,2,2020,Transit,Kepler,9.18186,,1.57799279,,,5376,928.978
Kepler-1002 b,Kepler-1002,1,1,2016,Transit,Kepler,4.336429331,,1.71,,,6144,408.303
Kepler-1003 b,Kepler-1003,1,1,2016,Transit,Kepler,3.554856915,,1.78,,,6109,941.902
Kepler-1004 b,Kepler-1004,1,1,2016,Transit,Kepler,5.28789787,,6.28,,,4972,1152.68
Kepler-1005 b,Kepler-1005,1,1,2016,Transit,Kepler,6.49801525,,1.5,,,5782,567.806
Kepler-1006 b,Kepler-1006,1,1,2016,Transit,Kepler,19.76172042,,1.54,,,5328,
Kepler-1007 b,Kepler-1007,1,1,2016,Transit,Kepler,5.185002073,,1.44,,,4587,
Kepler-1008 b,Kepler-1008,2,1,2016,Transit,Kepler,12.43931193,,1.28,,,5066,282.565
Kepler-1009 b,Kepler-1009,1,1,2016,Transit,Kepler,11.35011917,,2.17,,,4027,355.019
Kepler-101 b,Kepler-101,1,2,2014,Transit,Kepler,3.4876812,0.0474,5.77,51.1,1513,5667,927.981
Kepler-101 c,Kepler-101,1,2,2014,Transit,Kepler,6.02976,0.0684,1.25,3.78,1413,5667,927.981
Kepler-1010 b,Kepler-1010,1,1,2016,Transit,Kepler,34.2685705,,2.32,,,5253,579.273
Kepler-1011 b,Kepler-1011,1,1,2016,Transit,Kepler,5.753221974,,2.87,,,5416,736.779
Kepler-1012 b,Kepler-1012,1,1,2016,Transit,Kepler,5.50860439,,1.29,,,5556,411.077
Kepler-1013 b,Kepler-1013,1,1,2016,Transit,Kepler,18.93054959,,2.15,,,4954,422.246
Kepler-1014 b,Kepler-1014,1,1,2016,Transit,Kepler,16.57110363,,2.39,,,5388,624.8
Kepler-1015 b,Kepler-1015,1,1,2016,Transit,Kepler,16.00494214,,3.55,,,6769,739.357
Kepler-1016 b,Kepler-1016,1,2,2016,Transit,Kepler,1.954524342,,2.18,,,5821,1402.82
Kepler-1016 c,Kepler-1016,1,2,2016,Transit,Kepler,105.6551369,,3.68,,,5821,1402.82
Kepler-1017 b,Kepler-1017,1,1,2016,Transit,Kepler,7.23400469,,1.99,,,5473,552.058
Kepler-1018 b,Kepler-1018,1,1,2016,Transit,Kepler,49.1013514,,2.58,,,5518,1010.01
Kepler-1019 b,Kepler-1019,1,1,2016,Transit,Kepler,1.411229847,,1.46,,,4433,194.182
Kepler-102 b,Kepler-102,1,5,2014,Transit,Kepler,5.286965,0.05521,0.46,1.1,857,4909,107.796
Kepler-102 c,Kepler-102,1,5,2014,Transit,Kepler,7.071392,0.06702,0.567,1.7,777,4909,107.796
Kepler-102 d,Kepler-102,1,5,2014,Transit,Kepler,10.311767,0.08618,1.154,3,686,4909,107.796
Kepler-102 e,Kepler-102,1,5,2013,Transit,Kepler,16.1456994,0.1162,2.17,4.7,590,4909,107.796
Kepler-102 f,Kepler-102,1,5,2014,Transit,Kepler,27.453592,0.1656,0.861,4.3,495,4909,107.796
Kepler-1020 b,Kepler-1020,1,1,2016,Transit,Kepler,96.9151496,,2.28,,,5227,415.358
Kepler-1021 b,Kepler-1021,1,1,2016,Transit,Kepler,13.47469571,,2.33,,,5431,810.082
Kepler-1022 b,Kepler-1022,1,1,2016,Transit,Kepler,10.99469878,,2.36,,,4445,420.042
Kepler-1023 b,Kepler-1023,1,1,2016,Transit,Kepler,62.1387714,,2.63,,,5494,694.175
Kepler-1024 b,Kepler-1024,1,1,2016,Transit,Kepler,66.4162133,,3.91,,,5143,1087.4
Kepler-1025 b,Kepler-1025,1,1,2016,Transit,Kepler,37.3229493,,1.98,,,6089,803.776
Kepler-1026 b,Kepler-1026,1,1,2016,Transit,Kepler,36.5156053,,2.21,,,4948,351.239
Kepler-1027 b,Kepler-1027,2,1,2016,Transit,Kepler,1.907805199,,0.89,,,5436,405.104
Kepler-1028 b,Kepler-1028,1,1,2016,Transit,Kepler,2.51462432,,1.33,,,5522,607.916
Kepler-1029 b,Kepler-1029,1,1,2016,Transit,Kepler,4.417696479,,1.26,,,5030,366.656
Kepler-103 b,Kepler-103,1,2,2014,Transit,Kepler,15.9653287,0.133,3.4857,11.67,,6047,494.832
Kepler-103 c,Kepler-103,1,2,2014,Transit,Kepler,179.60978,0.6679,5.4539,58.47,,6047,494.832
Kepler-1030 b,Kepler-1030,1,1,2016,Transit,Kepler,19.32952416,,2.48,,,4983,758.702
Kepler-1031 b,Kepler-1031,1,1,2016,Transit,Kepler,1.22621732,,0.87,,,6011,682.882
Kepler-1032 b,Kepler-1032,1,1,2016,Transit,Kepler,3.290117953,,1.87,,,4647,673.01
Kepler-1033 b,Kepler-1033,1,1,2016,Transit,Kepler,7.56052806,,2.51,,,5547,1455.5
Kepler-1034 b,Kepler-1034,1,1,2016,Transit,Kepler,12.12400943,,2.26,,,5198,654.549
Kepler-1035 b,Kepler-1035,1,1,2016,Transit,Kepler,2.714077555,,1.17,,,5763,562.116
Kepler-1036 b,Kepler-1036,1,1,2016,Transit,Kepler,122.8808058,,3.01,,,5533,489.435
Kepler-1037 b,Kepler-1037,1,1,2016,Transit,Kepler,1.063788673,,1.28,,,5105,446.914
Kepler-1038 b,Kepler-1038,1,2,2016,Transit,Kepler,148.4603382,,3.53,,,5335,584.136
Kepler-1038 c,Kepler-1038,1,2,2021,Transit,Kepler,7.127659798,,1.4162338,,,5159,584.136
Kepler-1039 b,Kepler-1039,1,1,2016,Transit,Kepler,0.934884242,,1.46,,,4870,306.91
Kepler-104 b,Kepler-104,2,3,2014,Transit,Kepler,11.427548,0.094,3.1,,,5711,400.785
Kepler-104 c,Kepler-104,2,3,2014,Transit,Kepler,23.668205,0.153,3.13,,,5711,400.785
Kepler-104 d,Kepler-104,2,3,2014,Transit,Kepler,51.755394,0.257,3.58,,,5711,400.785
Kepler-1040 b,Kepler-1040,1,1,2016,Transit,Kepler,201.1214,,2.08,,,5694,482.119
Kepler-1041 b,Kepler-1041,1,1,2016,Transit,Kepler,24.7576421,,2.94,,,5957,1485.82
Kepler-1042 b,Kepler-1042,1,1,2016,Transit,Kepler,10.13202575,,2.19,,,4815,
Kepler-1043 b,Kepler-1043,1,1,2016,Transit,Kepler,38.5053398,,2.55,,,5629,903.332
Kepler-1044 b,Kepler-1044,1,1,2016,Transit,Kepler,6.77408868,,2.67,,,5985,1278.96
Kepler-1045 b,Kepler-1045,1,1,2016,Transit,Kepler,26.41045478,,2.69,,,5301,942.485
Kepler-1046 b,Kepler-1046,1,1,2016,Transit,Kepler,14.37508035,,1.71,,,5913,721.534
Kepler-1047 b,Kepler-1047,1,2,2016,Transit,Kepler,56.1886887,,2.09,,,5754,817.647
Kepler-1047 c,Kepler-1047,1,2,2016,Transit,Kepler,3.18897601,,0.99,,,5754,817.647
Kepler-1048 b,Kepler-1048,1,1,2016,Transit,Kepler,6.92101021,,1.61,,,4651,556.006
Kepler-1049 b,Kepler-1049,1,1,2016,Transit,Kepler,3.273460736,,0.95,,,3864,162.006
Kepler-105 b,Kepler-105,1,2,2013,Transit,Kepler,5.4122034,,2.53,10.8,,5933,459.223
Kepler-105 c,Kepler-105,1,2,2014,Transit,Kepler,7.12592,,1.44,5.6,,5933,459.223
Kepler-1050 b,Kepler-1050,1,2,2016,Transit,Kepler,15.3787546,,1.6,,,6010,490.488
Kepler-1050 c,Kepler-1050,1,2,2016,Transit,Kepler,21.1284569,,1.48,,,6010,490.488
Kepler-1051 b,Kepler-1051,1,1,2016,Transit,Kepler,25.96200249,,3.4,,,6675,829.343
Kepler-1052 b,Kepler-1052,1,2,2016,Transit,Kepler,34.8538276,,2.93,,,5888,943.444
Kepler-1052 c,Kepler-1052,1,2,2023,Transit,Kepler,180.921729,0.6135,2.3,,302,5818,943.444
Kepler-1053 b,Kepler-1053,1,1,2016,Transit,Kepler,2.414351654,,0.98,,,4529,151.129
Kepler-1054 b,Kepler-1054,1,1,2016,Transit,Kepler,4.30655689,,2.63,,,6209,1090.51
Kepler-1055 b,Kepler-1055,1,1,2016,Transit,Kepler,2.295036233,,1.23,,,5723,389.397
Kepler-1056 b,Kepler-1056,1,1,2016,Transit,Kepler,27.495606,,3.01,,,6127,982.51
Kepler-1057 b,Kepler-1057,1,1,2016,Transit,Kepler,14.08827448,,3.36,,,5987,1201.82
Kepler-1058 b,Kepler-1058,1,1,2016,Transit,Kepler,110.96546,,2.72,,,4644,491.997
Kepler-1059 b,Kepler-1059,1,1,2016,Transit,Kepler,3.764191048,,1.73,,,4906,713.167
Kepler-106 b,Kepler-106,1,4,2014,Transit,Kepler,6.16486,,0.82,5.3,,5858,444.322
Kepler-106 c,Kepler-106,1,4,2014,Transit,Kepler,13.5708,,2.5,10.44,,5858,444.322
Kepler-106 d,Kepler-106,1,4,2014,Transit,Kepler,23.9802,,0.95,8.1,,5858,444.322
Kepler-106 e,Kepler-106,1,4,2014,Transit,Kepler,43.8445,,2.56,11.17,,5858,444.322
Kepler-1060 b,Kepler-1060,1,1,2016,Transit,Kepler,46.8779367,,2.38,,,5797,946.565
Kepler-1061 b,Kepler-1061,1,1,2016,Transit,Kepler,2.757982666,,1.98,,,6067,543.375
Kepler-1062 b,Kepler-1062,1,1,2016,Transit,Kepler,9.30412078,,1.76,,,4597,397.455
Kepler-1063 b,Kepler-1063,2,1,2016,Transit,Kepler,14.07971466,,1.49,,,5945,343.226
Kepler-1064 b,Kepler-1064,1,1,2016,Transit,Kepler,16.54080322,,1.55,,,5153,
Kepler-1065 b,Kepler-1065,1,2,2016,Transit,Kepler,3.609308907,,3.73,,,5635,1122.48
Kepler-1065 c,Kepler-1065,1,2,2016,Transit,Kepler,2.37030743,,1.6,,,5635,1122.48
Kepler-1066 b,Kepler-1066,1,1,2016,Transit,Kepler,1.931559839,,2.36,,,5762,344.251
Kepler-1067 b,Kepler-1067,1,2,2016,Transit,Kepler,0.762129261,,0.8,,,5592,667.693
Kepler-1067 c,Kepler-1067,1,2,2021,Transit,Kepler,5.425839901,,1.74682428,,,5594,667.693
Kepler-1068 b,Kepler-1068,1,1,2016,Transit,Kepler,16.92344113,,3.63,,,5806,1473.61
Kepler-1069 b,Kepler-1069,1,1,2016,Transit,Kepler,23.8990296,,1.6,,,5722,695.967
Kepler-107 b,Kepler-107,1,4,2014,Transit,Kepler,3.1800218,0.04544,1.536,3.8,1592,5854,525.997
Kepler-107 c,Kepler-107,1,4,2014,Transit,Kepler,4.901452,0.06064,1.597,10,1378,5854,525.997
Kepler-107 d,Kepler-107,1,4,2014,Transit,Kepler,7.95839,0.08377,0.86,7.7,1173,5854,525.997
Kepler-107 e,Kepler-107,1,4,2014,Transit,Kepler,14.749143,0.12638,2.903,14.1,955,5854,525.997
Kepler-1070 b,Kepler-1070,1,1,2016,Transit,Kepler,6.2216147,,1.73,,,6261,939.001
Kepler-1071 b,Kepler-1071,1,1,2016,Transit,Kepler,6.1799844,,2.38,,,5215,1042.27
Kepler-1072 b,Kepler-1072,1,1,2016,Transit,Kepler,1.569066502,,1.58,,,6199,982.716
Kepler-1073 b,Kepler-1073,1,3,2016,Transit,Kepler,8.67888593,,2.3,,,5792,809.897
Kepler-1073 c,Kepler-1073,1,3,2016,Transit,Kepler,4.02582254,,1.64,,,5792,809.897
Kepler-1073 d,Kepler-1073,1,3,2021,Transit,Kepler,2.504760027,,1.48770949,,,5509,809.897
Kepler-1074 b,Kepler-1074,1,1,2016,Transit,Kepler,5.94566534,,1.25,,,4002,250.817
Kepler-1075 b,Kepler-1075,1,1,2016,Transit,Kepler,1.52372816,,1.42,,,3959,291.275
Kepler-1076 b,Kepler-1076,1,1,2016,Transit,Kepler,6.14727918,,0.8,,,4868,
Kepler-1077 b,Kepler-1077,1,1,2016,Transit,Kepler,34.3511874,,2.77,,,5816,1101.42
Kepler-1078 b,Kepler-1078,1,1,2016,Transit,Kepler,3.00725242,,1.9,,,5612,2481.71
Kepler-1079 b,Kepler-1079,1,1,2016,Transit,Kepler,13.24503188,,1.63,,,5758,591.098
Kepler-108 b,Kepler-108,2,2,2014,Transit,Kepler,49.183921,0.292,8.65,,,5854,338.732
Kepler-108 c,Kepler-108,2,2,2014,Transit,Kepler,190.323494,0.721,8.18,,,5854,338.732
Kepler-1080 b,Kepler-1080,1,1,2016,Transit,Kepler,77.2548396,,3.28,,,5956,1382.82
Kepler-1081 b,Kepler-1081,1,1,2016,Transit,Kepler,3.856918547,,1.01,,,5345,420.215
Kepler-1082 b,Kepler-1082,1,1,2016,Transit,Kepler,1.543206604,,1.12,,,5923,739.557
Kepler-1083 b,Kepler-1083,1,1,2016,Transit,Kepler,33.4177993,,3.36,,,5049,902.633
Kepler-1084 b,Kepler-1084,1,1,2016,Transit,Kepler,2.05333679,,1.11,,,6113,405.533
Kepler-1085 b,Kepler-1085,1,2,2016,Transit,Kepler,219.3217528,,7.22,,,6000,1364.53
Kepler-1085 c,Kepler-1085,1,2,2020,Transit,Kepler,56.7771,,3.26817741,,,5816,1364.53
Kepler-1086 b,Kepler-1086,2,2,2016,Transit,Kepler,18.78425728,,2.44,,,4350,466.084
Kepler-1086 c,Kepler-1086,2,2,2016,Transit,Kepler,161.5163345,,2.94,,,4350,466.084
Kepler-1087 b,Kepler-1087,1,1,2016,Transit,Kepler,0.693842855,,0.61,,,5589,362.623
Kepler-1088 b,Kepler-1088,1,1,2016,Transit,Kepler,23.12748644,,1.42,,,5975,280.629
Kepler-1089 b,Kepler-1089,1,1,2016,Transit,Kepler,5.132485618,,1.83,,,3753,259.328
Kepler-109 b,Kepler-109,1,2,2014,Transit,Kepler,6.4816307,0.0701,2.49,4.9,1276,5950,474.861
Kepler-109 c,Kepler-109,1,2,2014,Transit,Kepler,21.22265,0.1546,2.65,8.2,859,5950,474.861
Kepler-1090 b,Kepler-1090,1,2,2016,Transit,Kepler,198.680179,,2.25,,,5321,858.77
Kepler-1090 c,Kepler-1090,1,2,2021,Transit,Kepler,42.42720032,,3.29265785,,,5330,858.77
Kepler-1091 b,Kepler-1091,1,1,2016,Transit,Kepler,1.434741564,,1.46,,,5851,914.299
Kepler-1092 b,Kepler-1092,1,1,2016,Transit,Kepler,58.6017925,,2.07,,,5862,981.233
Kepler-1093 b,Kepler-1093,1,2,2016,Transit,Kepler,25.0824626,,1.95,,,6166,1072.88
Kepler-1093 c,Kepler-1093,1,2,2016,Transit,Kepler,89.722292,,1.96,,,6166,1072.88
Kepler-1094 b,Kepler-1094,1,1,2016,Transit,Kepler,78.1000231,,3.18,,,6112,1291.01
Kepler-1095 b,Kepler-1095,1,1,2016,Transit,Kepler,4.27103091,,1.21,,,5658,792.522
Kepler-1096 b,Kepler-1096,1,1,2016,Transit,Kepler,2.892217506,,1.24,,,4306,377.976
Kepler-1097 b,Kepler-1097,1,1,2016,Transit,Kepler,187.747029,,3.26,,,5211,719.802
Kepler-1098 b,Kepler-1098,1,1,2016,Transit,Kepler,2.543072855,,1.3,,,5794,1049.19
Kepler-1099 b,Kepler-1099,1,1,2016,Transit,Kepler,2.168452593,,2.83,,,5837,1022.8
Kepler-11 b,Kepler-11,1,6,2010,Transit,Kepler,10.3039,0.091,1.8,1.9,,5663,646.346
Kepler-11 c,Kepler-11,1,6,2010,Transit,Kepler,13.0241,0.107,2.87,2.9,,5663,646.346
Kepler-11 d,Kepler-11,1,6,2010,Transit,Kepler,22.6845,0.155,3.12,7.3,,5663,646.346
Kepler-11 e,Kepler-11,1,6,2010,Transit,Kepler,31.9996,0.195,4.19,8,,5663,646.346
Kepler-11 f,Kepler-11,1,6,2010,Transit,Kepler,46.6888,0.25,2.49,2,,5663,646.346
Kepler-11 g,Kepler-11,1,6,2010,Transit,Kepler,118.3807,0.466,3.33,25,,5663,646.346
Kepler-110 b,Kepler-110,1,2,2014,Transit,Kepler,12.691112,0.107,1.83,,,5960,586.531
Kepler-110 c,Kepler-110,1,2,2014,Transit,Kepler,31.719775,0.198,2.21,,,5960,586.531
Kepler-1100 b,Kepler-1100,1,1,2016,Transit,Kepler,6.42200058,,1.75,,,6247,693.618
Kepler-1101 b,Kepler-1101,1,1,2016,Transit,Kepler,81.3151059,,2.47,,,5614,742.473
Kepler-1102 b,Kepler-1102,1,1,2016,Transit,Kepler,51.3285623,,2.66,,,5724,1246.05
Kepler-1103 b,Kepler-1103,1,1,2016,Transit,Kepler,19.79191978,,2.27,,,6092,1331.92
Kepler-1104 b,Kepler-1104,1,1,2016,Transit,Kepler,5.03728015,,1.23,,,6417,530.658
Kepler-1105 b,Kepler-1105,1,1,2016,Transit,Kepler,4.421572182,,2.01,,,4299,318.004
Kepler-1106 b,Kepler-1106,1,1,2016,Transit,Kepler,1.252752174,,1.65,,,6104,1090.7
Kepler-1107 b,Kepler-1107,1,1,2016,Transit,Kepler,0.571038518,,1.34,,,5268,428.798
Kepler-1108 b,Kepler-1108,1,1,2016,Transit,Kepler,4.51005748,,1.46,,,5406,767.701
Kepler-1109 b,Kepler-1109,1,1,2016,Transit,Kepler,37.6467384,,2.19,,,5893,685.087
Kepler-111 b,Kepler-111,1,2,2014,Transit,Kepler,3.341815,0.046,1.58,,,5952,657.223
Kepler-111 c,Kepler-111,1,2,2014,Transit,Kepler,224.77833,0.751,7.0840758,222.4798849,352.2,5914,657.223
Kepler-1110 b,Kepler-1110,1,1,2016,Transit,Kepler,9.69312032,,2.66,,,4781,726.828
Kepler-1111 b,Kepler-1111,1,1,2016,Transit,Kepler,8.79617863,,2,,,6077,841.536
Kepler-1112 b,Kepler-1112,1,1,2016,Transit,Kepler,14.36267939,,3.02,,,6496,1671.28
Kepler-1113 b,Kepler-1113,1,1,2016,Transit,Kepler,42.3004954,,2.81,,,5931,1073.88
Kepler-1114 b,Kepler-1114,1,1,2016,Transit,Kepler,14.97435694,,1.35,,,5374,418.417
Kepler-1115 b,Kepler-1115,1,1,2016,Transit,Kepler,23.5540725,,1.7,,,8480,983.245
Kepler-1116 b,Kepler-1116,1,1,2016,Transit,Kepler,41.6977827,,2.54,,,5641,1008.57
Kepler-1117 b,Kepler-1117,1,1,2016,Transit,Kepler,4.79028459,,1.11,,,5612,568.487
Kepler-1118 b,Kepler-1118,1,1,2016,Transit,Kepler,38.6715075,,2.74,,,5688,888.325
Kepler-1119 b,Kepler-1119,1,1,2016,Transit,Kepler,8.3265153,,1.92,,,6083,1757.23
Kepler-112 b,Kepler-112,1,2,2014,Transit,Kepler,8.408878,0.076,2.36,,,5544,513.206
Kepler-112 c,Kepler-112,1,2,2014,Transit,Kepler,28.574263,0.172,2.4,,,5544,513.206
Kepler-1120 b,Kepler-1120,1,1,2016,Transit,Kepler,2.949029052,,1.38,,,4904,615.231
Kepler-1121 b,Kepler-1121,1,1,2016,Transit,Kepler,13.15141081,,1.91,,,6231,482.047
Kepler-1122 b,Kepler-1122,1,1,2016,Transit,Kepler,42.1917357,,2.04,,,5544,1230.42
Kepler-1123 b,Kepler-1123,1,1,2016,Transit,Kepler,4.33946454,,1.67,,,5500,704.323
Kepler-1124 b,Kepler-1124,1,1,2016,Transit,Kepler,2.852348975,,1.28,,,3658,289.899
Kepler-1125 b,Kepler-1125,1,1,2016,Transit,Kepler,17.6700642,,1.84,,,5683,2011.41
Kepler-1126 b,Kepler-1126,1,2,2016,Transit,Kepler,108.593329,,1.73,,,5798,635.736
Kepler-1126 c,Kepler-1126,1,2,2023,Transit,Kepler,199.66876,0.6193,1.45,,305,5678,635.736
Kepler-1127 b,Kepler-1127,1,1,2016,Transit,Kepler,5.12330347,,1.96,,,5664,842.459
Kepler-1128 b,Kepler-1128,1,1,2016,Transit,Kepler,61.6178167,,3.65,,,5543,1083.41
Kepler-1129 b,Kepler-1129,1,2,2016,Transit,Kepler,24.3397804,,2.96,,,5831,1183.88
Kepler-1129 c,Kepler-1129,1,2,2016,Transit,Kepler,76.5369586,,2.73,,,5831,1183.88
Kepler-113 b,Kepler-113,1,2,2014,Transit,Kepler,4.754,,1.82,11.7,,4725,262.351
Kepler-113 c,Kepler-113,1,2,2014,Transit,Kepler,8.92507,,2.18,8.7,,4725,262.351
Kepler-1130 b,Kepler-1130,2,3,2016,Transit,Kepler,5.45298175,,0.8,,,5403,249.343
Kepler-1130 c,Kepler-1130,2,3,2021,Transit,Kepler,3.266639948,,0.79239584,,,5450,249.343
Kepler-1130 d,Kepler-1130,2,3,2021,Transit,Kepler,4.272250175,,0.64472273,,,5450,249.343
Kepler-1131 b,Kepler-1131,1,1,2016,Transit,Kepler,3.53232449,,1.59,,,5851,1030.7
Kepler-1132 b,Kepler-1132,1,1,2016,Transit,Kepler,62.8916228,,2.35,,,5298,867.931
Kepler-1133 b,Kepler-1133,1,1,2016,Transit,Kepler,11.55562343,,1.97,,,5569,753.135
Kepler-1134 b,Kepler-1134,1,1,2016,Transit,Kepler,17.13263989,,2.64,,,5281,944.445
Kepler-1135 b,Kepler-1135,1,1,2016,Transit,Kepler,76.957857,,1.85,,,5656,1314.64
Kepler-1136 b,Kepler-1136,1,1,2016,Transit,Kepler,2.361724329,,1.64,,,4512,491.406
Kepler-1137 b,Kepler-1137,1,1,2016,Transit,Kepler,23.9210791,,2.2,,,6807,921.778
Kepler-1138 b,Kepler-1138,1,1,2016,Transit,Kepler,3.17060005,,1.7,,,5582,872.328
Kepler-1139 b,Kepler-1139,1,1,2016,Transit,Kepler,0.813166719,,1.19,,,5550,495.156
Kepler-114 b,Kepler-114,1,3,2014,Transit,Kepler,5.188549,0.053,1.26,,,4605,259.533
Kepler-114 c,Kepler-114,1,3,2013,Transit,Kepler,8.041,,1.6,2.8,,,259.533
Kepler-114 d,Kepler-114,1,3,2013,Transit,Kepler,11.776,,2.53,3.9,,,259.533
Kepler-1140 b,Kepler-1140,1,1,2016,Transit,Kepler,24.0862707,,2.77,,,4850,656.48
Kepler-1141 b,Kepler-1141,1,1,2016,Transit,Kepler,2.344511944,,0.82,,,5791,393.642
Kepler-1142 b,Kepler-1142,1,1,2016,Transit,Kepler,18.3027248,,1.47,,,5685,1273.51
Kepler-1143 b,Kepler-1143,1,2,2016,Transit,Kepler,2.888904849,,1.67,,,5053,555.189
Kepler-1143 c,Kepler-1143,1,2,2016,Transit,Kepler,210.630591,,3.6,,,5053,555.189
Kepler-1144 b,Kepler-1144,1,1,2016,Transit,Kepler,17.14647302,,1.99,,,5753,1140.57
Kepler-1145 b,Kepler-1145,1,1,2016,Transit,Kepler,3.97076766,,1.4,,,5064,691.961
Kepler-1146 b,Kepler-1146,1,1,2016,Transit,Kepler,2.352265797,,1.23,,,4692,703.038
Kepler-1147 b,Kepler-1147,1,1,2016,Transit,Kepler,10.62784997,,2.61,,,5941,1657.36
Kepler-1148 b,Kepler-1148,1,1,2016,Transit,Kepler,1.104463509,,1.69,,,5054,625.692
Kepler-1149 b,Kepler-1149,1,1,2016,Transit,Kepler,3.73089898,,1.44,,,5833,1217.73
Kepler-115 b,Kepler-115,1,2,2014,Transit,Kepler,2.403679,0.036,1.09,,,5979,623.609
Kepler-115 c,Kepler-115,1,2,2014,Transit,Kepler,8.990889,0.087,2.6,,,5979,623.609
Kepler-1150 b,Kepler-1150,2,1,2016,Transit,Kepler,2.787868386,,1.02,,,4754,358.518
Kepler-1151 b,Kepler-1151,1,1,2016,Transit,Kepler,65.6478424,,2.22,,,5470,682.436
Kepler-1152 b,Kepler-1152,1,1,2016,Transit,Kepler,1.646801908,,0.87,,,3964,215.233
Kepler-1153 b,Kepler-1153,1,1,2016,Transit,Kepler,1.755835327,,1.73,,,5470,1119.49
Kepler-1154 b,Kepler-1154,1,2,2016,Transit,Kepler,5.1856142,,2.34,,,6327,1460.1
Kepler-1154 c,Kepler-1154,1,2,2016,Transit,Kepler,8.45808312,,2.36,,,6327,1460.1
Kepler-1155 b,Kepler-1155,1,1,2016,Transit,Kepler,33.469743,,2.03,,,5842,1128.72
Kepler-1156 b,Kepler-1156,1,1,2016,Transit,Kepler,11.89520511,,1.32,,,5778,691.331
Kepler-1157 b,Kepler-1157,1,1,2016,Transit,Kepler,4.45743164,,1.09,,,4679,342.144
Kepler-1158 b,Kepler-1158,1,1,2016,Transit,Kepler,13.5396293,,2.34,,,6203,1484.25
Kepler-1159 b,Kepler-1159,1,1,2016,Transit,Kepler,22.70816791,,2.37,,,6217,1213.71
Kepler-116 b,Kepler-116,1,2,2014,Transit,Kepler,5.968734,0.069,3.42,,,6142,955.168
Kepler-116 c,Kepler-116,1,2,2014,Transit,Kepler,13.07163,0.116,2.3,,,6142,955.168
Kepler-1160 b,Kepler-1160,1,1,2016,Transit,Kepler,7.97034958,,2.14,,,5519,1077.63
Kepler-1161 b,Kepler-1161,1,1,2016,Transit,Kepler,10.71252541,,2.13,,,4253,547.726
Kepler-1162 b,Kepler-1162,1,2,2016,Transit,Kepler,32.5637069,,2.21,,,5390,940.211
Kepler-1162 c,Kepler-1162,1,2,2023,Transit,Kepler,59.284064,0.2832,1.81,,401,5225,940.211
Kepler-1163 b,Kepler-1163,1,1,2016,Transit,Kepler,6.11786898,,1.03,,,6302,478.647
Kepler-1164 b,Kepler-1164,1,1,2016,Transit,Kepler,3.97599768,,1.12,,,5183,431.622
Kepler-1165 b,Kepler-1165,1,2,2016,Transit,Kepler,9.478522,,1.55,,,6080,1575.2
Kepler-1165 c,Kepler-1165,1,2,2021,Transit,Kepler,29.96870041,,3.36093385,,,6249,1575.2
Kepler-1166 b,Kepler-1166,1,1,2016,Transit,Kepler,33.2406882,,1.69,,,5446,634.906
Kepler-1167 b,Kepler-1167,1,1,2016,Transit,Kepler,1.003933739,,1.71,,,4971,820.905
Kepler-1168 b,Kepler-1168,1,1,2016,Transit,Kepler,55.8226539,,2.5,,,5157,752.666
Kepler-1169 b,Kepler-1169,1,1,2016,Transit,Kepler,6.11009134,,0.94,,,6191,522.823
Kepler-117 b,Kepler-117,1,2,2014,Transit,Kepler,18.7959228,0.1445,8.059,29.875,984,6150,1455.57
Kepler-117 c,Kepler-117,1,2,2014,Transit,Kepler,50.790391,0.2804,12.341,584.78,704,6150,1455.57
Kepler-1170 b,Kepler-1170,1,1,2016,Transit,Kepler,9.98969327,,2.41,,,5069,1050.45
Kepler-1171 b,Kepler-1171,1,1,2016,Transit,Kepler,1.44259224,,2.56,,,7044,573
Kepler-1172 b,Kepler-1172,1,1,2016,Transit,Kepler,26.0204423,,3.2,,,5558,1306.53
Kepler-1173 b,Kepler-1173,1,1,2016,Transit,Kepler,0.7698536,,0.89,,,5252,377.06
Kepler-1174 b,Kepler-1174,1,1,2016,Transit,Kepler,6.89225223,,1.59,,,5936,1408.75
Kepler-1175 b,Kepler-1175,1,1,2016,Transit,Kepler,37.94563,,2.99,,,5453,1121.89
Kepler-1176 b,Kepler-1176,1,1,2016,Transit,Kepler,24.1738579,,2.45,,,5844,864.699
Kepler-1177 b,Kepler-1177,1,1,2016,Transit,Kepler,106.247547,,1.9,,,5712,1299.97
Kepler-1178 b,Kepler-1178,1,1,2016,Transit,Kepler,31.80634,,1.07,,,4990,482.287
Kepler-1179 b,Kepler-1179,1,1,2016,Transit,Kepler,2.685057492,,1.32,,,5212,415.205
Kepler-118 b,Kepler-118,1,2,2014,Transit,Kepler,7.518496,0.073,1.96,,,5274,574.228
Kepler-118 c,Kepler-118,1,2,2014,Transit,Kepler,20.17202,0.141,7.68,,,5274,574.228
Kepler-1180 b,Kepler-1180,1,1,2016,Transit,Kepler,16.8601286,,1.99,,,6077,1596.8
Kepler-1181 b,Kepler-1181,1,2,2016,Transit,Kepler,4.89337519,,1.57,,,6176,938.417
Kepler-1181 c,Kepler-1181,1,2,2023,Transit,Kepler,8.93484887,0.0928,1.83,,1124,6688,938.417
Kepler-1182 b,Kepler-1182,1,1,2016,Transit,Kepler,11.17394617,,2.41,,,5924,1545.39
Kepler-1183 b,Kepler-1183,1,1,2016,Transit,Kepler,28.5057189,,2.82,,,5765,1919.19
Kepler-1184 b,Kepler-1184,1,1,2016,Transit,Kepler,53.5991044,,2.68,,,5983,1157.84
Kepler-1185 b,Kepler-1185,1,1,2016,Transit,Kepler,104.3518976,,1.33,,,5622,459.273
Kepler-1186 b,Kepler-1186,1,1,2016,Transit,Kepler,16.07677615,,2.23,,,5635,1337.25
Kepler-1187 b,Kepler-1187,1,1,2016,Transit,Kepler,18.87064068,,2.61,,,5975,1020.53
Kepler-1188 b,Kepler-1188,1,1,2016,Transit,Kepler,17.1369543,,2.08,,,5913,1717.48
Kepler-1189 b,Kepler-1189,1,1,2016,Transit,Kepler,3.78858982,,1.77,,,6012,782.852
Kepler-119 b,Kepler-119,1,2,2014,Transit,Kepler,2.422082,0.035,3.6,,,5595,701.996
Kepler-119 c,Kepler-119,1,2,2014,Transit,Kepler,4.125103,0.049,0.92,,,5595,701.996
Kepler-1190 b,Kepler-1190,1,1,2016,Transit,Kepler,10.45843441,,1.33,,,4730,342.509
Kepler-1191 b,Kepler-1191,1,1,2016,Transit,Kepler,5.60014851,,1.51,,,5308,955.536
Kepler-1192 b,Kepler-1192,1,1,2016,Transit,Kepler,25.2034787,,2.36,,,5438,1304.19
Kepler-1193 b,Kepler-1193,1,1,2016,Transit,Kepler,2.832652134,,1.32,,,5908,802.116
Kepler-1194 b,Kepler-1194,1,1,2016,Transit,Kepler,16.22371307,,1.51,,,5590,757.382
Kepler-1195 b,Kepler-1195,1,1,2016,Transit,Kepler,8.49642241,,2.08,,,4965,918.566
Kepler-1196 b,Kepler-1196,1,1,2016,Transit,Kepler,66.1849031,,2.23,,,5756,922.333
Kepler-1197 b,Kepler-1197,1,1,2016,Transit,Kepler,2.03231845,,1.25,,,4708,486.94
Kepler-1198 b,Kepler-1198,1,1,2016,Transit,Kepler,7.6847716,,1.47,,,5517,743.03
Kepler-1199 b,Kepler-1199,1,1,2016,Transit,Kepler,15.0447198,,1.15,,,5889,563.493
Kepler-12 b,Kepler-12,1,1,2011,Transit,Kepler,4.4379629,0.0553,19.660586,137.30256,1480,5947,881.386
Kepler-120 b,Kepler-120,1,2,2014,Transit,Kepler,6.312501,0.055,2.15,,,4096,388.63
Kepler-120 c,Kepler-120,1,2,2014,Transit,Kepler,12.794585,0.088,1.53,,,4096,388.63
Kepler-1200 b,Kepler-1200,1,1,2016,Transit,Kepler,1.118549717,,1.06,,,4612,588.715
Kepler-1201 b,Kepler-1201,1,1,2016,Transit,Kepler,15.18725932,,2.29,,,6177,944.241
Kepler-1202 b,Kepler-1202,1,1,2016,Transit,Kepler,28.6851324,,2.94,,,5834,1175.38
Kepler-1203 b,Kepler-1203,1,1,2016,Transit,Kepler,0.588000765,,1.06,,,4105,317.022
Kepler-1204 b,Kepler-1204,1,1,2016,Transit,Kepler,85.7350285,,3.05,,,5825,1175.22
Kepler-1205 b,Kepler-1205,1,1,2016,Transit,Kepler,1.078390352,,1.41,,,5226,698.485
Kepler-1206 b,Kepler-1206,1,1,2016,Transit,Kepler,1.216997663,,1.64,,,4877,762.019
Kepler-1207 b,Kepler-1207,1,1,2016,Transit,Kepler,13.68237119,,1.62,,,5909,1754.19
Kepler-1208 b,Kepler-1208,1,1,2016,Transit,Kepler,11.08507637,,2.32,,,5001,825.176
Kepler-1209 b,Kepler-1209,1,1,2016,Transit,Kepler,25.369116,,1.51,,,6210,505.531
Kepler-121 b,Kepler-121,1,2,2014,Transit,Kepler,3.177422,0.039,2.34,,,5311,510.523
Kepler-121 c,Kepler-121,1,2,2014,Transit,Kepler,41.008011,0.216,2.27,,,5311,510.523
Kepler-1210 b,Kepler-1210,1,1,2016,Transit,Kepler,8.07124073,,1.7,,,5568,1176.53
Kepler-1211 b,Kepler-1211,1,1,2016,Transit,Kepler,11.01816836,,2.55,,,5705,1826.53
Kepler-1212 b,Kepler-1212,1,1,2016,Transit,Kepler,12.94130146,,2.14,,,6051,1316.57
Kepler-1213 b,Kepler-1213,1,1,2016,Transit,Kepler,5.34982412,,1.19,,,6050,807.812
Kepler-1214 b,Kepler-1214,1,1,2016,Transit,Kepler,18.82634264,,2.36,,,5130,729.227
Kepler-1215 b,Kepler-1215,1,1,2016,Transit,Kepler,4.76703963,,1.22,,,5616,661.022
Kepler-1216 b,Kepler-1216,1,1,2016,Transit,Kepler,4.37034536,,1.39,,,5743,1258.36
Kepler-1217 b,Kepler-1217,1,1,2016,Transit,Kepler,2.032325072,,1.99,,,5905,1347.71
Kepler-1218 b,Kepler-1218,1,1,2016,Transit,Kepler,22.9221266,,1.44,,,5986,840.503
Kepler-1219 b,Kepler-1219,1,1,2016,Transit,Kepler,16.10467749,,2.12,,,5944,880.895
Kepler-122 b,Kepler-122,1,5,2014,Transit,Kepler,5.766193,0.064,2.34,,,6050,1027.45
Kepler-122 c,Kepler-122,1,5,2014,Transit,Kepler,12.465988,0.108,5.87,,,6050,1027.45
Kepler-122 d,Kepler-122,1,5,2014,Transit,Kepler,21.587475,0.155,2.2,,,6050,1027.45
Kepler-122 e,Kepler-122,1,5,2014,Transit,Kepler,37.993273,0.227,2.6,,,6050,1027.45
Kepler-122 f,Kepler-122,1,5,2014,Transit,Kepler,56.268,,1.75,36,,,1027.45
Kepler-1220 b,Kepler-1220,1,1,2016,Transit,Kepler,7.42693741,,1.52,,,5842,961.907
Kepler-1221 b,Kepler-1221,1,1,2016,Transit,Kepler,12.00096042,,1.88,,,5194,913.65
Kepler-1222 b,Kepler-1222,1,1,2016,Transit,Kepler,1.916944254,,0.79,,,5239,415.218
Kepler-1223 b,Kepler-1223,1,1,2016,Transit,Kepler,16.301259,,1.22,,,4870,459.957
Kepler-1224 b,Kepler-1224,1,1,2016,Transit,Kepler,13.32351601,,1.33,,,6155,559.598
Kepler-1225 b,Kepler-1225,1,1,2016,Transit,Kepler,7.01075434,,1.82,,,6140,1347.52
Kepler-1226 b,Kepler-1226,1,1,2016,Transit,Kepler,17.2923453,,1.45,,,5923,1125.72
Kepler-1227 b,Kepler-1227,1,1,2016,Transit,Kepler,94.2887577,,2.29,,,5747,623.706
Kepler-1228 b,Kepler-1228,1,1,2016,Transit,Kepler,0.577369579,,1.54,,,5063,515.453
Kepler-1229 b,Kepler-1229,1,1,2016,Transit,Kepler,86.828989,,1.4,,,3784,265.482
Kepler-123 b,Kepler-123,1,2,2014,Transit,Kepler,17.232366,0.135,2.94,,,6089,1021.66
Kepler-123 c,Kepler-123,1,2,2014,Transit,Kepler,26.695074,0.181,1.48,,,6089,1021.66
Kepler-1230 b,Kepler-1230,1,1,2016,Transit,Kepler,9.95661537,,2.71,,,5961,1364.22
Kepler-1231 b,Kepler-1231,1,1,2016,Transit,Kepler,10.41725184,,1.42,,,5778,987.237
Kepler-1232 b,Kepler-1232,1,1,2016,Transit,Kepler,26.7839183,,1.93,,,5471,632.865
Kepler-1233 b,Kepler-1233,1,1,2016,Transit,Kepler,45.1263042,,2.6,,,6198,1178.7
Kepler-1234 b,Kepler-1234,1,1,2016,Transit,Kepler,11.94014029,,2.81,,,4967,916.749
Kepler-1235 b,Kepler-1235,1,1,2016,Transit,Kepler,4.16055856,,0.79,,,5541,540.604
Kepler-1236 b,Kepler-1236,1,1,2016,Transit,Kepler,31.0571618,,2.14,,,5337,999.64
Kepler-1237 b,Kepler-1237,1,1,2016,Transit,Kepler,84.5733226,,2.86,,,5472,1064.31
Kepler-1238 b,Kepler-1238,1,1,2016,Transit,Kepler,4.14787559,,1.93,,,6386,1632.13
Kepler-1239 b,Kepler-1239,1,1,2016,Transit,Kepler,5.19104016,,2.9,,,6564,2140.6
Kepler-124 b,Kepler-124,1,3,2014,Transit,Kepler,3.410493,0.039,0.73,,,4984,420.046
Kepler-124 c,Kepler-124,1,3,2014,Transit,Kepler,13.821375,0.1,1.75,,,4984,420.046
Kepler-124 d,Kepler-124,1,3,2014,Transit,Kepler,30.950851,0.17,1.11,,,4984,420.046
Kepler-1240 b,Kepler-1240,1,1,2016,Transit,Kepler,4.8663815,,1.15,,,5682,862.186
Kepler-1241 b,Kepler-1241,1,1,2016,Transit,Kepler,18.5525701,,2.63,,,5261,968.722
Kepler-1242 b,Kepler-1242,1,1,2016,Transit,Kepler,13.62798432,,2.26,,,4895,687.615
Kepler-1243 b,Kepler-1243,1,1,2016,Transit,Kepler,16.8320729,,1.75,,,5667,758.17
Kepler-1244 b,Kepler-1244,1,1,2016,Transit,Kepler,3.70428172,,1.35,,,6680,1075.81
Kepler-1245 b,Kepler-1245,1,2,2016,Transit,Kepler,4.35409304,,1.44,,,5306,805.936
Kepler-1245 c,Kepler-1245,1,2,2016,Transit,Kepler,2.936584681,,1.44,,,5306,805.936
Kepler-1246 b,Kepler-1246,1,1,2016,Transit,Kepler,11.32271513,,1.36,,,4611,436.505
Kepler-1247 b,Kepler-1247,1,1,2016,Transit,Kepler,13.71220213,,2.33,,,5303,1045.92
Kepler-1248 b,Kepler-1248,1,1,2016,Transit,Kepler,7.46725407,,1.18,,,6149,593.026
Kepler-1249 b,Kepler-1249,1,1,2016,Transit,Kepler,24.3347127,,2.38,,,6202,1904.54
Kepler-125 b,Kepler-125,1,2,2014,Transit,Kepler,4.164389,0.041,2.37,,,3810,183.365
Kepler-125 c,Kepler-125,1,2,2014,Transit,Kepler,5.774464,0.051,0.74,,,3810,183.365
Kepler-1250 b,Kepler-1250,1,1,2016,Transit,Kepler,2.607543834,,1.92,,,5717,2126.85
Kepler-1251 b,Kepler-1251,1,1,2016,Transit,Kepler,45.0904643,,1.84,,,5545,902.204
Kepler-1252 b,Kepler-1252,1,1,2016,Transit,Kepler,15.0540329,,1.67,,,5949,648.979
Kepler-1253 b,Kepler-1253,1,1,2016,Transit,Kepler,68.8861915,,1.33,,,5850,514.524
Kepler-1254 b,Kepler-1254,1,3,2016,Transit,Kepler,9.99113313,,1.55,,,4985,622.818
Kepler-1254 c,Kepler-1254,1,3,2016,Transit,Kepler,3.60084276,,1.3,,,4985,622.818
Kepler-1254 d,Kepler-1254,1,3,2016,Transit,Kepler,5.72717226,,1.31,,,4985,622.818
Kepler-1255 b,Kepler-1255,1,1,2016,Transit,Kepler,36.2919336,,2.32,,,6018,1617.07
Kepler-1256 b,Kepler-1256,1,1,2016,Transit,Kepler,12.4127754,,1.49,,,6129,891.192
Kepler-1257 b,Kepler-1257,1,1,2016,Transit,Kepler,2.668313762,,1.52,,,5502,1105.95
Kepler-1258 b,Kepler-1258,1,1,2016,Transit,Kepler,0.984940167,,0.86,,,5839,717.555
Kepler-1259 b,Kepler-1259,1,1,2016,Transit,Kepler,0.663085258,,1.43,,,5053,805.562
Kepler-126 b,Kepler-126,1,3,2014,Transit,Kepler,10.495711,0.099,1.52,,,6239,237.401
Kepler-126 c,Kepler-126,1,3,2014,Transit,Kepler,21.869741,0.162,1.58,,,6239,237.401
Kepler-126 d,Kepler-126,1,3,2014,Transit,Kepler,100.283134,0.448,2.5,,,6239,237.401
Kepler-1260 b,Kepler-1260,1,1,2016,Transit,Kepler,19.1187753,,1.77,,,5961,1734.43
Kepler-1261 b,Kepler-1261,1,1,2016,Transit,Kepler,48.4308991,,2.26,,,5006,744.294
Kepler-1262 b,Kepler-1262,1,1,2016,Transit,Kepler,8.67900242,,1.82,,,5771,1054.87
Kepler-1263 b,Kepler-1263,1,1,2016,Transit,Kepler,4.55139967,,1.14,,,5213,664.83
Kepler-1264 b,Kepler-1264,1,1,2016,Transit,Kepler,0.968526023,,1.18,,,5791,801.993
Kepler-1265 b,Kepler-1265,1,1,2016,Transit,Kepler,6.49441289,,1.35,,,4630,583.641
Kepler-1266 b,Kepler-1266,1,2,2016,Transit,Kepler,28.474748,,2.58,,,5044,849.312
Kepler-1266 c,Kepler-1266,1,2,2021,Transit,Kepler,4.86631012,,1.68023962,,,4996,849.312
Kepler-1267 b,Kepler-1267,1,1,2016,Transit,Kepler,13.0313945,,3.01,,,6096,1379.43
Kepler-1268 b,Kepler-1268,1,1,2016,Transit,Kepler,40.9903986,,2.03,,,5904,1840.77
Kepler-1269 b,Kepler-1269,1,1,2016,Transit,Kepler,37.3331536,,1.63,,,5998,1097.23
Kepler-127 b,Kepler-127,1,3,2014,Transit,Kepler,14.435889,0.125,1.4,,,6106,352.794
Kepler-127 c,Kepler-127,1,3,2014,Transit,Kepler,29.393195,0.2,2.66,,,6106,352.794
Kepler-127 d,Kepler-127,1,3,2014,Transit,Kepler,48.630408,0.28,2.64,,,6106,352.794
Kepler-1270 b,Kepler-1270,1,1,2016,Transit,Kepler,6.03356196,,3.32,,,5047,1095.05
Kepler-1271 b,Kepler-1271,1,1,2016,Transit,Kepler,3.0255955,,1.48,,,6143,831.991
Kepler-1272 b,Kepler-1272,1,1,2016,Transit,Kepler,51.1309704,,2.37,,,5926,1206.37
Kepler-1273 b,Kepler-1273,1,1,2016,Transit,Kepler,28.625653,,2.49,,,5566,1114.24
Kepler-1274 b,Kepler-1274,1,1,2016,Transit,Kepler,6.98152703,,1.42,,,6179,614.648
Kepler-1275 b,Kepler-1275,1,1,2016,Transit,Kepler,3.65691115,,1.48,,,6296,1153.98
Kepler-1276 b,Kepler-1276,1,1,2016,Transit,Kepler,12.5720095,,1.19,,,6188,538.481
Kepler-1277 b,Kepler-1277,1,1,2016,Transit,Kepler,40.8365012,,1.6,,,5578,557.193
Kepler-1278 b,Kepler-1278,1,1,2016,Transit,Kepler,3.23941344,,1.01,,,6074,889.426
Kepler-1279 b,Kepler-1279,1,1,2016,Transit,Kepler,23.4774101,,1.75,,,6221,1494.22
Kepler-128 b,Kepler-128,1,2,2013,Transit,Kepler,15,,1.421,3.79,,6072,396.379
Kepler-128 c,Kepler-128,1,2,2013,Transit,Kepler,22.8,,1.521,3.38,,6072,396.379
Kepler-1280 b,Kepler-1280,1,1,2016,Transit,Kepler,66.5579057,,1.87,,,6227,1486.7
Kepler-1281 b,Kepler-1281,1,1,2016,Transit,Kepler,3.11602791,,1.64,,,5353,
Kepler-1282 b,Kepler-1282,1,1,2016,Transit,Kepler,2.131946513,,1.55,,,5504,1103.29
Kepler-1283 b,Kepler-1283,1,1,2016,Transit,Kepler,12.9460978,,1.91,,,6175,2921.99
Kepler-1284 b,Kepler-1284,1,1,2016,Transit,Kepler,0.664073806,,1.21,,,5123,882.324
Kepler-1285 b,Kepler-1285,1,1,2016,Transit,Kepler,14.7967458,,0.97,,,6170,422.269
Kepler-1286 b,Kepler-1286,1,1,2016,Transit,Kepler,11.25402929,,2.15,,,5753,1354.46
Kepler-1287 b,Kepler-1287,1,1,2016,Transit,Kepler,11.47685909,,1.54,,,5715,1003.26
Kepler-1288 b,Kepler-1288,1,1,2016,Transit,Kepler,2.76122421,,1.12,,,6132,814.078
Kepler-1289 b,Kepler-1289,1,1,2016,Transit,Kepler,7.99019627,,1.52,,,6080,1053.57
Kepler-129 b,Kepler-129,1,3,2014,Transit,Kepler,15.79,0.13,2.4,20,,5770,408.845
Kepler-129 c,Kepler-129,1,3,2014,Transit,Kepler,82.2,0.39,2.52,43,,5770,408.845
Kepler-129 d,Kepler-129,1,3,2021,Radial Velocity,W. M. Keck Observatory,2646,4,,2637.975778,,5770,408.845
Kepler-1290 b,Kepler-1290,1,1,2016,Transit,Kepler,4.69500134,,1.42,,,5660,1593.7
Kepler-1291 b,Kepler-1291,1,1,2016,Transit,Kepler,8.63043276,,1.66,,,5216,897.352
Kepler-1292 b,Kepler-1292,1,1,2016,Transit,Kepler,3.27646405,,1.82,,,5556,1493.43
Kepler-1293 b,Kepler-1293,1,1,2016,Transit,Kepler,5.57654784,,0.97,,,6241,1028.16
Kepler-1294 b,Kepler-1294,1,1,2016,Transit,Kepler,115.6862258,,3.19,,,5776,1855.7
Kepler-1295 b,Kepler-1295,1,1,2016,Transit,Kepler,3.81371974,,1.55,,,5486,1174.46
Kepler-1296 b,Kepler-1296,1,1,2016,Transit,Kepler,8.3839865,,0.91,,,5359,1551.54
Kepler-1297 b,Kepler-1297,1,1,2016,Transit,Kepler,1.68189002,,0.97,,,5818,1439.47
Kepler-1298 b,Kepler-1298,1,1,2016,Transit,Kepler,7.12811928,,1.31,,,6339,544.163
Kepler-1299 b,Kepler-1299,1,1,2016,Transit,Kepler,19.9400874,,2.98,,,5609,1404.94
Kepler-130 b,Kepler-130,2,3,2014,Transit,Kepler,8.457458,0.079,1.02,,,5884,316.663
Kepler-130 c,Kepler-130,2,3,2014,Transit,Kepler,27.50868,0.178,2.9,,683,5879,316.663
Kepler-130 d,Kepler-130,2,3,2014,Transit,Kepler,87.517905,0.377,1.64,,,5884,316.663
Kepler-1300 b,Kepler-1300,1,1,2016,Transit,Kepler,22.2419092,,1.37,,,6130,777.025
Kepler-1301 b,Kepler-1301,1,1,2016,Transit,Kepler,9.08237046,,1.4,,,5188,854.28
Kepler-1302 b,Kepler-1302,1,1,2016,Transit,Kepler,8.83922659,,1.43,,,5236,634.58
Kepler-1303 b,Kepler-1303,1,1,2016,Transit,Kepler,7.56127224,,1.42,,,5771,897.783
Kepler-1304 b,Kepler-1304,1,1,2016,Transit,Kepler,16.1288853,,2.29,,,5259,2176.08
Kepler-1305 b,Kepler-1305,1,1,2016,Transit,Kepler,13.5630972,,1.88,,,5701,1575.23
Kepler-1306 b,Kepler-1306,1,1,2016,Transit,Kepler,16.29595382,,1.91,,,5727,1107.5
Kepler-1307 b,Kepler-1307,1,1,2016,Transit,Kepler,18.01621096,,2.47,,,5884,1014.62
Kepler-1308 b,Kepler-1308,1,1,2016,Transit,Kepler,2.104338119,,0.52,,,3468,112.705
Kepler-1309 b,Kepler-1309,1,1,2016,Transit,Kepler,28.8432647,,2.37,,,5235,
Kepler-131 b,Kepler-131,1,2,2014,Transit,Kepler,16.092,,2.41,16.13,,5685,228.678
Kepler-131 c,Kepler-131,1,2,2014,Transit,Kepler,25.5169,,0.84,8.25,,5685,228.678
Kepler-1310 b,Kepler-1310,1,1,2016,Transit,Kepler,0.679336272,,1.44,,,5549,569.185
Kepler-1311 b,Kepler-1311,1,3,2016,Transit,Kepler,11.1726994,,1.24,,,5748,866.331
Kepler-1311 c,Kepler-1311,1,3,2016,Transit,Kepler,2.53573424,,1.22,,,5748,866.331
Kepler-1311 d,Kepler-1311,1,3,2021,Transit,Kepler,197.5110016,,9.65837605,,,5616,866.331
Kepler-1312 b,Kepler-1312,1,2,2016,Transit,Kepler,5.448325286,,2.1,,,5719,299.104
Kepler-1312 c,Kepler-1312,1,2,2021,Transit,Kepler,1.116119981,,1.02732734,,,5721,299.104
Kepler-1313 b,Kepler-1313,1,1,2016,Transit,Kepler,3.833091178,,1.76,,,5453,174.234
Kepler-1314 b,Kepler-1314,1,1,2016,Transit,Kepler,5.424749281,,5.11,,,4188,
Kepler-1315 b,Kepler-1315,1,2,2016,Transit,Kepler,0.84338011,,1.38,,,4861,480.869
Kepler-1315 c,Kepler-1315,1,2,2021,Transit,Kepler,6.566060066,,1.84398883,,,4818,480.869
Kepler-1316 b,Kepler-1316,1,1,2016,Transit,Kepler,87.9732136,,3.54,,,5884,800.871
Kepler-1317 b,Kepler-1317,1,1,2016,Transit,Kepler,0.568874427,,1.56,,,5144,728.303
Kepler-1318 b,Kepler-1318,1,1,2016,Transit,Kepler,213.257663,,3.11,,,4598,475.248
Kepler-1319 b,Kepler-1319,2,1,2016,Transit,Kepler,2.886762645,,1.34,,,3655,103.917
Kepler-132 b,Kepler-132,2,4,2014,Transit,Kepler,6.178196,0.067,1.21,,,6003,349.549
Kepler-132 c,Kepler-132,2,4,2014,Transit,Kepler,6.414914,0.068,1.28,,,6003,349.549
Kepler-132 d,Kepler-132,2,4,2014,Transit,Kepler,18.010199,0.136,1.55,,,6003,349.549
Kepler-132 e,Kepler-132,2,4,2016,Transit,Kepler,110.2869374,,1.18,,,6023,349.549
Kepler-1320 b,Kepler-1320,1,1,2016,Transit,Kepler,0.868386528,,1.7,,,4817,647.424
Kepler-1321 b,Kepler-1321,1,3,2016,Transit,Kepler,11.12830484,,4.92,,,4094,769.146
Kepler-1321 c,Kepler-1321,1,3,2016,Transit,Kepler,2.226491086,,2.4,,,4094,769.146
Kepler-1321 d,Kepler-1321,1,3,2021,Transit,Kepler,5.720920086,,2.62843782,,,3640,769.146
Kepler-1322 b,Kepler-1322,1,2,2016,Transit,Kepler,0.962867382,,1.61,,,5488,1350.32
Kepler-1322 c,Kepler-1322,1,2,2021,Transit,Kepler,6.459980011,,2.15492527,,,5704,1350.32
Kepler-1323 b,Kepler-1323,1,1,2016,Transit,Kepler,0.929906678,,1.52,,,6169,465.417
Kepler-1324 b,Kepler-1324,1,1,2016,Transit,Kepler,4.115844679,,1.51,,,4776,481.667
Kepler-1325 b,Kepler-1325,1,1,2016,Transit,Kepler,33.8786838,,2.86,,,5550,973.368
Kepler-1326 b,Kepler-1326,1,1,2016,Transit,Kepler,42.3514267,,4.18,,,6725,698.326
Kepler-1327 b,Kepler-1327,1,1,2016,Transit,Kepler,14.88801098,,1.8,,,5885,678.069
Kepler-1328 b,Kepler-1328,1,1,2016,Transit,Kepler,4.52158888,,0.98,,,5780,813.543
Kepler-1329 b,Kepler-1329,1,1,2016,Transit,Kepler,9.33646594,,2.17,,,4500,588.037
Kepler-133 b,Kepler-133,1,2,2014,Transit,Kepler,8.129976,0.083,1.76,,,5736,653.6
Kepler-133 c,Kepler-133,1,2,2014,Transit,Kepler,31.517586,0.204,2.84,,,5736,653.6
Kepler-1330 b,Kepler-1330,1,1,2016,Transit,Kepler,10.10769068,,1.65,,,5608,1720.48
Kepler-1331 b,Kepler-1331,1,1,2016,Transit,Kepler,0.789161653,,1.05,,,4508,319.197
Kepler-1332 b,Kepler-1332,1,1,2016,Transit,Kepler,11.87456832,,1.37,,,5581,528.685
Kepler-1333 b,Kepler-1333,1,1,2016,Transit,Kepler,109.6471842,,2.81,,,5628,932.446
Kepler-1334 b,Kepler-1334,1,1,2016,Transit,Kepler,15.64591713,,2.29,,,5614,1223.04
Kepler-1335 b,Kepler-1335,1,1,2016,Transit,Kepler,6.26406846,,1.45,,,4903,621.853
Kepler-1336 b,Kepler-1336,1,2,2016,Transit,Kepler,23.198681,,1.98,,,5512,1126.64
Kepler-1336 c,Kepler-1336,1,2,2016,Transit,Kepler,5.77721211,,1.71,,,5512,1126.64
Kepler-1337 b,Kepler-1337,1,1,2016,Transit,Kepler,24.4002549,,2.41,,,4523,601.629
Kepler-1338 b,Kepler-1338,1,1,2016,Transit,Kepler,0.935118057,,0.92,,,5909,753.26
Kepler-1339 b,Kepler-1339,1,1,2016,Transit,Kepler,1.341555127,,0.71,,,5586,371.049
Kepler-134 b,Kepler-134,1,2,2014,Transit,Kepler,5.317429,0.06,2,,,5983,334.797
Kepler-134 c,Kepler-134,1,2,2014,Transit,Kepler,10.105785,0.092,1.26,,,5983,334.797
Kepler-1340 b,Kepler-1340,1,1,2016,Transit,Kepler,0.665026916,,1.55,,,6331,981.779
Kepler-1341 b,Kepler-1341,2,1,2016,Transit,Kepler,132.9968322,,2.99,,,4662,476.957
Kepler-1342 b,Kepler-1342,1,1,2016,Transit,Kepler,2.215710358,,1.66,,,5527,890.724
Kepler-1343 b,Kepler-1343,1,1,2016,Transit,Kepler,3.35183158,,1.93,,,5759,1756.71
Kepler-1344 b,Kepler-1344,1,1,2016,Transit,Kepler,4.7683049,,1.84,,,5981,853.959
Kepler-1345 b,Kepler-1345,1,1,2016,Transit,Kepler,44.6169557,,2.36,,,6449,1355.02
Kepler-1346 b,Kepler-1346,1,1,2016,Transit,Kepler,3.40165668,,1.58,,,6133,843.701
Kepler-1347 b,Kepler-1347,1,1,2016,Transit,Kepler,14.00947528,,1.03,,,5193,
Kepler-1348 b,Kepler-1348,1,1,2016,Transit,Kepler,27.5722742,,1.94,,,5911,1213.82
Kepler-1349 b,Kepler-1349,1,1,2016,Transit,Kepler,2.12823928,,0.7,,,6086,276.323
Kepler-135 b,Kepler-135,1,2,2014,Transit,Kepler,6.00253,0.067,1.81,,,6090,621.855
Kepler-135 c,Kepler-135,1,2,2014,Transit,Kepler,11.448708,0.103,1.16,,,6090,621.855
Kepler-1350 b,Kepler-1350,1,2,2016,Transit,Kepler,4.4968604,,2.52,,,3827,340.691
Kepler-1350 c,Kepler-1350,1,2,2016,Transit,Kepler,1.766789062,,1.73,,,3827,340.691
Kepler-1351 b,Kepler-1351,1,1,2016,Transit,Kepler,0.916140768,,0.65,,,4439,202.782
Kepler-1352 b,Kepler-1352,1,1,2016,Transit,Kepler,1.877882748,,0.89,,,6118,670.829
Kepler-1353 b,Kepler-1353,1,1,2016,Transit,Kepler,24.7543966,,1.8,,,4776,593.384
Kepler-1354 b,Kepler-1354,1,1,2016,Transit,Kepler,76.613377,,2.97,,,6168,1119.45
Kepler-1355 b,Kepler-1355,1,1,2016,Transit,Kepler,1.289588112,,1.46,,,5352,911.269
Kepler-1356 b,Kepler-1356,1,1,2016,Transit,Kepler,0.634002937,,1.53,,,5106,845.228
Kepler-1357 b,Kepler-1357,1,1,2016,Transit,Kepler,3.0091324,,1.28,,,5597,1015.69
Kepler-1358 b,Kepler-1358,1,1,2016,Transit,Kepler,7.06317341,,1.12,,,5181,546.998
Kepler-1359 b,Kepler-1359,1,1,2016,Transit,Kepler,59.4970952,,2.83,,,4709,614.859
Kepler-136 b,Kepler-136,2,2,2014,Transit,Kepler,11.5789,0.106,2.05,,,6165,420.818
Kepler-136 c,Kepler-136,2,2,2014,Transit,Kepler,16.399235,0.133,1.99,,,6165,420.818
Kepler-1360 b,Kepler-1360,1,1,2016,Transit,Kepler,40.5286413,,3.4,,,6778,1516.27
Kepler-1361 b,Kepler-1361,1,1,2016,Transit,Kepler,3.57554956,,0.86,,,5131,389.143
Kepler-1362 b,Kepler-1362,1,1,2016,Transit,Kepler,136.205626,,2.6,,,4857,731.298
Kepler-1363 b,Kepler-1363,1,1,2016,Transit,Kepler,2.94194094,,1.25,,,4839,541.714
Kepler-1364 b,Kepler-1364,1,1,2016,Transit,Kepler,13.32196237,,2.15,,,6805,1056.9
Kepler-1365 b,Kepler-1365,1,2,2016,Transit,Kepler,7.69993485,,0.92,,,5770,840.128
Kepler-1365 c,Kepler-1365,1,2,2016,Transit,Kepler,4.77468005,,0.8,,,5770,840.128
Kepler-1366 b,Kepler-1366,1,1,2016,Transit,Kepler,2.164570968,,1.43,,,4070,465.826
Kepler-1367 b,Kepler-1367,1,1,2016,Transit,Kepler,1.574090272,,0.92,,,4106,401.484
Kepler-1368 b,Kepler-1368,1,1,2016,Transit,Kepler,0.675649486,,1.65,,,5906,1635.82
Kepler-1369 b,Kepler-1369,1,1,2016,Transit,Kepler,25.873148,,2.69,,,5761,1236.56
Kepler-137 b,Kepler-137,1,2,2014,Transit,Kepler,8.436387,0.077,1.47,,,5187,302.979
Kepler-137 c,Kepler-137,1,2,2014,Transit,Kepler,18.735753,0.13,1.88,,,5187,302.979
Kepler-1370 b,Kepler-1370,1,2,2016,Transit,Kepler,20.2641684,,1.84,,,6202,1004.1
Kepler-1370 c,Kepler-1370,1,2,2016,Transit,Kepler,7.44142113,,1.27,,,6202,1004.1
Kepler-1371 b,Kepler-1371,1,2,2016,Transit,Kepler,3.4462039,,0.73,,,5361,515.334
Kepler-1371 c,Kepler-1371,1,2,2016,Transit,Kepler,2.00541269,,0.64,,,5361,515.334
Kepler-1372 b,Kepler-1372,1,1,2016,Transit,Kepler,1.311555568,,1.27,,,5677,1303.22
Kepler-1373 b,Kepler-1373,1,1,2016,Transit,Kepler,1.29123275,,1.16,,,6299,1699.46
Kepler-1374 b,Kepler-1374,1,1,2016,Transit,Kepler,10.65276707,,2.29,,,5323,1078.46
Kepler-1375 b,Kepler-1375,1,1,2016,Transit,Kepler,3.3004192,,1.74,,,6704,1430.84
Kepler-1376 b,Kepler-1376,1,1,2016,Transit,Kepler,5.30880656,,1.05,,,5659,868.056
Kepler-1377 b,Kepler-1377,1,1,2016,Transit,Kepler,0.740928422,,1.25,,,5218,1146.1
Kepler-1378 b,Kepler-1378,1,1,2016,Transit,Kepler,11.95398936,,2.2,,,4407,506.434
Kepler-1379 b,Kepler-1379,1,1,2016,Transit,Kepler,0.881841146,,1.3,,,5188,971.325
Kepler-138 b,Kepler-138,1,4,2014,Transit,Kepler,10.3134,0.0753,0.64,0.07,452,3841,66.8624
Kepler-138 c,Kepler-138,1,4,2014,Transit,Kepler,13.7815,0.0913,1.51,2.3,410,3841,66.8624
Kepler-138 d,Kepler-138,1,4,2014,Transit,Kepler,23.0923,0.1288,1.51,2.1,345,3841,66.8624
Kepler-138 e,Kepler-138,1,4,2022,Transit Timing Variations,Multiple Observatories,38.23,0.1803,,0.43,292,3841,66.8624
Kepler-1380 b,Kepler-1380,1,1,2016,Transit,Kepler,10.3108245,,1.43,,,5570,2462.94
Kepler-1381 b,Kepler-1381,1,1,2016,Transit,Kepler,25.3842686,,2.25,,,5747,1197.04
Kepler-1382 b,Kepler-1382,1,1,2016,Transit,Kepler,16.3583055,,1.88,,,6161,738.261
Kepler-1383 b,Kepler-1383,1,1,2016,Transit,Kepler,13.9093583,,1.41,,,6370,1027.21
Kepler-1384 b,Kepler-1384,1,1,2016,Transit,Kepler,15.36262753,,1.94,,,4919,
Kepler-1385 b,Kepler-1385,1,1,2016,Transit,Kepler,2.88879862,,0.85,,,5732,688.795
Kepler-1386 b,Kepler-1386,1,1,2016,Transit,Kepler,6.73972381,,1.24,,,5733,835.882
Kepler-1387 b,Kepler-1387,1,1,2016,Transit,Kepler,2.279526656,,0.93,,,5046,455.358
Kepler-1388 b,Kepler-1388,1,4,2016,Transit,Kepler,12.2854603,,2.59,,,4098,453.795
Kepler-1388 c,Kepler-1388,1,4,2016,Transit,Kepler,5.53608151,,2.26,,,4098,453.795
Kepler-1388 d,Kepler-1388,1,4,2016,Transit,Kepler,20.9568158,,2.86,,,4098,453.795
Kepler-1388 e,Kepler-1388,1,4,2016,Transit,Kepler,37.6327084,,2.46,,,4098,453.795
Kepler-1389 b,Kepler-1389,1,1,2016,Transit,Kepler,99.2530951,,1.77,,,5078,497.093
Kepler-139 b,Kepler-139,1,5,2014,Transit,Kepler,15.771044,0.127,2.94,,,5594,391.038
Kepler-139 c,Kepler-139,1,5,2014,Transit,Kepler,157.072878,0.586,3.38,,,5594,391.038
Kepler-139 d,Kepler-139,1,5,2023,Transit,Kepler,7.305699922,0.075553396,1.695,4.65807623,,,391.038
Kepler-139 e,Kepler-139,1,5,2023,Radial Velocity,W. M. Keck Observatory,2047.635373,3.23579639,,426.1158152,,,391.038
Kepler-139 f,Kepler-139,1,5,2025,Transit Timing Variations,Multiple Observatories,355,,,36,,5630,391.038
Kepler-1390 b,Kepler-1390,1,1,2016,Transit,Kepler,6.48021673,,1.18,,,5753,723.431
Kepler-1391 b,Kepler-1391,1,1,2016,Transit,Kepler,54.4092333,,1.68,,,5840,1038.35
Kepler-1392 b,Kepler-1392,1,1,2016,Transit,Kepler,15.1410397,,1.96,,,5479,
Kepler-1393 b,Kepler-1393,1,1,2016,Transit,Kepler,2.44357812,,0.8,,,5697,544.456
Kepler-1394 b,Kepler-1394,1,1,2016,Transit,Kepler,3.93766373,,1.39,,,6481,640.409
Kepler-1395 b,Kepler-1395,1,1,2016,Transit,Kepler,3.78470649,,0.8,,,6138,492.894
Kepler-1396 b,Kepler-1396,1,1,2016,Transit,Kepler,18.2206421,,2.07,,,6195,1066.46
Kepler-1397 b,Kepler-1397,1,1,2016,Transit,Kepler,47.449955,,1.72,,,6026,1198.25
Kepler-1398 b,Kepler-1398,1,2,2016,Transit,Kepler,2.78815679,,0.9,,,6126,852.204
Kepler-1398 c,Kepler-1398,1,2,2016,Transit,Kepler,4.13827595,,1.03,,,6126,852.204
Kepler-1399 b,Kepler-1399,1,1,2016,Transit,Kepler,1.638653058,,1.25,,,5735,1385.7
Kepler-14 b,Kepler-14,2,1,2011,Transit,Kepler,6.790123,,12.733,2669.66,,6395,
Kepler-140 b,Kepler-140,1,2,2014,Transit,Kepler,3.25427,0.045,1.61,,,6077,583.859
Kepler-140 c,Kepler-140,1,2,2014,Transit,Kepler,91.353282,0.414,1.8,,,6077,583.859
Kepler-1400 b,Kepler-1400,1,1,2016,Transit,Kepler,9.06689421,,1.62,,,5044,752.237
Kepler-1401 b,Kepler-1401,1,1,2016,Transit,Kepler,11.20066445,,1.68,,,5964,1425.43
Kepler-1402 b,Kepler-1402,1,1,2016,Transit,Kepler,2.03387914,,0.76,,,5416,1493.64
Kepler-1403 b,Kepler-1403,1,1,2016,Transit,Kepler,5.19492202,,2.14,,,6060,2163.9
Kepler-1404 b,Kepler-1404,1,1,2016,Transit,Kepler,15.9314739,,2.01,,,5261,962.183
Kepler-1405 b,Kepler-1405,1,1,2016,Transit,Kepler,28.2274184,,3.96,,,5925,1530.3
Kepler-1406 b,Kepler-1406,1,1,2016,Transit,Kepler,11.62905828,,1.1,,,5892,572.403
Kepler-1407 b,Kepler-1407,1,1,2016,Transit,Kepler,20.0711504,,2.25,,,6010,1396.41
Kepler-1408 b,Kepler-1408,1,1,2016,Transit,Kepler,2.99793191,,0.89,,,6170,535.048
Kepler-1409 b,Kepler-1409,1,1,2016,Transit,Kepler,0.764864926,,1.04,,,5160,694.89
Kepler-141 b,Kepler-141,1,2,2014,Transit,Kepler,3.107675,0.039,0.69,,,4910,301.183
Kepler-141 c,Kepler-141,1,2,2014,Transit,Kepler,7.010606,0.067,1.41,,,4910,301.183
Kepler-1410 b,Kepler-1410,1,1,2016,Transit,Kepler,60.866168,,1.78,,,4092,
Kepler-1411 b,Kepler-1411,1,1,2016,Transit,Kepler,86.1150888,,2.82,,,5664,1660.48
Kepler-1412 b,Kepler-1412,1,1,2016,Transit,Kepler,3.6146051,,0.83,,,5880,755.678
Kepler-1413 b,Kepler-1413,1,1,2016,Transit,Kepler,13.1829642,,1.82,,,5196,1167.49
Kepler-1414 b,Kepler-1414,1,1,2016,Transit,Kepler,3.51576315,,1.23,,,4951,570.835
Kepler-1415 b,Kepler-1415,1,1,2016,Transit,Kepler,0.63642408,,1.29,,,5267,1043.56
Kepler-1416 b,Kepler-1416,1,1,2016,Transit,Kepler,1.49514952,,0.88,,,6019,949.59
Kepler-1417 b,Kepler-1417,1,1,2016,Transit,Kepler,20.3505213,,1,,,5839,991.845
Kepler-1418 b,Kepler-1418,1,1,2016,Transit,Kepler,22.4764425,,1.66,,,4770,
Kepler-1419 b,Kepler-1419,1,1,2016,Transit,Kepler,42.5215895,,2.86,,,5796,1498.58
Kepler-142 b,Kepler-142,1,3,2014,Transit,Kepler,2.024152,0.032,1.99,,,5790,548.686
Kepler-142 c,Kepler-142,1,3,2014,Transit,Kepler,4.761702,0.057,2.86,,,5790,548.686
Kepler-142 d,Kepler-142,1,3,2014,Transit,Kepler,41.809118,0.242,2.16,,,5790,548.686
Kepler-1420 b,Kepler-1420,1,1,2016,Transit,Kepler,6.69960006,,1.28,,,5187,1054.37
Kepler-1421 b,Kepler-1421,1,1,2016,Transit,Kepler,6.9131112,,0.93,,,6335,783.401
Kepler-1422 b,Kepler-1422,1,1,2016,Transit,Kepler,18.6051942,,2.02,,,6194,2465.84
Kepler-1423 b,Kepler-1423,1,1,2016,Transit,Kepler,23.955378,,1.06,,,4939,
Kepler-1424 b,Kepler-1424,1,1,2016,Transit,Kepler,29.6091744,,1.16,,,5838,661.421
Kepler-1425 b,Kepler-1425,1,1,2016,Transit,Kepler,14.4541302,,0.94,,,5718,863.873
Kepler-1426 b,Kepler-1426,1,1,2016,Transit,Kepler,14.2563227,,1.56,,,5831,1697.81
Kepler-1427 b,Kepler-1427,1,1,2016,Transit,Kepler,0.968972376,,1.1,,,5793,
Kepler-1428 b,Kepler-1428,1,1,2016,Transit,Kepler,10.67607169,,1.64,,,6184,1530.32
Kepler-1429 b,Kepler-1429,1,1,2016,Transit,Kepler,4.48487493,,1.29,,,5902,1214.09
Kepler-143 b,Kepler-143,1,2,2014,Transit,Kepler,16.007583,0.127,2.41,,,5848,809.467
Kepler-143 c,Kepler-143,1,2,2014,Transit,Kepler,27.082511,0.181,3.37,,,5848,809.467
Kepler-1430 b,Kepler-1430,1,1,2016,Transit,Kepler,2.46050993,,1.18,,,4796,875.523
Kepler-1431 b,Kepler-1431,1,1,2016,Transit,Kepler,5.86601526,,1.47,,,5806,1623.24
Kepler-1432 b,Kepler-1432,1,1,2016,Transit,Kepler,23.9109011,,2.22,,,6031,2171.87
Kepler-1433 b,Kepler-1433,1,1,2016,Transit,Kepler,4.13592271,,1.56,,,6097,
Kepler-1434 b,Kepler-1434,1,1,2016,Transit,Kepler,8.05333618,,1.11,,,6291,775.529
Kepler-1435 b,Kepler-1435,1,1,2016,Transit,Kepler,4.45343281,,0.86,,,6356,704.211
Kepler-1436 b,Kepler-1436,1,1,2016,Transit,Kepler,9.705716,,1.31,,,5972,2530.62
Kepler-1437 b,Kepler-1437,1,1,2016,Transit,Kepler,10.9295461,,1.37,,,5557,2101.69
Kepler-1438 b,Kepler-1438,1,1,2016,Transit,Kepler,2.31942009,,0.94,,,5530,1154.13
Kepler-1439 b,Kepler-1439,1,1,2016,Transit,Kepler,8.07392849,,1.46,,,3578,225.393
Kepler-144 b,Kepler-144,1,2,2014,Transit,Kepler,5.885273,0.066,1.33,,,6075,384.917
Kepler-144 c,Kepler-144,1,2,2014,Transit,Kepler,10.104665,0.094,1.35,,,6075,384.917
Kepler-1440 b,Kepler-1440,1,1,2016,Transit,Kepler,39.859484,,1.26,,,5698,1115.35
Kepler-1441 b,Kepler-1441,1,1,2016,Transit,Kepler,39.4419839,,1.31,,,5802,1110.48
Kepler-1442 b,Kepler-1442,1,1,2016,Transit,Kepler,81.4162941,,3.93,,,6394,608.68
Kepler-1443 b,Kepler-1443,1,1,2016,Transit,Kepler,2.41811321,,0.97,,,6289,593.646
Kepler-1444 b,Kepler-1444,1,1,2016,Transit,Kepler,33.42035034,,2.18,,,5810,319.675
Kepler-1445 b,Kepler-1445,1,1,2016,Transit,Kepler,10.60052251,,0.96,,,6150,506.357
Kepler-1446 b,Kepler-1446,1,1,2016,Transit,Kepler,0.689967832,,0.82,,,4865,152.075
Kepler-1447 b,Kepler-1447,1,1,2016,Transit,Kepler,56.6747285,,2.9,,,5722,890.296
Kepler-1448 b,Kepler-1448,1,1,2016,Transit,Kepler,12.27065865,,1.61,,,5774,768.903
Kepler-1449 b,Kepler-1449,1,1,2016,Transit,Kepler,13.2274528,,1.68,,,5979,2006.48
Kepler-145 b,Kepler-145,1,2,2013,Transit,Kepler,22.951,,2.65,37.1,,,566.85
Kepler-145 c,Kepler-145,1,2,2013,Transit,Kepler,42.882,,4.32,79.4,,,566.85
Kepler-1450 b,Kepler-1450,1,1,2016,Transit,Kepler,54.5094166,,1.71,,,4524,505.829
Kepler-1451 b,Kepler-1451,1,1,2016,Transit,Kepler,35.622233,,3.35,,,5782,1058.72
Kepler-1452 b,Kepler-1452,1,1,2016,Transit,Kepler,42.913751,,2.7,,,6101,996.32
Kepler-1453 b,Kepler-1453,1,1,2016,Transit,Kepler,47.1611696,,2.67,,,5665,1196.04
Kepler-1454 b,Kepler-1454,1,1,2016,Transit,Kepler,47.0319479,,1.88,,,5448,780.566
Kepler-1455 b,Kepler-1455,1,1,2016,Transit,Kepler,49.276764,,2.16,,,4075,357.621
Kepler-1456 b,Kepler-1456,1,1,2016,Transit,Kepler,18.1373829,,1.14,,,4231,370.312
Kepler-1457 b,Kepler-1457,1,1,2016,Transit,Kepler,51.1110243,,1.99,,,5866,889.885
Kepler-1458 b,Kepler-1458,1,1,2016,Transit,Kepler,47.9872764,,2.76,,,5653,544.45
Kepler-1459 b,Kepler-1459,1,1,2016,Transit,Kepler,62.8691611,,1.36,,,4828,455.479
Kepler-146 b,Kepler-146,1,2,2014,Transit,Kepler,31.158799,0.2,3.71,,,5948,716.797
Kepler-146 c,Kepler-146,1,2,2014,Transit,Kepler,76.732171,0.364,3.13,,,5948,716.797
Kepler-1460 b,Kepler-1460,1,1,2016,Transit,Kepler,29.9633247,,1.96,,,4422,553.218
Kepler-1461 b,Kepler-1461,1,1,2016,Transit,Kepler,29.3494775,,2.03,,,4919,679.106
Kepler-1462 b,Kepler-1462,1,1,2016,Transit,Kepler,65.6488341,,3.82,,,5756,1017.82
Kepler-1463 b,Kepler-1463,1,1,2016,Transit,Kepler,25.15864,,1.86,,,5679,1687.47
Kepler-1464 b,Kepler-1464,1,2,2016,Transit,Kepler,31.7785901,,1.66,,,5828,1151.73
Kepler-1464 c,Kepler-1464,1,2,2016,Transit,Kepler,5.32786292,,1,,,5828,1151.73
Kepler-1465 b,Kepler-1465,1,1,2016,Transit,Kepler,31.8277111,,1.77,,,4726,359.497
Kepler-1466 b,Kepler-1466,1,1,2016,Transit,Kepler,31.1750448,,1.55,,,5884,631.949
Kepler-1467 b,Kepler-1467,1,1,2016,Transit,Kepler,47.0569043,,3.3,,,5332,852.888
Kepler-1468 b,Kepler-1468,1,3,2016,Transit,Kepler,8.23984869,,1.73,,,5893,1899.24
Kepler-1468 c,Kepler-1468,1,3,2016,Transit,Kepler,3.54553021,,1.15,,,5893,1899.24
Kepler-1468 d,Kepler-1468,1,3,2021,Transit,Kepler,19.59059906,,3.33187146,,,5794,1899.24
Kepler-1469 b,Kepler-1469,1,1,2016,Transit,Kepler,21.8635301,,2.8,,,5507,1159.3
Kepler-147 b,Kepler-147,1,2,2014,Transit,Kepler,12.610584,0.113,1.53,,,6012,1042.02
Kepler-147 c,Kepler-147,1,2,2014,Transit,Kepler,33.416423,0.216,2.43,,,6012,1042.02
Kepler-1470 b,Kepler-1470,1,1,2016,Transit,Kepler,16.2950903,,1.07,,,4961,590.601
Kepler-1471 b,Kepler-1471,1,2,2016,Transit,Kepler,3.63899398,,1.41,,,5660,978.678
Kepler-1471 c,Kepler-1471,1,2,2023,Transit,Kepler,11.6044881,0.0981,1.88,,841,5533,978.678
Kepler-1472 b,Kepler-1472,1,1,2016,Transit,Kepler,38.1312831,,1.9,,,6159,1479.14
Kepler-1473 b,Kepler-1473,1,1,2016,Transit,Kepler,14.4273551,,1.19,,,6046,652.253
Kepler-1474 b,Kepler-1474,1,1,2016,Transit,Kepler,36.4333452,,2.16,,,5870,1180.9
Kepler-1475 b,Kepler-1475,1,1,2016,Transit,Kepler,82.177374,,2.92,,,6214,1568.38
Kepler-1476 b,Kepler-1476,1,1,2016,Transit,Kepler,10.35863224,,1.67,,,5663,1002.74
Kepler-1477 b,Kepler-1477,1,1,2016,Transit,Kepler,11.55530021,,1.18,,,5100,680.828
Kepler-1478 b,Kepler-1478,1,1,2016,Transit,Kepler,26.0840594,,1.73,,,5904,1845.58
Kepler-1479 b,Kepler-1479,1,1,2016,Transit,Kepler,14.53261362,,1.83,,,5796,728.668
Kepler-148 b,Kepler-148,1,3,2014,Transit,Kepler,1.729366,0.028,1.8,,,5272,791.163
Kepler-148 c,Kepler-148,1,3,2014,Transit,Kepler,4.180043,0.05,3.6,,,5272,791.163
Kepler-148 d,Kepler-148,1,3,2016,Transit,Kepler,51.84688575,,8.68,,,5172,791.163
Kepler-1480 b,Kepler-1480,2,1,2016,Transit,Kepler,22.12679948,,1.67,,,5156,500.892
Kepler-1481 b,Kepler-1481,1,1,2016,Transit,Kepler,5.94220998,,1.23,,,4908,459.076
Kepler-1482 b,Kepler-1482,1,1,2016,Transit,Kepler,12.25383217,,1.01,,,5381,567.556
Kepler-1483 b,Kepler-1483,1,1,2016,Transit,Kepler,9.5085156,,1.52,,,6337,1273.78
Kepler-1484 b,Kepler-1484,1,1,2016,Transit,Kepler,30.4549136,,2.11,,,5730,2879.83
Kepler-1485 b,Kepler-1485,1,1,2016,Transit,Kepler,19.9157725,,1.47,,,6087,615.66
Kepler-1486 b,Kepler-1486,1,1,2016,Transit,Kepler,54.6495759,,2.32,,,5965,1769.14
Kepler-1487 b,Kepler-1487,1,2,2016,Transit,Kepler,7.31946363,,2.13,,,6541,1014.62
Kepler-1487 c,Kepler-1487,1,2,2023,Transit,Kepler,35.8007112,0.2588,7.97,,991,5745,1014.62
Kepler-1488 b,Kepler-1488,1,2,2016,Transit,Kepler,39.8189932,,1.86,,,5820,905.825
Kepler-1488 c,Kepler-1488,1,2,2021,Transit,Kepler,6.158269882,,1.65156749,,,5710,905.825
Kepler-1489 b,Kepler-1489,1,2,2016,Transit,Kepler,82.294751,,1.77,,,5655,1283.05
Kepler-1489 c,Kepler-1489,1,2,2024,Transit,Kepler,0.680741,,0.51,,,5565.53,1283.05
Kepler-149 b,Kepler-149,1,3,2014,Transit,Kepler,29.198943,0.184,4.21,,,5381,571.034
Kepler-149 c,Kepler-149,1,3,2014,Transit,Kepler,55.328328,0.281,1.61,,,5381,571.034
Kepler-149 d,Kepler-149,1,3,2014,Transit,Kepler,160.018032,0.571,3.96,,,5381,571.034
Kepler-1490 b,Kepler-1490,1,1,2016,Transit,Kepler,92.4362973,,3.04,,,5515,862.92
Kepler-1491 b,Kepler-1491,1,2,2016,Transit,Kepler,16.5861762,,1.51,,,5728,2065.59
Kepler-1491 c,Kepler-1491,1,2,2023,Transit,Kepler,61.569765,0.3045,2.44,,530,5626,2065.59
Kepler-1492 b,Kepler-1492,1,1,2016,Transit,Kepler,16.75255007,,1.49,,,4712,331.553
Kepler-1493 b,Kepler-1493,1,1,2016,Transit,Kepler,15.0217983,,1.41,,,5863,555.051
Kepler-1494 b,Kepler-1494,1,1,2016,Transit,Kepler,91.080482,,3.07,,,5659,1285.48
Kepler-1495 b,Kepler-1495,1,1,2016,Transit,Kepler,85.273256,,2.94,,,5831,1355.54
Kepler-1496 b,Kepler-1496,1,1,2016,Transit,Kepler,64.6588017,,2.22,,,6182,1307.66
Kepler-1497 b,Kepler-1497,1,1,2016,Transit,Kepler,8.74199772,,1.66,,,5675,
Kepler-1498 b,Kepler-1498,1,1,2016,Transit,Kepler,48.051405,,1.33,,,5256,
Kepler-1499 b,Kepler-1499,1,1,2016,Transit,Kepler,44.2008,,1.19,,,5097,309.869
Kepler-15 b,Kepler-15,1,1,2011,Transit,Kepler,4.942782,0.05714,10.76,209.76,,5515,739.412
Kepler-150 b,Kepler-150,1,5,2014,Transit,Kepler,3.428054,0.044,1.25,,,5560,891.092
Kepler-150 c,Kepler-150,1,5,2014,Transit,Kepler,7.381998,0.073,3.69,,,5560,891.092
Kepler-150 d,Kepler-150,1,5,2014,Transit,Kepler,12.56093,0.104,2.79,,,5560,891.092
Kepler-150 e,Kepler-150,1,5,2014,Transit,Kepler,30.826557,0.189,3.12,,,5560,891.092
Kepler-150 f,Kepler-150,1,5,2017,Transit,Kepler,637.2093,1.24,3.64,,,5528,891.092
Kepler-1500 b,Kepler-1500,1,1,2016,Transit,Kepler,15.0330105,,1.2,,,5845,1217.82
Kepler-1501 b,Kepler-1501,1,1,2016,Transit,Kepler,14.5564533,,1.56,,,6229,749.06
Kepler-1502 b,Kepler-1502,1,1,2016,Transit,Kepler,41.7083629,,3.18,,,6666,1514.02
Kepler-1503 b,Kepler-1503,1,1,2016,Transit,Kepler,96.16987,,2.27,,,5069,1225.57
Kepler-1504 b,Kepler-1504,1,1,2016,Transit,Kepler,82.304003,,2.13,,,5393,2435.94
Kepler-1505 b,Kepler-1505,1,1,2016,Transit,Kepler,30.8609366,,0.93,,,5686,495.148
Kepler-1506 b,Kepler-1506,1,1,2016,Transit,Kepler,14.0329154,,1.32,,,5676,2366.02
Kepler-1507 b,Kepler-1507,1,1,2016,Transit,Kepler,16.0506213,,0.84,,,5410,320.478
Kepler-1508 b,Kepler-1508,1,1,2016,Transit,Kepler,20.7056504,,1.33,,,6158,1260.28
Kepler-1509 b,Kepler-1509,1,1,2016,Transit,Kepler,25.4338197,,1.85,,,5780,2002.96
Kepler-151 b,Kepler-151,1,2,2014,Transit,Kepler,15.228958,0.116,3.06,,,5460,649.919
Kepler-151 c,Kepler-151,1,2,2014,Transit,Kepler,24.674612,0.16,2.09,,,5460,649.919
Kepler-1510 b,Kepler-1510,1,1,2016,Transit,Kepler,84.703921,,3.36,,,6200,1696.25
Kepler-1511 b,Kepler-1511,1,1,2016,Transit,Kepler,23.2382792,,1.68,,,6064,1475.6
Kepler-1512 b,Kepler-1512,1,1,2016,Transit,Kepler,20.35972599,,1.18,,,4372,
Kepler-1513 b,Kepler-1513,1,2,2016,Transit,Kepler,160.8842,,8.594,48.30991786,,5491,349.247
Kepler-1513 c,Kepler-1513,1,2,2023,Transit Timing Variations,Multiple Observatories,841.4,,,84.54235626,,5491,349.247
Kepler-1514 b,Kepler-1514,1,2,2016,Transit,Kepler,217.83184,0.753,12.419572,1678.1424,387.9,6145,397.292
Kepler-1514 c,Kepler-1514,1,2,2020,Transit,Kepler,10.514181,0.0997,1.1758241,,1066,6145,397.292
Kepler-1515 b,Kepler-1515,1,1,2016,Transit,Kepler,214.3114164,,9.55,,,6511,539.321
Kepler-1516 b,Kepler-1516,1,1,2016,Transit,Kepler,7.25931979,,1.75,,,5904,1358.95
Kepler-1517 b,Kepler-1517,1,1,2016,Transit,Kepler,5.546083665,,9.76,,,7010,847.299
Kepler-1518 b,Kepler-1518,1,2,2016,Transit,Kepler,5.11177904,,3.05,,,6846,903.51
Kepler-1518 c,Kepler-1518,1,2,2023,Transit,Kepler,9.6310258,0.0905,2.9,,1094,6432,903.51
Kepler-1519 b,Kepler-1519,1,1,2016,Transit,Kepler,240.7989397,,7.06,,,5644,1441.63
Kepler-152 b,Kepler-152,1,2,2014,Transit,Kepler,18.207973,0.124,2.79,,,5088,441.09
Kepler-152 c,Kepler-152,1,2,2014,Transit,Kepler,88.255055,0.356,2.39,,,5088,441.09
Kepler-1520 b,Kepler-1520,1,1,2016,Transit,Kepler,0.653553572,,5.77,,,4677,607.917
Kepler-1521 b,Kepler-1521,1,1,2016,Transit,Kepler,47.14840805,,2.5,,,5042,206.983
Kepler-1522 b,Kepler-1522,1,1,2016,Transit,Kepler,1.847889171,,1.73,,,5706,814.125
Kepler-1523 b,Kepler-1523,1,1,2016,Transit,Kepler,0.93875077,,1.58,,,5708,865.596
Kepler-1524 b,Kepler-1524,1,1,2016,Transit,Kepler,70.9674603,,3.54,,,6179,381.773
Kepler-1525 b,Kepler-1525,1,1,2016,Transit,Kepler,2.416601183,,0.91,,,5748,382.989
Kepler-1526 b,Kepler-1526,1,1,2016,Transit,Kepler,3.908632005,,2.43,,,4601,555.574
Kepler-1527 b,Kepler-1527,1,1,2016,Transit,Kepler,160.129918,,4.77,,,6224,1842.13
Kepler-1528 b,Kepler-1528,1,1,2016,Transit,Kepler,1.791110205,,1.46,,,5857,817.534
Kepler-1529 b,Kepler-1529,1,1,2016,Transit,Kepler,5.33905686,,2.1,,,5048,661.014
Kepler-153 b,Kepler-153,1,2,2014,Transit,Kepler,18.870227,0.129,2.92,,,5404,459.368
Kepler-153 c,Kepler-153,1,2,2014,Transit,Kepler,46.90232,0.237,2.53,,,5404,459.368
Kepler-1530 b,Kepler-1530,1,3,2016,Transit,Kepler,2.5904434,,1.64,,,5477,489.876
Kepler-1530 c,Kepler-1530,1,3,2016,Transit,Kepler,5.3227406,,1.65,,,5477,489.876
Kepler-1530 d,Kepler-1530,1,3,2021,Transit,Kepler,9.20761013,,3.27870115,,,5678,489.876
Kepler-1531 b,Kepler-1531,1,1,2016,Transit,Kepler,1.138543376,,1.11,,,6260,666.334
Kepler-1532 b,Kepler-1532,1,1,2016,Transit,Kepler,1.093663559,,1.35,,,5559,798.246
Kepler-1533 b,Kepler-1533,1,1,2016,Transit,Kepler,308.5471,,3.46,,,6431,966.801
Kepler-1534 b,Kepler-1534,1,1,2016,Transit,Kepler,5.71668872,,1.89,,,5442,
Kepler-1535 b,Kepler-1535,1,1,2016,Transit,Kepler,138.9442,,2.55,,,6021,897.733
Kepler-1536 b,Kepler-1536,1,1,2016,Transit,Kepler,364.758031,,3.14,,,4434,387.248
Kepler-1537 b,Kepler-1537,1,1,2016,Transit,Kepler,1.444453798,,1.18,,,5079,517.292
Kepler-1538 b,Kepler-1538,1,1,2016,Transit,Kepler,175.138819,,2.82,,,5837,1125.3
Kepler-1539 b,Kepler-1539,1,1,2016,Transit,Kepler,133.3036741,,2.7,,,5176,748.326
Kepler-154 b,Kepler-154,1,5,2014,Transit,Kepler,33.040532,0.198,2.26,,,5690,915.212
Kepler-154 c,Kepler-154,1,5,2014,Transit,Kepler,62.303276,0.303,2.95,,,5690,915.212
Kepler-154 d,Kepler-154,1,5,2016,Transit,Kepler,20.54981883,,3.84,,,5769,915.212
Kepler-154 e,Kepler-154,1,5,2016,Transit,Kepler,3.93276465,,1.5,,,5769,915.212
Kepler-154 f,Kepler-154,1,5,2016,Transit,Kepler,9.91935684,,1.5,,,5769,915.212
Kepler-1540 b,Kepler-1540,2,1,2016,Transit,Kepler,125.4131177,,2.49,,,4540,244.96
Kepler-1541 b,Kepler-1541,1,1,2016,Transit,Kepler,8.40691199,,1.16,,,5282,416.692
Kepler-1542 b,Kepler-1542,1,4,2016,Transit,Kepler,3.95116882,,0.76,,,5564,399.114
Kepler-1542 c,Kepler-1542,1,4,2016,Transit,Kepler,2.89223021,,0.65,,,5564,399.114
Kepler-1542 d,Kepler-1542,1,4,2016,Transit,Kepler,5.99273738,,0.87,,,5564,399.114
Kepler-1542 e,Kepler-1542,1,4,2016,Transit,Kepler,5.10115756,,0.76,,,5564,399.114
Kepler-1543 b,Kepler-1543,1,1,2016,Transit,Kepler,6.96710269,,2.71,,,6561,921.784
Kepler-1544 b,Kepler-1544,1,1,2016,Transit,Kepler,168.811174,,1.78,,,4886,335.09
Kepler-1545 b,Kepler-1545,1,1,2016,Transit,Kepler,163.692349,,2.7,,,5201,729.964
Kepler-1546 b,Kepler-1546,1,1,2016,Transit,Kepler,19.5974971,,3.13,,,5623,931.956
Kepler-1547 b,Kepler-1547,1,1,2016,Transit,Kepler,0.692979676,,0.9,,,6078,674.695
Kepler-1548 b,Kepler-1548,1,1,2016,Transit,Kepler,124.828679,,2.64,,,5706,872.279
Kepler-1549 b,Kepler-1549,1,1,2016,Transit,Kepler,214.886545,,2.57,,,5324,803.052
Kepler-155 b,Kepler-155,1,2,2014,Transit,Kepler,5.931194,0.056,2.09,,,4508,293.499
Kepler-155 c,Kepler-155,1,2,2014,Transit,Kepler,52.661793,0.242,2.24,,,4508,293.499
Kepler-1550 b,Kepler-1550,1,1,2016,Transit,Kepler,225.582809,,3.02,,,5991,1179.01
Kepler-1551 b,Kepler-1551,1,1,2016,Transit,Kepler,24.4973698,,2.66,,,6136,1463.72
Kepler-1552 b,Kepler-1552,1,1,2016,Transit,Kepler,184.771853,,2.47,,,5202,769.096
Kepler-1553 b,Kepler-1553,1,1,2016,Transit,Kepler,4.24261881,,1.15,,,5288,692.594
Kepler-1554 b,Kepler-1554,1,1,2016,Transit,Kepler,198.088774,,2.9,,,5297,946.847
Kepler-1555 b,Kepler-1555,1,1,2016,Transit,Kepler,8.10501635,,1.61,,,5866,2013.27
Kepler-1556 b,Kepler-1556,1,1,2016,Transit,Kepler,8.82713457,,1.96,,,5608,944.54
Kepler-1557 b,Kepler-1557,1,1,2016,Transit,Kepler,3.74032496,,1.53,,,6099,1380.16
Kepler-1558 b,Kepler-1558,1,1,2016,Transit,Kepler,3.50470358,,0.68,,,5101,325.737
Kepler-1559 b,Kepler-1559,1,1,2016,Transit,Kepler,0.971915428,,0.72,,,5316,614.827
Kepler-156 b,Kepler-156,1,2,2014,Transit,Kepler,4.973456,0.054,2.3,,,5094,443.483
Kepler-156 c,Kepler-156,1,2,2014,Transit,Kepler,15.906801,0.117,2.55,,,5094,443.483
Kepler-1560 b,Kepler-1560,1,1,2016,Transit,Kepler,3.03195744,,0.89,,,5815,502.497
Kepler-1561 b,Kepler-1561,1,1,2016,Transit,Kepler,1.005207007,,1.09,,,5957,839.076
Kepler-1562 b,Kepler-1562,1,1,2016,Transit,Kepler,64.2737752,,3.55,,,5760,2060.72
Kepler-1563 b,Kepler-1563,1,1,2016,Transit,Kepler,3.43276598,,0.75,,,5765,616.697
Kepler-1564 b,Kepler-1564,1,1,2016,Transit,Kepler,18.0540381,,1.47,,,5528,908.805
Kepler-1565 b,Kepler-1565,1,1,2016,Transit,Kepler,1.538188437,,1.19,,,4940,629.93
Kepler-1566 b,Kepler-1566,1,1,2016,Transit,Kepler,0.539915238,,0.79,,,5254,466.586
Kepler-1567 b,Kepler-1567,1,1,2016,Transit,Kepler,153.979578,,2.73,,,5655,1206.11
Kepler-1568 b,Kepler-1568,1,1,2016,Transit,Kepler,20.925392,,1.3,,,5956,916.313
Kepler-1569 b,Kepler-1569,1,1,2016,Transit,Kepler,5.79180156,,1.68,,,6319,945.454
Kepler-157 b,Kepler-157,1,3,2014,Transit,Kepler,1.732342,0.028,1.32,,,5774,773.713
Kepler-157 c,Kepler-157,1,3,2014,Transit,Kepler,13.5405,0.11,2.24,,,5774,773.713
Kepler-157 d,Kepler-157,1,3,2016,Transit,Kepler,7.02573474,,1.46,,,5866,773.713
Kepler-1570 b,Kepler-1570,1,1,2016,Transit,Kepler,26.548955,,1.07,,,5550,918.995
Kepler-1571 b,Kepler-1571,1,1,2016,Transit,Kepler,3.38555488,,1.52,,,6297,675.303
Kepler-1572 b,Kepler-1572,1,1,2016,Transit,Kepler,5.49548621,,0.94,,,5618,946.602
Kepler-1573 b,Kepler-1573,1,1,2016,Transit,Kepler,2.6157554,,1.2,,,5808,1455.36
Kepler-1574 b,Kepler-1574,1,1,2016,Transit,Kepler,6.9424334,,1.29,,,5892,1384.16
Kepler-1575 b,Kepler-1575,1,1,2016,Transit,Kepler,2.55314213,,1.31,,,5667,1246.92
Kepler-1576 b,Kepler-1576,1,1,2016,Transit,Kepler,6.98471973,,1.04,,,5876,460.91
Kepler-1577 b,Kepler-1577,1,1,2016,Transit,Kepler,6.30560247,,1.13,,,4862,510.029
Kepler-1578 b,Kepler-1578,1,1,2016,Transit,Kepler,1.450886907,,1.04,,,5545,1064.05
Kepler-1579 b,Kepler-1579,1,1,2016,Transit,Kepler,0.849907889,,0.84,,,4584,
Kepler-158 b,Kepler-158,1,3,2014,Transit,Kepler,16.709184,0.111,2.12,,,4623,315.177
Kepler-158 c,Kepler-158,1,3,2014,Transit,Kepler,28.551383,0.158,1.9,,,4623,315.177
Kepler-158 d,Kepler-158,1,3,2024,Transit,Kepler,0.645088,,0.43,,,4895.97,315.177
Kepler-1580 b,Kepler-1580,1,1,2016,Transit,Kepler,56.6449279,,2.11,,,6228,1002.02
Kepler-1581 b,Kepler-1581,1,1,2016,Transit,Kepler,6.28385491,,0.8,,,6022,493.175
Kepler-1582 b,Kepler-1582,1,1,2016,Transit,Kepler,4.83817712,,1.49,,,3208,78.8906
Kepler-1583 b,Kepler-1583,1,1,2016,Transit,Kepler,9.32807355,,0.6,,,5645,403.933
Kepler-1584 b,Kepler-1584,1,1,2016,Transit,Kepler,13.3997099,,1.61,,,6069,1416.31
Kepler-1585 b,Kepler-1585,1,1,2016,Transit,Kepler,3.5827463,,1.79,,,5538,944.465
Kepler-1586 b,Kepler-1586,1,1,2016,Transit,Kepler,15.6049212,,1.52,,,6681,552.55
Kepler-1587 b,Kepler-1587,1,1,2016,Transit,Kepler,9.4060467,,1.33,,,5933,1026.48
Kepler-1588 b,Kepler-1588,1,1,2016,Transit,Kepler,7.84931739,,0.76,,,5817,924.141
Kepler-1589 b,Kepler-1589,1,1,2016,Transit,Kepler,0.991665274,,1.09,,,6166,1513.14
Kepler-159 b,Kepler-159,1,2,2014,Transit,Kepler,10.139623,0.082,2.38,,,4625,373.744
Kepler-159 c,Kepler-159,1,2,2014,Transit,Kepler,43.595792,0.218,3.41,,,4625,373.744
Kepler-1590 b,Kepler-1590,1,1,2016,Transit,Kepler,7.61760804,,1.14,,,6053,771.152
Kepler-1591 b,Kepler-1591,1,1,2016,Transit,Kepler,8.18504949,,1.27,,,6082,1419.58
Kepler-1592 b,Kepler-1592,1,1,2016,Transit,Kepler,3.05710069,,1.54,,,6213,1639.47
Kepler-1593 b,Kepler-1593,1,1,2016,Transit,Kepler,174.509835,,3.17,,,4995,638.249
Kepler-1594 b,Kepler-1594,1,1,2016,Transit,Kepler,2.71603809,,1.06,,,5946,976.868
Kepler-1595 b,Kepler-1595,1,1,2016,Transit,Kepler,4.56380468,,1.23,,,5203,845.022
Kepler-1596 b,Kepler-1596,1,1,2016,Transit,Kepler,66.373379,,1.9,,,5706,2146.23
Kepler-1597 b,Kepler-1597,1,1,2016,Transit,Kepler,2.94654179,,1.06,,,6377,1221.05
Kepler-1598 b,Kepler-1598,1,1,2016,Transit,Kepler,4.34195123,,0.95,,,5940,619.862
Kepler-1599 b,Kepler-1599,1,1,2016,Transit,Kepler,122.363553,,1.62,,,5767,1328.2
Kepler-16 b,Kepler-16,2,1,2011,Transit,Kepler,228.776,0.7048,8.4493,105.833,,4450,75.0852
Kepler-160 b,Kepler-160,1,3,2014,Transit,Kepler,4.309397,0.05511,1.715,,,5471,937.013
Kepler-160 c,Kepler-160,1,3,2014,Transit,Kepler,13.699429,0.1192,3.76,,,5471,937.013
Kepler-160 d,Kepler-160,1,3,2020,Transit Timing Variations,Kepler,30,0.17,,100,,5471,937.013
Kepler-1600 b,Kepler-1600,1,2,2016,Transit,Kepler,386.370548,,3.13,,,5214,1030.81
Kepler-1600 c,Kepler-1600,1,2,2021,Transit,Kepler,7.298049927,,1.94206512,,,5119,1030.81
Kepler-1601 b,Kepler-1601,1,1,2016,Transit,Kepler,2.20921951,,0.82,,,5869,644.456
Kepler-1602 b,Kepler-1602,1,1,2016,Transit,Kepler,11.17931605,,1.34,,,6296,629.804
Kepler-1603 b,Kepler-1603,1,1,2016,Transit,Kepler,2.27163926,,1.29,,,6241,2712.58
Kepler-1604 b,Kepler-1604,1,1,2016,Transit,Kepler,0.683684256,,1.41,,,4976,541.189
Kepler-1605 b,Kepler-1605,1,1,2016,Transit,Kepler,85.7565495,,1.08,,,5280,546.23
Kepler-1606 b,Kepler-1606,1,1,2016,Transit,Kepler,196.435224,,2.07,,,5422,831.287
Kepler-1607 b,Kepler-1607,1,1,2016,Transit,Kepler,13.6473676,,0.92,,,6116,1286.1
Kepler-1608 b,Kepler-1608,1,1,2016,Transit,Kepler,16.4735686,,1.73,,,4992,
Kepler-1609 b,Kepler-1609,1,1,2016,Transit,Kepler,114.34219,,2.22,,,6132,1826.04
Kepler-161 b,Kepler-161,1,2,2014,Transit,Kepler,4.921355,0.054,2.12,,,5078,434.632
Kepler-161 c,Kepler-161,1,2,2014,Transit,Kepler,7.06424,0.068,2.05,,,5078,434.632
Kepler-1610 b,Kepler-1610,1,2,2016,Transit,Kepler,8.70181574,,1.61,,,5383,864.331
Kepler-1610 c,Kepler-1610,1,2,2023,Transit,Kepler,44.9851885,0.2323,2.09,,433,5295,864.331
Kepler-1611 b,Kepler-1611,1,1,2016,Transit,Kepler,5.1762429,,0.81,,,5605,908.444
Kepler-1612 b,Kepler-1612,1,1,2016,Transit,Kepler,3.91795101,,1.03,,,5643,764.726
Kepler-1613 b,Kepler-1613,1,1,2016,Transit,Kepler,1.5184299,,2.08,,,6005,1508.33
Kepler-1614 b,Kepler-1614,1,1,2016,Transit,Kepler,3.9466141,,1.49,,,5121,1191.19
Kepler-1615 b,Kepler-1615,1,1,2016,Transit,Kepler,47.3126192,,2.06,,,5865,1393.83
Kepler-1616 b,Kepler-1616,1,1,2016,Transit,Kepler,6.76284377,,1.02,,,6266,1137.81
Kepler-1617 b,Kepler-1617,1,1,2016,Transit,Kepler,27.4785572,,1.2,,,6167,898.31
Kepler-1618 b,Kepler-1618,1,1,2016,Transit,Kepler,6.10826019,,1.26,,,6620,1229.25
Kepler-1619 b,Kepler-1619,1,1,2016,Transit,Kepler,23.6225913,,0.76,,,5852,734.85
Kepler-162 b,Kepler-162,1,2,2014,Transit,Kepler,6.919798,0.069,1.26,,,5816,855.641
Kepler-162 c,Kepler-162,1,2,2014,Transit,Kepler,19.446355,0.137,3.03,,,5816,855.641
Kepler-1620 b,Kepler-1620,1,1,2016,Transit,Kepler,101.951829,,1.61,,,6157,895.069
Kepler-1621 b,Kepler-1621,1,1,2016,Transit,Kepler,92.263714,,2.16,,,6158,1631.66
Kepler-1622 b,Kepler-1622,1,1,2016,Transit,Kepler,10.8118737,,1.47,,,6436,796.477
Kepler-1623 b,Kepler-1623,1,1,2016,Transit,Kepler,4.36128348,,1.31,,,5772,837.481
Kepler-1624 b,Kepler-1624,1,1,2016,Transit,Kepler,3.290314,,6.59,,,3768,258.979
Kepler-1625 b,Kepler-1625,1,1,2016,Transit,Kepler,287.378949,,6.06,,,5677,2310.11
Kepler-1626 b,Kepler-1626,1,1,2016,Transit,Kepler,4.13962966,,2.02,,,6826,1368.83
Kepler-1627 b,Kepler-1627,1,1,2016,Transit,Kepler,7.20283653,,3.69,,,5445,317.437
Kepler-1628 b,Kepler-1628,1,1,2016,Transit,Kepler,76.378033,,6.43,,,3724,
Kepler-1629 b,Kepler-1629,1,1,2016,Transit,Kepler,3.87595807,,0.77,,,5776,336.09
Kepler-163 b,Kepler-163,1,2,2014,Transit,Kepler,7.810937,0.078,1.05,,,5776,689.814
Kepler-163 c,Kepler-163,1,2,2014,Transit,Kepler,21.347262,0.152,2.26,,,5776,689.814
Kepler-1630 b,Kepler-1630,1,1,2016,Transit,Kepler,509.997402,,2.19,,,4736,331.213
Kepler-1631 b,Kepler-1631,1,1,2016,Transit,Kepler,4.09513932,,1.35,,,5679,1305.99
Kepler-1632 b,Kepler-1632,1,1,2016,Transit,Kepler,448.303558,,2.47,,,6137,716.76
Kepler-1633 b,Kepler-1633,1,1,2016,Transit,Kepler,186.404271,,1.58,,,6256,1114.91
Kepler-1634 b,Kepler-1634,1,1,2016,Transit,Kepler,374.876239,,3.19,,,5474,617.339
Kepler-1635 b,Kepler-1635,1,1,2016,Transit,Kepler,469.63111,,3.64,,,5347,1069.45
Kepler-1636 b,Kepler-1636,1,1,2016,Transit,Kepler,425.47785,,3.23,,,5797,1947.54
Kepler-1637 b,Kepler-1637,1,1,2016,Transit,Kepler,6.10960324,,0.89,,,5789,567.187
Kepler-1638 b,Kepler-1638,1,1,2016,Transit,Kepler,259.33683,,1.87,,,5710,1525.52
Kepler-1639 b,Kepler-1639,1,1,2016,Transit,Kepler,9.878482,,2.58,,,6150,1031.31
Kepler-164 b,Kepler-164,1,4,2014,Transit,Kepler,5.03503,0.058,1.41,,,5888,890.758
Kepler-164 c,Kepler-164,1,4,2014,Transit,Kepler,10.945723,0.097,2.73,,,5888,890.758
Kepler-164 d,Kepler-164,1,4,2014,Transit,Kepler,28.986769,0.187,2.45,,,5888,890.758
Kepler-164 e,Kepler-164,1,4,2023,Transit,Kepler,94.886902,0.4025,4.24,,429,5888,890.758
Kepler-1640 b,Kepler-1640,1,1,2016,Transit,Kepler,7.5844126,,4.82,,,6324,1859.78
Kepler-1641 b,Kepler-1641,1,2,2016,Transit,Kepler,19.672266,,3.11,,,6152,860.37
Kepler-1641 c,Kepler-1641,1,2,2016,Transit,Kepler,32.657212,,2.95,,,6152,860.37
Kepler-1642 b,Kepler-1642,1,2,2016,Transit,Kepler,12.2057513,,3.2,,,5355,413.873
Kepler-1642 c,Kepler-1642,1,2,2016,Transit,Kepler,6.6513802,,2.66,,,5355,413.873
Kepler-1643 b,Kepler-1643,1,1,2016,Transit,Kepler,5.342657,,2.32,,,4916,341.774
Kepler-1644 b,Kepler-1644,1,1,2016,Transit,Kepler,21.0907758,,1.88,,,5499,629.27
Kepler-1645 b,Kepler-1645,1,1,2016,Transit,Kepler,16.1779561,,1.78,,,5812,1202.47
Kepler-1646 b,Kepler-1646,1,1,2016,Transit,Kepler,4.48558383,,1.23,,,3299,127.591
Kepler-1647 b,Kepler-1647,2,1,2016,Transit,Kepler,1107.5923,2.7205,11.8739,483,,6210,1212.45
Kepler-1649 b,Kepler-1649,1,2,2017,Transit,Kepler,8.689099,,1.017,,307,3240,92.1913
Kepler-1649 c,Kepler-1649,1,2,2020,Transit,Kepler,19.53527,,1.06,,234,3240,92.1913
Kepler-165 b,Kepler-165,1,2,2014,Transit,Kepler,8.180848,0.072,2.32,,,5211,560.885
Kepler-165 c,Kepler-165,1,2,2014,Transit,Kepler,15.31299,0.11,2.23,,,5211,560.885
Kepler-1650 b,Kepler-1650,1,1,2017,Transit,Kepler,1.53818001,,0.96,,,3410,134.397
Kepler-1651 b,Kepler-1651,2,1,2017,Transit,Kepler,9.87863917,,1.84,,,3713,66.4074
Kepler-1652 b,Kepler-1652,1,1,2017,Transit,Kepler,38.09722,0.1654,1.6,,268,3638,
Kepler-1653 b,Kepler-1653,1,1,2017,Transit,Kepler,140.2524,0.4706,2.17,,284,4807,
Kepler-1654 b,Kepler-1654,1,1,2018,Transit,Kepler,1047.8356,2.026,9.180171,158.915,206,5597,568.117
Kepler-1655 b,Kepler-1655,1,1,2018,Transit,Kepler,11.8728787,0.1029,2.213,5.4,938,6148,213.26
Kepler-1656 b,Kepler-1656,1,2,2018,Transit,Kepler,31.562,0.1974,,47.8,,,185.875
Kepler-1656 c,Kepler-1656,1,2,2022,Radial Velocity,W. M. Keck Observatory,1919,3.053,,126.4,,,185.875
Kepler-166 b,Kepler-166,1,3,2014,Transit,Kepler,7.650254,0.072,2.27,,,5413,603.53
Kepler-166 c,Kepler-166,1,3,2014,Transit,Kepler,34.260281,0.195,2.38,,,5413,603.53
Kepler-166 d,Kepler-166,1,3,2016,Transit,Kepler,1.554003928,,1.73,,,5350,603.53
Kepler-1660 AB b,Kepler-1660 A,2,1,2023,Eclipse Timing Variations,Kepler,239.5044,,,1586.599408,,,1188.54
Kepler-1661 b,Kepler-1661,2,1,2020,Transit,Kepler,175.06,0.633,3.87,17,243,5100,410.607
Kepler-1663 b,Kepler-1663,1,1,2020,Transit,Kepler,17.6046,,3.30395896,,,3844,337.926
Kepler-1664 b,Kepler-1664,1,1,2020,Transit,Kepler,14.3868,,3.03320653,,,5735.81,626.691
Kepler-1665 b,Kepler-1665,1,1,2020,Transit,Kepler,11.9548,,2.83910787,,,5049.84,335.515
Kepler-1666 b,Kepler-1666,1,2,2020,Transit,Kepler,25.8476,,2.88273782,,,6293,1379.37
Kepler-1666 c,Kepler-1666,1,2,2020,Transit,Kepler,40.7157,,3.23564749,,,6293,1379.37
Kepler-1667 b,Kepler-1667,1,1,2020,Transit,Kepler,83.5781,,2.98385261,,,5941.54,626.819
Kepler-1668 b,Kepler-1668,1,1,2020,Transit,Kepler,15.434,,4.34764405,,,5542,1335.64
Kepler-1669 b,Kepler-1669,1,3,2020,Transit,Kepler,9.51216,,2.78043818,,,4303,543.444
Kepler-1669 c,Kepler-1669,1,3,2021,Transit,Kepler,1.609320045,,1.90120972,,,4224,543.444
Kepler-1669 d,Kepler-1669,1,3,2023,Transit,Kepler,4.72941177,0.0468,1.22,,669,4224,543.444
Kepler-167 b,Kepler-167,2,4,2014,Transit,Kepler,4.3931539,0.04825,1.718,,918,4884,341.908
Kepler-167 c,Kepler-167,2,4,2014,Transit,Kepler,7.406106,0.0684,1.674,,771,4884,341.908
Kepler-167 d,Kepler-167,2,4,2016,Transit,Kepler,21.80379,0.1404,1.238,,538,4884,341.908
Kepler-167 e,Kepler-167,2,4,2016,Transit,Kepler,1071.23205,1.883,10.16,321.0066911,134.4,4884,341.908
Kepler-1670 b,Kepler-1670,1,1,2020,Transit,Kepler,20.4998,,3.3564801,,,5838,2065.98
Kepler-1671 b,Kepler-1671,1,1,2020,Transit,Kepler,4.16787,,1.32557381,,,5135.55,357.059
Kepler-1672 b,Kepler-1672,1,1,2020,Transit,Kepler,150.878,,2.97022762,,,6131.95,391.181
Kepler-1673 b,Kepler-1673,1,1,2020,Transit,Kepler,33.7888,,2.9355194,,,6014.95,727.187
Kepler-1674 b,Kepler-1674,1,1,2020,Transit,Kepler,62.5611,,3.2057749,,,5473.91,1012.48
Kepler-1675 b,Kepler-1675,1,1,2020,Transit,Kepler,63.0382,,3.12483349,,,5853.19,651.117
Kepler-1676 b,Kepler-1676,1,1,2020,Transit,Kepler,29.9221,,3.3769596,,,5878.3,
Kepler-1677 b,Kepler-1677,1,1,2020,Transit,Kepler,22.064,,2.70216183,,,6013.72,735.369
Kepler-1678 b,Kepler-1678,1,1,2020,Transit,Kepler,147.974,,3.30422249,,,5754,847.339
Kepler-1679 b,Kepler-1679,1,1,2020,Transit,Kepler,9.75376,,2.0692036,,,5501,909.28
Kepler-168 b,Kepler-168,1,2,2014,Transit,Kepler,4.425391,0.056,1.46,,,6282,1343.6
Kepler-168 c,Kepler-168,1,2,2014,Transit,Kepler,13.193242,0.116,2.69,,,6282,1343.6
Kepler-1680 b,Kepler-1680,1,1,2020,Transit,Kepler,8.77424,,1.35954736,,,5021,310.315
Kepler-1681 b,Kepler-1681,1,1,2020,Transit,Kepler,69.8956,,2.55321772,,,5756.4,758.3
Kepler-1682 b,Kepler-1682,1,1,2020,Transit,Kepler,14.8334,,2.88940836,,,5619.12,1159.85
Kepler-1683 b,Kepler-1683,1,1,2020,Transit,Kepler,15.0337,,1.87477762,,,5429,733.143
Kepler-1684 b,Kepler-1684,1,1,2020,Transit,Kepler,47.7055,,2.87084792,,,4706.54,621.996
Kepler-1685 b,Kepler-1685,1,1,2020,Transit,Kepler,20.4905,,2.57673985,,,5484,1141.89
Kepler-1686 b,Kepler-1686,1,1,2020,Transit,Kepler,9.30987,,1.42553017,,,5714.96,729.823
Kepler-1687 b,Kepler-1687,1,1,2020,Transit,Kepler,5.77954,,1.65623882,,,4132,417.014
Kepler-1688 b,Kepler-1688,1,1,2020,Transit,Kepler,5.62012,,1.26174569,,,4632.11,
Kepler-1689 b,Kepler-1689,1,1,2020,Transit,Kepler,8.483,,0.94678642,,,5731.43,294.122
Kepler-169 b,Kepler-169,1,5,2014,Transit,Kepler,3.250619,0.04,1.13,,,4997,406.529
Kepler-169 c,Kepler-169,1,5,2014,Transit,Kepler,6.195469,0.062,1.21,,,4997,406.529
Kepler-169 d,Kepler-169,1,5,2014,Transit,Kepler,8.348125,0.075,1.25,,,4997,406.529
Kepler-169 e,Kepler-169,1,5,2014,Transit,Kepler,13.767102,0.105,2.2,,,4997,406.529
Kepler-169 f,Kepler-169,1,5,2014,Transit,Kepler,87.090195,0.359,2.58,,,4997,406.529
Kepler-1690 b,Kepler-1690,1,1,2020,Transit,Kepler,234.636,,2.81109223,,,5404,703.789
Kepler-1691 b,Kepler-1691,1,1,2020,Transit,Kepler,3.8482,,1.83470985,,,6000,1267.67
Kepler-1692 b,Kepler-1692,1,1,2020,Transit,Kepler,5.95966,,1.11177184,,,5146,591.019
Kepler-1693 b,Kepler-1693,1,2,2020,Transit,Kepler,12.0999,,1.28938413,,,5432.34,760.065
Kepler-1693 c,Kepler-1693,1,2,2021,Transit,Kepler,5.363709927,,0.97698289,,,5553,760.065
Kepler-1694 b,Kepler-1694,1,1,2020,Transit,Kepler,3.89526,,1.17986031,,,4954,513.329
Kepler-1695 b,Kepler-1695,1,1,2020,Transit,Kepler,4.7329,,1.11948901,,,5473.19,791.175
Kepler-1696 b,Kepler-1696,1,1,2020,Transit,Kepler,65.9409,,2.80982017,,,5712,1506.36
Kepler-1697 b,Kepler-1697,1,1,2020,Transit,Kepler,33.4969,,1.25954761,,,4681.53,247.771
Kepler-1698 b,Kepler-1698,1,1,2020,Transit,Kepler,1.2107,,1.07315686,,,4975.03,222.345
Kepler-1699 b,Kepler-1699,1,1,2020,Transit,Kepler,3.49082,,1.56671124,,,5575.53,818.759
Kepler-17 b,Kepler-17,1,1,2011,Transit,Kepler,1.4857108,0.02591,14.68,778.65,1570,5781,720.753
Kepler-170 b,Kepler-170,1,2,2014,Transit,Kepler,7.930592,0.08,3.2,,,5679,738.657
Kepler-170 c,Kepler-170,1,2,2014,Transit,Kepler,16.665863,0.131,2.86,,,5679,738.657
Kepler-1700 b,Kepler-1700,1,1,2020,Transit,Kepler,234.239,,2.90129941,,,6031,717.597
Kepler-1701 b,Kepler-1701,1,1,2020,Transit,Kepler,169.134,,2.22186207,,,5146,584.142
Kepler-1702 b,Kepler-1702,1,1,2020,Transit,Kepler,18.5012,,1.60190793,,,5093,857.14
Kepler-1704 b,Kepler-1704,1,1,2021,Transit,Kepler,988.88112,2.027,11.94877343,1322.166173,253.8,5746,835.455
Kepler-1705 b,Kepler-1705,1,2,2021,Transit,Kepler,9.03502,,2.03,4.47,,6312,1633.49
Kepler-1705 c,Kepler-1705,1,2,2021,Transit,Kepler,11.28,,2.05,5.42,,6312,1633.49
Kepler-1708 b,Kepler-1708,1,1,2021,Transit,Kepler,737.1131,1.64,9.96,1462.010672,,6157,1666.69
Kepler-1709 b,Kepler-1709,1,1,2021,Transit,Kepler,65.70459747,,3.12424875,,,5918,273.946
Kepler-171 b,Kepler-171,1,3,2014,Transit,Kepler,4.166972,0.05,2.34,,,5642,863.855
Kepler-171 c,Kepler-171,1,3,2014,Transit,Kepler,11.463462,0.098,2.56,,,5642,863.855
Kepler-171 d,Kepler-171,1,3,2014,Transit,Kepler,39.595519,0.223,1.89,,,5642,863.855
Kepler-1710 b,Kepler-1710,1,1,2021,Transit,Kepler,14.91110039,,3.19744103,,,5650,305.193
Kepler-1711 b,Kepler-1711,1,1,2021,Transit,Kepler,21.06080055,,1.923,,,5706,590.268
Kepler-1712 b,Kepler-1712,1,1,2021,Transit,Kepler,13.81499958,,2.28372556,,,3732,156.264
Kepler-1713 b,Kepler-1713,1,1,2021,Transit,Kepler,18.01160049,,1.71673535,,,6477,295.293
Kepler-1714 b,Kepler-1714,1,1,2021,Transit,Kepler,10.27530003,,3.26437302,,,6150,409.46
Kepler-1715 b,Kepler-1715,1,1,2021,Transit,Kepler,35.59730148,,4.14042267,,,6212,522.605
Kepler-1716 b,Kepler-1716,1,1,2021,Transit,Kepler,35.58100128,,2.4247685,,,4894,195.439
Kepler-1717 b,Kepler-1717,1,1,2021,Transit,Kepler,30.65279961,,2.98929758,,,6200,1008.79
Kepler-1718 b,Kepler-1718,1,1,2021,Transit,Kepler,135.1880035,,2.5685207,,,5731,375.522
Kepler-1719 b,Kepler-1719,1,1,2021,Transit,Kepler,6.149559975,,3.95000623,,,5687,905.406
Kepler-172 b,Kepler-172,1,4,2014,Transit,Kepler,2.940309,0.04,2.35,,,5526,828.592
Kepler-172 c,Kepler-172,1,4,2014,Transit,Kepler,6.388996,0.068,2.86,,,5526,828.592
Kepler-172 d,Kepler-172,1,4,2014,Transit,Kepler,14.627119,0.118,2.25,,,5526,828.592
Kepler-172 e,Kepler-172,1,4,2014,Transit,Kepler,35.118736,0.211,2.76,,,5526,828.592
Kepler-1720 b,Kepler-1720,1,1,2021,Transit,Kepler,12.70639992,,3.21585295,,,5573,629.445
Kepler-1721 b,Kepler-1721,1,1,2021,Transit,Kepler,4.592380047,,3.11856756,,,5351,641.374
Kepler-1722 b,Kepler-1722,1,1,2021,Transit,Kepler,9.178569794,,2.86719266,,,5506,772.283
Kepler-1723 b,Kepler-1723,1,1,2021,Transit,Kepler,39.75289917,,2.88046569,,,6072,811.278
Kepler-1724 b,Kepler-1724,1,1,2021,Transit,Kepler,6.45442009,,2.83677238,,,6092,1060.77
Kepler-1725 b,Kepler-1725,1,1,2021,Transit,Kepler,16.71990013,,2.8125177,,,6020,558.652
Kepler-1726 b,Kepler-1726,1,1,2021,Transit,Kepler,18.39629936,,2.50861954,,,5316,390.552
Kepler-1727 b,Kepler-1727,1,1,2021,Transit,Kepler,9.029299736,,3.17321625,,,5349,894.187
Kepler-1728 b,Kepler-1728,1,1,2021,Transit,Kepler,4.782999992,,2.95501875,,,5170,651.783
Kepler-1729 b,Kepler-1729,1,1,2021,Transit,Kepler,4.220970154,,3.89404186,,,3837,576.181
Kepler-173 b,Kepler-173,1,2,2014,Transit,Kepler,4.263742,0.048,1.29,,,6031,833.165
Kepler-173 c,Kepler-173,1,2,2014,Transit,Kepler,8.005777,0.074,2.43,,,6031,833.165
Kepler-1730 b,Kepler-1730,1,1,2021,Transit,Kepler,13.81019974,,4.48524519,,,5942,1427.08
Kepler-1731 b,Kepler-1731,1,1,2021,Transit,Kepler,21.76129913,,2.93295657,,,4859,169.948
Kepler-1732 b,Kepler-1732,1,1,2021,Transit,Kepler,32.31240082,,4.09903273,,,5821,1289.41
Kepler-1733 b,Kepler-1733,1,1,2021,Transit,Kepler,9.229579926,,3.63582354,,,6320,2080.51
Kepler-1734 b,Kepler-1734,1,1,2021,Transit,Kepler,6.796850204,,3.08851092,,,6061,1482.83
Kepler-1735 b,Kepler-1735,1,1,2021,Transit,Kepler,7.71792984,,1.19429134,,,3975,245.303
Kepler-1736 b,Kepler-1736,1,1,2021,Transit,Kepler,37.81029892,,3.8765856,,,6085,1430
Kepler-1737 b,Kepler-1737,1,1,2021,Transit,Kepler,64.61750031,,5.395,,,5043,
Kepler-1738 b,Kepler-1738,1,1,2021,Transit,Kepler,7.674630165,,2.82472883,,,6063,1302.87
Kepler-1739 b,Kepler-1739,1,1,2021,Transit,Kepler,7.343709946,,2.43056832,,,5757,783.666
Kepler-174 b,Kepler-174,1,3,2014,Transit,Kepler,13.98179,0.1,1.96,,,4880,384.757
Kepler-174 c,Kepler-174,1,3,2014,Transit,Kepler,44.000529,0.214,1.49,,,4880,384.757
Kepler-174 d,Kepler-174,1,3,2014,Transit,Kepler,247.35373,0.677,2.19,,,4880,384.757
Kepler-1740 b,Kepler-1740,1,1,2021,Transit,Kepler,8.172400475,,3.32321414,,,5705,1061.77
Kepler-1741 b,Kepler-1741,1,1,2021,Transit,Kepler,2.757590055,,1.273,,,3683,270.739
Kepler-1742 b,Kepler-1742,1,1,2021,Transit,Kepler,49.47819901,,2.1782413,,,5776,669.573
Kepler-1743 b,Kepler-1743,1,1,2021,Transit,Kepler,7.649710178,,1.59887007,,,5855,538.807
Kepler-1744 b,Kepler-1744,1,1,2021,Transit,Kepler,37.10110092,,3.76754004,,,5986,1091.63
Kepler-1745 b,Kepler-1745,1,1,2021,Transit,Kepler,3.016190052,,1.92872921,,,5611,996.105
Kepler-1746 b,Kepler-1746,1,1,2021,Transit,Kepler,321.2120056,,8.93504475,,,6018,979.541
Kepler-1747 b,Kepler-1747,1,1,2021,Transit,Kepler,6.230319977,,4.26508,,,5477,1321.38
Kepler-1748 b,Kepler-1748,1,1,2021,Transit,Kepler,5.823520184,,2.71275017,,,5774,1083.28
Kepler-1749 b,Kepler-1749,1,1,2021,Transit,Kepler,14.53409958,,1.61301783,,,3957,268.2
Kepler-175 b,Kepler-175,1,2,2014,Transit,Kepler,11.903515,0.105,2.56,,,6064,1312.34
Kepler-175 c,Kepler-175,1,2,2014,Transit,Kepler,34.035257,0.213,3.1,,,6064,1312.34
Kepler-1750 b,Kepler-1750,1,1,2021,Transit,Kepler,205.9120026,,6.00434637,,,5644,1497.33
Kepler-1751 b,Kepler-1751,1,1,2021,Transit,Kepler,7.017310143,,1.82417378,,,6052,1291.47
Kepler-1752 b,Kepler-1752,1,1,2021,Transit,Kepler,56.35850143,,4.54060463,,,5446,962.888
Kepler-1753 b,Kepler-1753,1,1,2021,Transit,Kepler,16.00460052,,2.22678077,,,5180,707.688
Kepler-1754 b,Kepler-1754,1,1,2021,Transit,Kepler,8.195949554,,2.43996509,,,4723,718.945
Kepler-1755 b,Kepler-1755,1,1,2021,Transit,Kepler,24.81209946,,5.91688317,,,6086,982.383
Kepler-1756 b,Kepler-1756,1,1,2021,Transit,Kepler,2.355750084,,1.47199944,,,4915,
Kepler-1757 b,Kepler-1757,1,1,2021,Transit,Kepler,19.65640068,,2.94660251,,,5288,807.308
Kepler-1758 b,Kepler-1758,1,1,2021,Transit,Kepler,9.977210045,,2.57059831,,,5557,1588.41
Kepler-1759 b,Kepler-1759,1,1,2021,Transit,Kepler,3.720230103,,0.9037791,,,5017,385.348
Kepler-176 b,Kepler-176,1,4,2014,Transit,Kepler,5.433074,0.058,1.43,,,5232,527.321
Kepler-176 c,Kepler-176,1,4,2014,Transit,Kepler,12.759712,0.102,2.6,,,5232,527.321
Kepler-176 d,Kepler-176,1,4,2014,Transit,Kepler,25.751974,0.163,2.51,,,5232,527.321
Kepler-176 e,Kepler-176,1,4,2016,Transit,Kepler,51.16579,,1.45,,,5295,527.321
Kepler-1760 b,Kepler-1760,1,1,2021,Transit,Kepler,38.3260994,,2.28995546,,,5229,
Kepler-1761 b,Kepler-1761,1,1,2021,Transit,Kepler,4.043540001,,1.39109603,,,3871,221.186
Kepler-1762 b,Kepler-1762,1,1,2021,Transit,Kepler,29.53910065,,2.76022913,,,6572,1663.74
Kepler-1763 b,Kepler-1763,1,1,2021,Transit,Kepler,1.480280042,,1.14651332,,,5897,756.486
Kepler-1764 b,Kepler-1764,1,1,2021,Transit,Kepler,70.46829987,,4.55527871,,,6461,1542.48
Kepler-1765 b,Kepler-1765,1,1,2021,Transit,Kepler,10.41889954,,2.49508857,,,5692,764.456
Kepler-1766 b,Kepler-1766,1,1,2021,Transit,Kepler,105.0149994,,2.27904508,,,5868,501.229
Kepler-1767 b,Kepler-1767,1,1,2021,Transit,Kepler,59.65829849,,3.01299077,,,5243,820.506
Kepler-1768 b,Kepler-1768,1,1,2021,Transit,Kepler,15.13589954,,2.23346338,,,6050,632.766
Kepler-1769 b,Kepler-1769,1,1,2021,Transit,Kepler,89.1934967,,4.465,,,6071,438.412
Kepler-177 b,Kepler-177,1,2,2013,Transit,Kepler,36.8601,,3.5,5.84,,5732,1435.44
Kepler-177 c,Kepler-177,1,2,2013,Transit,Kepler,49.40926,,8.73,14.7,,5732,1435.44
Kepler-1770 b,Kepler-1770,1,1,2021,Transit,Kepler,16.84189987,,2.84141754,,,5602,582.942
Kepler-1771 b,Kepler-1771,1,1,2021,Transit,Kepler,88.64399719,,4.05537256,,,5661,565.752
Kepler-1772 b,Kepler-1772,1,1,2021,Transit,Kepler,3.215090036,,2.68609988,,,5541,871.564
Kepler-1773 b,Kepler-1773,1,1,2021,Transit,Kepler,40.80970001,,3.50469499,,,6183,681.255
Kepler-1774 b,Kepler-1774,1,1,2021,Transit,Kepler,59.77080154,,3.18179549,,,6214,816.592
Kepler-1775 b,Kepler-1775,1,1,2021,Transit,Kepler,85.65399933,,3.64762153,,,5818,657.023
Kepler-1776 b,Kepler-1776,1,1,2021,Transit,Kepler,35.01190186,,2.61157023,,,5872,690.336
Kepler-1777 b,Kepler-1777,1,1,2021,Transit,Kepler,12.18420029,,2.13189678,,,5771,619.146
Kepler-1778 b,Kepler-1778,1,1,2021,Transit,Kepler,10.08740044,,3.01665969,,,6310,1276.29
Kepler-1779 b,Kepler-1779,1,1,2021,Transit,Kepler,16.34359932,,3.03295685,,,5730,908.501
Kepler-178 b,Kepler-178,1,3,2014,Transit,Kepler,9.576694,0.085,2.9,,,5676,716.025
Kepler-178 c,Kepler-178,1,3,2014,Transit,Kepler,20.552802,0.142,2.88,,,5676,716.025
Kepler-178 d,Kepler-178,1,3,2014,Transit,Kepler,96.678988,0.397,3.95,,,5676,716.025
Kepler-1780 b,Kepler-1780,1,1,2021,Transit,Kepler,109.4449997,,3.60600667,,,5403,790.516
Kepler-1781 b,Kepler-1781,1,1,2021,Transit,Kepler,4.88752985,,2.38091029,,,5568,962.63
Kepler-1782 b,Kepler-1782,1,1,2021,Transit,Kepler,5.756229877,,2.22927435,,,4931,305.792
Kepler-1783 b,Kepler-1783,1,1,2021,Transit,Kepler,8.277440071,,1.31946731,,,5129,264.078
Kepler-1784 b,Kepler-1784,1,1,2021,Transit,Kepler,13.59049988,,2.79936489,,,5442,883.045
Kepler-1785 b,Kepler-1785,1,1,2021,Transit,Kepler,19.58550072,,2.70422447,,,5618,745.74
Kepler-1786 b,Kepler-1786,1,1,2021,Transit,Kepler,78.5460968,,3.16305828,,,5808,863.909
Kepler-1787 b,Kepler-1787,1,1,2021,Transit,Kepler,39.31370163,,2.31898181,,,6060,778.602
Kepler-1788 b,Kepler-1788,1,1,2021,Transit,Kepler,2.800120115,,2.37850461,,,4786,560.445
Kepler-1789 b,Kepler-1789,1,1,2021,Transit,Kepler,80.23190308,,2.83137505,,,5436,611.461
Kepler-179 b,Kepler-179,1,2,2014,Transit,Kepler,2.735926,0.036,1.64,,,5302,605.68
Kepler-179 c,Kepler-179,1,2,2014,Transit,Kepler,6.40013,0.064,2,,,5302,605.68
Kepler-1790 b,Kepler-1790,1,1,2021,Transit,Kepler,31.58889961,,3.1446145,,,5866,1070.17
Kepler-1791 b,Kepler-1791,1,1,2021,Transit,Kepler,7.720860004,,3.12103321,,,5887,602.218
Kepler-1792 b,Kepler-1792,1,1,2021,Transit,Kepler,4.1957798,,2.51990972,,,5229,601.029
Kepler-1793 b,Kepler-1793,1,1,2021,Transit,Kepler,8.779999733,,3.79037518,,,5191,1189.88
Kepler-1794 b,Kepler-1794,1,1,2021,Transit,Kepler,9.762980461,,1.79426276,,,5052,561.229
Kepler-1795 b,Kepler-1795,1,1,2021,Transit,Kepler,13.36019993,,1.66301611,,,4500,
Kepler-1796 b,Kepler-1796,1,1,2021,Transit,Kepler,29.4557991,,2.75047868,,,6036,825.883
Kepler-1797 b,Kepler-1797,1,1,2021,Transit,Kepler,23.3593998,,3.05774442,,,6244,1338.49
Kepler-1798 b,Kepler-1798,1,1,2021,Transit,Kepler,16.85589981,,2.30911251,,,3967,395.196
Kepler-1799 b,Kepler-1799,1,1,2021,Transit,Kepler,11.9296999,,4.12801189,,,5831,2254.69
Kepler-18 b,Kepler-18,1,3,2011,Transit,Kepler,3.504725,0.0447,2,6.9,,5345,433.047
Kepler-18 c,Kepler-18,1,3,2011,Transit,Kepler,7.64159,0.0752,5.49,17.3,,5345,433.047
Kepler-18 d,Kepler-18,1,3,2011,Transit,Kepler,14.85888,0.1172,6.98,16.4,,5345,433.047
Kepler-180 b,Kepler-180,1,2,2014,Transit,Kepler,13.817124,0.109,1.5,,,5731,695.65
Kepler-180 c,Kepler-180,1,2,2014,Transit,Kepler,41.885775,0.229,3.01,,,5731,695.65
Kepler-1800 b,Kepler-1800,1,1,2021,Transit,Kepler,4.562029839,,0.99679734,,,5343,350.455
Kepler-1801 b,Kepler-1801,1,2,2021,Transit,Kepler,10.44089985,,2.70926154,,,5738,839.332
Kepler-1801 c,Kepler-1801,1,2,2023,Transit,Kepler,116.583183,0.4572,2.91,,371,5738,839.332
Kepler-1802 b,Kepler-1802,1,2,2021,Transit,Kepler,15.45020008,,1.671,,,4245,636.694
Kepler-1802 c,Kepler-1802,1,2,2021,Transit,Kepler,33.13610077,,2.322,,,4245,636.694
Kepler-1804 b,Kepler-1804,1,1,2021,Transit,Kepler,12.28849983,,1.59615726,,,5109,434.456
Kepler-1805 b,Kepler-1805,1,1,2021,Transit,Kepler,8.847940445,,1.54502915,,,3867,221.639
Kepler-1806 b,Kepler-1806,1,1,2021,Transit,Kepler,9.033320427,,2.35560189,,,5311,978.066
Kepler-1807 b,Kepler-1807,1,1,2021,Transit,Kepler,10.86060047,,2.70393215,,,6455,1299.32
Kepler-1808 b,Kepler-1808,1,1,2021,Transit,Kepler,23.3404007,,3.02511302,,,5530,1022.01
Kepler-1809 b,Kepler-1809,1,1,2021,Transit,Kepler,3.7572999,,1.513,,,4901,409.602
Kepler-181 b,Kepler-181,1,2,2014,Transit,Kepler,3.137873,0.04,1.27,,,5333,609.283
Kepler-181 c,Kepler-181,1,2,2014,Transit,Kepler,4.302149,0.049,1.99,,,5333,609.283
Kepler-1810 b,Kepler-1810,1,1,2021,Transit,Kepler,101.1330032,,3.91815325,,,5492,1009.87
Kepler-1811 b,Kepler-1811,1,1,2021,Transit,Kepler,76.42230225,,3.84829873,,,5561,1390.56
Kepler-1812 b,Kepler-1812,1,1,2021,Transit,Kepler,7.165219784,,2.3249424,,,6174,1409.19
Kepler-1813 b,Kepler-1813,1,1,2021,Transit,Kepler,2.818160057,,1.413,,,5167,
Kepler-1814 b,Kepler-1814,1,2,2021,Transit,Kepler,2.935359955,,2.36961357,,,4922,726.346
Kepler-1814 c,Kepler-1814,1,2,2023,Transit,Kepler,0.626281766,0.0133,1.76,,1711,4922,726.346
Kepler-1815 b,Kepler-1815,1,1,2021,Transit,Kepler,12.19139957,,2.7489262,,,5516,1006.63
Kepler-1816 b,Kepler-1816,1,1,2021,Transit,Kepler,91.50099945,,1.9679397,,,5051,437.823
Kepler-1817 b,Kepler-1817,1,1,2021,Transit,Kepler,44.29919815,,2.27349126,,,5316,748.569
Kepler-1818 b,Kepler-1818,1,1,2021,Transit,Kepler,4.644909859,,1.71360684,,,6047,1034.59
Kepler-1819 b,Kepler-1819,1,1,2021,Transit,Kepler,16.48690033,,3.90351256,,,6090,1363.19
Kepler-182 b,Kepler-182,1,2,2014,Transit,Kepler,9.825792,0.096,2.58,,,6250,1549.09
Kepler-182 c,Kepler-182,1,2,2014,Transit,Kepler,20.684342,0.157,3.43,,,6250,1549.09
Kepler-1820 b,Kepler-1820,1,1,2021,Transit,Kepler,31.03249931,,3.11883067,,,5841,1425.39
Kepler-1821 b,Kepler-1821,1,1,2021,Transit,Kepler,16.45809937,,2.59248115,,,5475,799.699
Kepler-1822 b,Kepler-1822,1,1,2021,Transit,Kepler,22.13339996,,2.64755943,,,5165,897.597
Kepler-1823 b,Kepler-1823,1,1,2021,Transit,Kepler,21.10339928,,2.0861268,,,6000,724.971
Kepler-1824 b,Kepler-1824,1,1,2021,Transit,Kepler,95.61100006,,2.38127597,,,6002,1040.1
Kepler-1825 b,Kepler-1825,1,1,2021,Transit,Kepler,1.025869966,,1.42200732,,,5123,430.254
Kepler-1826 b,Kepler-1826,1,1,2021,Transit,Kepler,1.615360022,,1.47519116,,,3821,336.952
Kepler-1827 b,Kepler-1827,1,1,2021,Transit,Kepler,3.700619936,,1.85644292,,,5423,686.461
Kepler-1828 b,Kepler-1828,1,1,2021,Transit,Kepler,10.2737999,,2.11598626,,,5806,871.81
Kepler-1829 b,Kepler-1829,1,1,2021,Transit,Kepler,5.186719894,,2.47887001,,,5230,679.921
Kepler-183 b,Kepler-183,1,2,2014,Transit,Kepler,5.687945,0.064,2.06,,,5888,1050.64
Kepler-183 c,Kepler-183,1,2,2014,Transit,Kepler,11.637071,0.103,2.27,,,5888,1050.64
Kepler-1830 b,Kepler-1830,1,1,2021,Transit,Kepler,56.49330139,,3.32992941,,,6160,1056.88
Kepler-1831 b,Kepler-1831,1,1,2021,Transit,Kepler,5.78387022,,1.97019818,,,6063,1053.49
Kepler-1832 b,Kepler-1832,1,1,2021,Transit,Kepler,3.138789892,,1.22719556,,,5242,486.174
Kepler-1833 b,Kepler-1833,1,1,2021,Transit,Kepler,6.892129898,,1.30027362,,,6164,591.602
Kepler-1834 b,Kepler-1834,1,2,2021,Transit,Kepler,4.603010178,,1.4593834,,,4821,500.395
Kepler-1834 c,Kepler-1834,1,2,2023,Transit,Kepler,0.766691517,0.015,1.22,,1541,4821,500.395
Kepler-1835 b,Kepler-1835,1,1,2021,Transit,Kepler,11.96409988,,3.53387773,,,5903,1404.38
Kepler-1836 b,Kepler-1836,1,1,2021,Transit,Kepler,5.254169941,,2.55303229,,,6123,1472.62
Kepler-1837 b,Kepler-1837,1,1,2021,Transit,Kepler,5.906089783,,2.06673842,,,5966,1229.18
Kepler-1838 b,Kepler-1838,1,1,2021,Transit,Kepler,12.14680004,,1.66049425,,,5877,451.242
Kepler-1839 b,Kepler-1839,1,1,2021,Transit,Kepler,5.056759834,,1.9493759,,,5926,1136.6
Kepler-184 b,Kepler-184,1,3,2014,Transit,Kepler,10.687576,0.092,2.36,,,5788,610.326
Kepler-184 c,Kepler-184,1,3,2014,Transit,Kepler,20.303005,0.141,1.97,,,5788,610.326
Kepler-184 d,Kepler-184,1,3,2014,Transit,Kepler,29.022358,0.179,2.49,,,5788,610.326
Kepler-1840 b,Kepler-1840,1,1,2021,Transit,Kepler,131.1900024,,2.77771129,,,4898,513.107
Kepler-1841 b,Kepler-1841,1,1,2021,Transit,Kepler,25.88599968,,1.48912557,,,5190,631.7
Kepler-1842 b,Kepler-1842,1,1,2021,Transit,Kepler,14.02639961,,2.35388681,,,5970,923.551
Kepler-1843 b,Kepler-1843,1,1,2021,Transit,Kepler,25.54339981,,2.70909809,,,5422,784.625
Kepler-1844 b,Kepler-1844,1,1,2021,Transit,Kepler,3.924510002,,3.03648191,,,5776,1804.36
Kepler-1845 b,Kepler-1845,1,1,2021,Transit,Kepler,11.60649967,,2.43836702,,,4703,710.724
Kepler-1846 b,Kepler-1846,1,1,2021,Transit,Kepler,14.82009983,,1.76378826,,,4825,374.615
Kepler-1847 b,Kepler-1847,1,1,2021,Transit,Kepler,11.12969971,,2.74516914,,,6122,1693.86
Kepler-1848 b,Kepler-1848,1,1,2021,Transit,Kepler,5.604020119,,1.4088539,,,4847,309.696
Kepler-1849 b,Kepler-1849,1,1,2021,Transit,Kepler,57.29290009,,2.38685349,,,4806,631.884
Kepler-185 b,Kepler-185,1,2,2014,Transit,Kepler,1.6329,0.026,1.17,,,5208,466.735
Kepler-185 c,Kepler-185,1,2,2014,Transit,Kepler,20.729042,0.139,2.02,,,5208,466.735
Kepler-1850 b,Kepler-1850,1,1,2021,Transit,Kepler,1.385800004,,0.72909663,,,4239,250.199
Kepler-1851 b,Kepler-1851,1,1,2021,Transit,Kepler,12.02289963,,3.90012032,,,5982,1589.81
Kepler-1852 b,Kepler-1852,1,1,2021,Transit,Kepler,7.970940113,,1.88610592,,,5237,772.481
Kepler-1853 b,Kepler-1853,1,1,2021,Transit,Kepler,48.88819885,,1.51862272,,,4821,562.348
Kepler-1854 b,Kepler-1854,1,1,2021,Transit,Kepler,39.83110046,,2.58746104,,,5026,423.348
Kepler-1855 b,Kepler-1855,1,1,2021,Transit,Kepler,0.727330983,,1.216205,,,3460,
Kepler-1856 b,Kepler-1856,1,1,2021,Transit,Kepler,1.302000046,,1.73447868,,,4948,848.76
Kepler-1857 b,Kepler-1857,1,1,2021,Transit,Kepler,8.94340992,,1.96065412,,,6074,853.275
Kepler-1858 b,Kepler-1858,1,1,2021,Transit,Kepler,88.07160187,,2.42168247,,,4939,833.055
Kepler-1859 b,Kepler-1859,1,2,2021,Transit,Kepler,2.729599953,,1.58313575,,,5887,1331.25
Kepler-1859 c,Kepler-1859,1,2,2023,Transit,Kepler,3.59645081,0.0473,1.66,,1327,5887,1331.25
Kepler-186 b,Kepler-186,1,5,2014,Transit,Kepler,3.8867907,0.0343,1.07,,,3788,177.594
Kepler-186 c,Kepler-186,1,5,2014,Transit,Kepler,7.267302,0.0451,1.25,,,3788,177.594
Kepler-186 d,Kepler-186,1,5,2014,Transit,Kepler,13.342996,0.0781,1.4,,,3788,177.594
Kepler-186 e,Kepler-186,1,5,2014,Transit,Kepler,22.407704,0.11,1.27,,,3788,177.594
Kepler-186 f,Kepler-186,1,5,2014,Transit,Kepler,129.9441,0.432,1.17,,,3755,177.594
Kepler-1860 b,Kepler-1860,1,1,2021,Transit,Kepler,12.73719978,,1.13863767,,,5420,438.703
Kepler-1861 b,Kepler-1861,1,1,2021,Transit,Kepler,40.0306015,,2.20677414,,,5855,829.985
Kepler-1862 b,Kepler-1862,1,1,2021,Transit,Kepler,16.05730057,,2.203,,,5644,1232.19
Kepler-1863 b,Kepler-1863,1,1,2021,Transit,Kepler,44.99760056,,2.26309256,,,5871,865.546
Kepler-1864 b,Kepler-1864,1,1,2021,Transit,Kepler,3.881510019,,0.75408365,,,5854,298.894
Kepler-1865 b,Kepler-1865,1,1,2021,Transit,Kepler,2.524009943,,1.57686072,,,5420,922.255
Kepler-1866 b,Kepler-1866,1,1,2021,Transit,Kepler,11.66009998,,2.08215108,,,5791,976.737
Kepler-1867 b,Kepler-1867,1,1,2021,Transit,Kepler,9.887359619,,1.15985997,,,5693,680.583
Kepler-1868 b,Kepler-1868,1,1,2021,Transit,Kepler,211.0339966,,3.14950109,,,4658,274.18
Kepler-1869 b,Kepler-1869,1,2,2021,Transit,Kepler,8.167360306,,1.11955354,,,5808,113.025
Kepler-1869 c,Kepler-1869,1,2,2023,Transit,Kepler,1.716828304,0.028,0.74,,1455,5808,113.025
Kepler-187 b,Kepler-187,1,2,2014,Transit,Kepler,4.938864,0.059,1.41,,,6105,1143
Kepler-187 c,Kepler-187,1,2,2014,Transit,Kepler,10.640263,0.099,2.67,,,6105,1143
Kepler-1870 b,Kepler-1870,1,1,2021,Transit,Kepler,3.606940031,,2.10143764,,,5508,407.216
Kepler-1871 b,Kepler-1871,1,1,2021,Transit,Kepler,1.952700019,,2.42172881,,,5741,854.623
Kepler-1872 b,Kepler-1872,1,1,2021,Transit,Kepler,3.825910091,,2.38421141,,,5223,840.182
Kepler-1873 b,Kepler-1873,1,1,2021,Transit,Kepler,0.558842003,,1.62573811,,,5151,820.957
Kepler-1874 b,Kepler-1874,1,1,2021,Transit,Kepler,56.57320023,,2.21110724,,,4701,408.007
Kepler-1875 b,Kepler-1875,1,1,2021,Transit,Kepler,34.45859909,,3.22686692,,,6161,1660.45
Kepler-1876 b,Kepler-1876,1,1,2021,Transit,Kepler,6.99205,0.0758,0.853,2.4,1299,6104,259.935
Kepler-1877 b,Kepler-1877,1,1,2021,Transit,Kepler,2.377569914,,0.624086,,,5615,285.312
Kepler-1878 b,Kepler-1878,1,1,2021,Transit,Kepler,4.445879936,,2.92019781,,,5918,1494.3
Kepler-1879 b,Kepler-1879,1,1,2021,Transit,Kepler,10.61340046,,2.06512018,,,5865,627.171
Kepler-188 b,Kepler-188,1,2,2014,Transit,Kepler,2.061897,0.032,1.68,,,6021,968.544
Kepler-188 c,Kepler-188,1,2,2014,Transit,Kepler,5.996553,0.066,3.19,,,6021,968.544
Kepler-1880 b,Kepler-1880,1,1,2021,Transit,Kepler,6.309219837,,2.11686218,,,4380,611.041
Kepler-1881 b,Kepler-1881,1,1,2021,Transit,Kepler,159.3939972,,2.98104391,,,5135,1057.21
Kepler-1882 b,Kepler-1882,1,1,2021,Transit,Kepler,13.78730011,,1.48674404,,,5691,443.371
Kepler-1883 b,Kepler-1883,1,1,2021,Transit,Kepler,103.427002,,3.25107395,,,6208,1377.61
Kepler-1884 b,Kepler-1884,1,1,2021,Transit,Kepler,8.988320351,,1.81406781,,,5984,1443.09
Kepler-1885 b,Kepler-1885,1,1,2021,Transit,Kepler,2.522559881,,1.51110555,,,5591,818.482
Kepler-1886 b,Kepler-1886,1,1,2021,Transit,Kepler,24.2758007,,2.58158428,,,5745,1059.51
Kepler-1887 b,Kepler-1887,1,1,2021,Transit,Kepler,19.94750023,,2.92454357,,,5749,1366.18
Kepler-1888 b,Kepler-1888,1,1,2021,Transit,Kepler,11.39169979,,1.32578716,,,5557,402.947
Kepler-1889 b,Kepler-1889,1,1,2021,Transit,Kepler,37.30369949,,2.94360686,,,5646,1395.13
Kepler-189 b,Kepler-189,1,2,2014,Transit,Kepler,10.399931,0.088,1.21,,,5235,591.534
Kepler-189 c,Kepler-189,1,2,2014,Transit,Kepler,20.134866,0.137,2.38,,,5235,591.534
Kepler-1890 b,Kepler-1890,1,1,2021,Transit,Kepler,4.820590019,,0.86867375,,,6046,529.596
Kepler-1891 b,Kepler-1891,1,1,2021,Transit,Kepler,4.02229023,,1.52139156,,,5516,596.24
Kepler-1892 b,Kepler-1892,1,1,2021,Transit,Kepler,6.331230164,,1.83707938,,,5383,851.595
Kepler-1893 b,Kepler-1893,1,1,2021,Transit,Kepler,4.179369926,,1.70557445,,,5633,1050.72
Kepler-1894 b,Kepler-1894,1,2,2021,Transit,Kepler,2.762660027,,1.20117759,,,5772,935.191
Kepler-1894 c,Kepler-1894,1,2,2023,Transit,Kepler,5.05368985,0.0576,1.21,,1007,5772,935.191
Kepler-1895 b,Kepler-1895,1,1,2021,Transit,Kepler,6.070290089,,2.11934728,,,5076,984.187
Kepler-1896 b,Kepler-1896,1,1,2021,Transit,Kepler,44.87020111,,3.09935997,,,6122,1732.91
Kepler-1897 b,Kepler-1897,1,1,2021,Transit,Kepler,24.22030067,,2.81407954,,,5165,983.174
Kepler-1898 b,Kepler-1898,1,1,2021,Transit,Kepler,4.765620232,,0.93353523,,,5702,360.921
Kepler-1899 b,Kepler-1899,1,1,2021,Transit,Kepler,4.095779896,,1.55098292,,,4791,711.509
Kepler-19 b,Kepler-19,1,3,2011,Transit,Kepler,9.28699,0.0846,2.209,6.1,851,5541,218.562
Kepler-19 c,Kepler-19,1,3,2011,Transit Timing Variations,Kepler,28.731,,,13.1,,5544,218.562
Kepler-19 d,Kepler-19,1,3,2017,Radial Velocity,Roque de los Muchachos Observatory,62.95,,,22.5,,5544,218.562
Kepler-190 b,Kepler-190,1,2,2014,Transit,Kepler,2.019999,0.03,1.56,,,5106,433.387
Kepler-190 c,Kepler-190,1,2,2014,Transit,Kepler,3.763024,0.045,1.46,,,5106,433.387
Kepler-1900 b,Kepler-1900,1,1,2021,Transit,Kepler,2.986229897,,1.62314676,,,6173,1540.43
Kepler-1901 b,Kepler-1901,1,1,2021,Transit,Kepler,3.484129906,,1.47418907,,,5696,1028.37
Kepler-1902 b,Kepler-1902,1,1,2021,Transit,Kepler,3.822220087,,1.17563613,,,3729,344.337
Kepler-1903 b,Kepler-1903,1,1,2021,Transit,Kepler,17.0678997,,2.28642395,,,6347,1775.44
Kepler-1904 b,Kepler-1904,1,1,2021,Transit,Kepler,4.577020168,,1.3904994,,,3805,270.854
Kepler-1905 b,Kepler-1905,1,1,2021,Transit,Kepler,3.42392993,,1.4460734,,,5788,1051.53
Kepler-1906 b,Kepler-1906,1,1,2021,Transit,Kepler,7.362689972,,2.77615754,,,5868,1360.63
Kepler-1907 b,Kepler-1907,1,2,2021,Transit,Kepler,5.652450085,,0.86973029,,,5159,292.111
Kepler-1907 c,Kepler-1907,1,2,2021,Transit,Kepler,14.86390018,,1.15547044,,,5159,292.111
Kepler-1909 b,Kepler-1909,1,1,2021,Transit,Kepler,2.391609907,,1.09217411,,,4935,763.662
Kepler-191 b,Kepler-191,1,3,2014,Transit,Kepler,9.939632,0.087,1.34,,,5282,594.464
Kepler-191 c,Kepler-191,1,3,2014,Transit,Kepler,17.738506,0.128,1.86,,,5282,594.464
Kepler-191 d,Kepler-191,1,3,2016,Transit,Kepler,5.945041017,,2.28,,,5215,594.464
Kepler-1910 b,Kepler-1910,1,1,2021,Transit,Kepler,5.688769817,,1.184,,,4234,
Kepler-1911 b,Kepler-1911,1,1,2021,Transit,Kepler,5.990799904,,1.011,,,5721,269.912
Kepler-1912 b,Kepler-1912,1,1,2021,Transit,Kepler,6.059219837,,1.35670508,,,5734,297.017
Kepler-1913 b,Kepler-1913,1,1,2021,Transit,Kepler,14.1960001,,1.51852059,,,6214,876.3
Kepler-1914 b,Kepler-1914,1,1,2021,Transit,Kepler,30.82789993,,2.9429803,,,5982,1621.56
Kepler-1915 b,Kepler-1915,1,1,2021,Transit,Kepler,13.83539963,,3.21798413,,,6020,1514.66
Kepler-1916 b,Kepler-1916,1,1,2021,Transit,Kepler,31.25429916,,2.61757235,,,6246,2055.82
Kepler-1917 b,Kepler-1917,1,1,2021,Transit,Kepler,12.90240002,,1.88971288,,,5530,909.037
Kepler-1918 b,Kepler-1918,1,1,2021,Transit,Kepler,47.0564003,,2.29763023,,,5889,1030.11
Kepler-1919 b,Kepler-1919,1,1,2021,Transit,Kepler,37.88660049,,2.62390658,,,5513,1177.53
Kepler-192 b,Kepler-192,1,3,2014,Transit,Kepler,9.926746,0.09,2.74,,,5479,651.674
Kepler-192 c,Kepler-192,1,3,2014,Transit,Kepler,21.2234,0.15,2.79,,,5479,651.674
Kepler-192 d,Kepler-192,1,3,2016,Transit,Kepler,6.47027579,,1.02,,,5487,651.674
Kepler-1920 b,Kepler-1920,1,1,2021,Transit,Kepler,30.2541008,,2.95415848,,,6277,885.913
Kepler-1921 b,Kepler-1921,1,2,2021,Transit,Kepler,20.03479958,,2.89459458,,,6120,928.989
Kepler-1921 c,Kepler-1921,1,2,2023,Transit,Kepler,3.15722086,0.0454,1.41,,1791,6120,928.989
Kepler-1922 b,Kepler-1922,1,1,2021,Transit,Kepler,13.22259998,,2.29064904,,,5931,1344.29
Kepler-1923 b,Kepler-1923,1,1,2021,Transit,Kepler,52.60969925,,1.95958179,,,5881,990.838
Kepler-1924 b,Kepler-1924,1,1,2021,Transit,Kepler,15.33170033,,2.65446572,,,5726,1910.77
Kepler-1925 b,Kepler-1925,1,1,2021,Transit,Kepler,46.71640015,,3.00177922,,,5856,1771.31
Kepler-1926 b,Kepler-1926,1,1,2021,Transit,Kepler,42.87770081,,2.31495961,,,5256,667.405
Kepler-1927 b,Kepler-1927,1,1,2021,Transit,Kepler,73.75039673,,3.40627075,,,6056,1091
Kepler-1928 b,Kepler-1928,1,1,2021,Transit,Kepler,19.57783,0.194,1.992,,,5720,326.362
Kepler-1929 b,Kepler-1929,1,1,2021,Transit,Kepler,59.36249924,,3.07250761,,,5786,508.201
Kepler-193 b,Kepler-193,1,2,2014,Transit,Kepler,11.38848,0.106,2.39,,,6335,1009.1
Kepler-193 c,Kepler-193,1,2,2014,Transit,Kepler,50.697494,0.286,2.75,,,6335,1009.1
Kepler-1930 b,Kepler-1930,1,1,2021,Transit,Kepler,13.02680016,,1.52955541,,,5083,275.694
Kepler-1931 b,Kepler-1931,1,1,2021,Transit,Kepler,38.5760994,,2.65323514,,,6167,620.091
Kepler-1932 b,Kepler-1932,1,1,2021,Transit,Kepler,0.524177015,,1.51482218,,,5278,713.733
Kepler-1933 b,Kepler-1933,1,1,2021,Transit,Kepler,4.943290234,,1.17984089,,,5661,328.007
Kepler-1934 b,Kepler-1934,1,1,2021,Transit,Kepler,1.419759989,,0.91307734,,,5925,428.514
Kepler-1935 b,Kepler-1935,1,1,2021,Transit,Kepler,3.951400042,,2.50271696,,,5570,904.702
Kepler-1936 b,Kepler-1936,1,1,2021,Transit,Kepler,126.5569992,,3.16615594,,,6501,871.096
Kepler-1937 b,Kepler-1937,1,1,2021,Transit,Kepler,9.688599586,,3.0229133,,,6457,905.069
Kepler-1938 b,Kepler-1938,1,1,2021,Transit,Kepler,13.06260014,,1.82828927,,,4522,421.152
Kepler-1939 b,Kepler-1939,1,1,2021,Transit,Kepler,2.790659904,,1.16480773,,,4353,189.833
Kepler-194 b,Kepler-194,1,3,2014,Transit,Kepler,2.092281,0.032,1.51,,,6089,1097.97
Kepler-194 c,Kepler-194,1,3,2014,Transit,Kepler,17.308032,0.131,2.59,,,6089,1097.97
Kepler-194 d,Kepler-194,1,3,2014,Transit,Kepler,52.814973,0.275,2.4,,,6089,1097.97
Kepler-1940 b,Kepler-1940,1,1,2021,Transit,Kepler,4.950610161,,1.54732469,,,5431,798.595
Kepler-1941 b,Kepler-1941,1,1,2021,Transit,Kepler,31.33510017,,2.64976949,,,6404,1494.39
Kepler-1942 b,Kepler-1942,1,1,2021,Transit,Kepler,4.626049995,,2.1170287,,,5834,842.492
Kepler-1943 b,Kepler-1943,1,1,2021,Transit,Kepler,4.850180149,,1.54869189,,,6032,1004.55
Kepler-1944 b,Kepler-1944,1,1,2021,Transit,Kepler,9.842579842,,2.75971163,,,5585,1076.48
Kepler-1945 b,Kepler-1945,1,1,2021,Transit,Kepler,6.080039978,,1.289,,,4991,
Kepler-1946 b,Kepler-1946,1,1,2021,Transit,Kepler,3.035190105,,2.48812698,,,5505,1002.12
Kepler-1947 b,Kepler-1947,1,1,2021,Transit,Kepler,6.963630199,,1.0101666,,,6040,468.771
Kepler-1948 b,Kepler-1948,1,1,2021,Transit,Kepler,15.57129955,,1.03283226,,,3872,193.903
Kepler-1949 b,Kepler-1949,1,1,2021,Transit,Kepler,2.208280087,,2.21964541,,,6028,2617.35
Kepler-195 b,Kepler-195,1,2,2014,Transit,Kepler,8.307872,0.077,2.03,,,5329,652.051
Kepler-195 c,Kepler-195,1,2,2014,Transit,Kepler,34.096863,0.197,1.55,,,5329,652.051
Kepler-1950 b,Kepler-1950,1,1,2021,Transit,Kepler,10.77690029,,1.52696349,,,5455,697.253
Kepler-1951 b,Kepler-1951,1,1,2021,Transit,Kepler,20.65780067,,2.32107188,,,5468,1277.32
Kepler-1952 b,Kepler-1952,1,1,2021,Transit,Kepler,27.21080017,,1.23923346,,,5973,852.062
Kepler-1953 b,Kepler-1953,1,1,2021,Transit,Kepler,6.245659828,,1.28574667,,,4858,605.631
Kepler-1954 b,Kepler-1954,1,1,2021,Transit,Kepler,5.883430004,,1.80235934,,,5840,1373.83
Kepler-1955 b,Kepler-1955,1,1,2021,Transit,Kepler,14.26519966,,1.16654878,,,5825,449.351
Kepler-1956 b,Kepler-1956,1,1,2021,Transit,Kepler,5.943719864,,1.08940238,,,4391,360.468
Kepler-1957 b,Kepler-1957,1,1,2021,Transit,Kepler,2.186619997,,0.94374867,,,4904,460.899
Kepler-1958 b,Kepler-1958,1,1,2021,Transit,Kepler,9.328619957,,2.05124311,,,5749,1320.38
Kepler-1959 b,Kepler-1959,1,1,2021,Transit,Kepler,6.38669014,,1.14315727,,,5071,479.263
Kepler-196 b,Kepler-196,1,3,2014,Transit,Kepler,20.739886,0.138,1.9,,,5128,451.312
Kepler-196 c,Kepler-196,1,3,2014,Transit,Kepler,47.427737,0.24,2.24,,,5128,451.312
Kepler-196 d,Kepler-196,1,3,2021,Transit,Kepler,122.0800018,,2.66065673,,,5132,451.312
Kepler-1960 b,Kepler-1960,1,1,2021,Transit,Kepler,2.297940016,,1.30749704,,,6371,1527.56
Kepler-1961 b,Kepler-1961,1,1,2021,Transit,Kepler,5.604710102,,1.6187808,,,5401,1042.45
Kepler-1962 b,Kepler-1962,1,1,2021,Transit,Kepler,7.991459846,,1.21463929,,,5700,866.826
Kepler-1963 b,Kepler-1963,1,1,2021,Transit,Kepler,1.962260008,,0.74437023,,,5726,492.847
Kepler-1964 b,Kepler-1964,1,1,2021,Transit,Kepler,2.440829992,,1.7810587,,,4803,
Kepler-1965 b,Kepler-1965,1,1,2021,Transit,Kepler,41.86869812,,1.35415138,,,5852,521.791
Kepler-1966 b,Kepler-1966,1,1,2021,Transit,Kepler,8.617429733,,1.10479327,,,5009,484.601
Kepler-1967 b,Kepler-1967,1,1,2021,Transit,Kepler,7.281690121,,0.73022577,,,4970,249.102
Kepler-1968 b,Kepler-1968,1,1,2021,Transit,Kepler,7.281099796,,1.50004034,,,5008,750.93
Kepler-1969 b,Kepler-1969,1,1,2021,Transit,Kepler,6.647520065,,1.68161001,,,6046,1204.54
Kepler-197 b,Kepler-197,2,4,2014,Transit,Kepler,5.599308,0.06,1.02,,,6004,330.575
Kepler-197 c,Kepler-197,2,4,2014,Transit,Kepler,10.349695,0.09,1.23,,,6004,330.575
Kepler-197 d,Kepler-197,2,4,2014,Transit,Kepler,15.677563,0.119,1.22,,,6004,330.575
Kepler-197 e,Kepler-197,2,4,2014,Transit,Kepler,25.209715,0.164,0.91,,,6004,330.575
Kepler-1972 b,Kepler-1972,1,2,2022,Transit,Kepler,7.54425,,0.802,2.02,,5818,287.339
Kepler-1972 c,Kepler-1972,1,2,2022,Transit,Kepler,11.3295,,0.868,2.11,,5818,287.339
Kepler-1976 b,Kepler-1976,1,1,2023,Transit,Kepler,4.959319244,0.0565,12.21,,1103,5712,1314.51
Kepler-1977 b,Kepler-1977,1,1,2023,Transit,Kepler,4.53702121,0.0486,1.66,,798,4805,592.711
Kepler-1978 b,Kepler-1978,1,1,2023,Transit,Kepler,10.84969477,0.0914,2.67,,676,5251,865.512
Kepler-1979 b,Kepler-1979,1,1,2023,Transit,Kepler,18.5084526,0.1383,29.33,,683,5942,1076.27
Kepler-198 b,Kepler-198,1,3,2014,Transit,Kepler,17.790037,0.131,2.82,,,5574,495.358
Kepler-198 c,Kepler-198,1,3,2014,Transit,Kepler,49.567416,0.259,2.47,,,5574,495.358
Kepler-198 d,Kepler-198,1,3,2016,Transit,Kepler,1.31184443,,1.53,,,5636,495.358
Kepler-1980 b,Kepler-1980,1,1,2023,Transit,Kepler,33.0257179,0.2049,2.21,,564,5819,1709.4
Kepler-1981 b,Kepler-1981,1,1,2023,Transit,Kepler,453.54212,1.3292,9.23,,390,5874,659.395
Kepler-1982 b,Kepler-1982,1,1,2023,Transit,Kepler,3.82315697,0.0511,0.77,,1282,6202,558.855
Kepler-1983 b,Kepler-1983,1,1,2023,Transit,Kepler,7.32851947,0.0689,2.33,,807,5135,424.428
Kepler-1984 b,Kepler-1984,1,1,2023,Transit,Kepler,1.992812339,0.0238,6.81,,675,3638,
Kepler-1985 b,Kepler-1985,1,1,2023,Transit,Kepler,3.42064689,0.0426,2.27,,1129,5370,
Kepler-1986 b,Kepler-1986,1,1,2023,Transit,Kepler,19.5489666,0.1307,1.89,,579,5549,912.085
Kepler-1987 b,Kepler-1987,1,4,2023,Transit,Kepler,2.345863002,0.0318,1.23,,997,4769,595.683
Kepler-1987 c,Kepler-1987,1,4,2023,Transit,Kepler,3.64830183,0.0427,1.33,,860,4769,595.683
Kepler-1987 d,Kepler-1987,1,4,2023,Transit,Kepler,5.644914154,0.0571,2.66,,744,4769,595.683
Kepler-1987 e,Kepler-1987,1,4,2023,Transit,Kepler,8.74292005,0.0765,1.92,,643,4769,595.683
Kepler-1988 b,Kepler-1988,1,1,2023,Transit,Kepler,11.49500229,0.1038,1.53,,1105,6033,513.426
Kepler-1989 b,Kepler-1989,1,1,2023,Transit,Kepler,10.16102353,0.0918,4.62,,904,6032,1252.13
Kepler-199 b,Kepler-199,1,2,2014,Transit,Kepler,23.637604,0.158,3.11,,,5644,521.054
Kepler-199 c,Kepler-199,1,2,2014,Transit,Kepler,67.093408,0.316,3.25,,,5644,521.054
Kepler-1990 b,Kepler-1990,1,2,2023,Transit,Kepler,1.73513619,0.0286,3.27,,1554,5751,392.739
Kepler-1990 c,Kepler-1990,1,2,2023,Transit,Kepler,4.06844957,0.0504,0.98,,1170,5751,392.739
Kepler-1991 b,Kepler-1991,1,2,2023,Transit,Kepler,13.26079792,0.1065,1.47,,760,5478,855.82
Kepler-1991 c,Kepler-1991,1,2,2023,Transit,Kepler,22.79020351,0.1528,2.57,,634,5478,855.82
Kepler-1992 b,Kepler-1992,1,1,2023,Transit,Kepler,15.6112238,0.1169,0.91,,637,5383,532.955
Kepler-1993 b,Kepler-1993,1,1,2023,Transit,Kepler,26.6565737,0.1943,4.15,,903,5159,1031.91
Kepler-1994 b,Kepler-1994,1,1,2023,Transit,Kepler,4.61225043,0.053,0.51,,1032,5495,241.991
Kepler-1995 b,Kepler-1995,1,1,2023,Transit,Kepler,73.7578875,0.3259,4.28,,375,5029,595.331
Kepler-1996 b,Kepler-1996,1,2,2023,Transit,Kepler,32.376183,0.1789,2.26,,392,4580,440.561
Kepler-1996 c,Kepler-1996,1,2,2023,Transit,Kepler,92.7297248,0.3608,2.81,,276,4580,440.561
Kepler-1997 b,Kepler-1997,1,1,2023,Transit,Kepler,26.7575866,0.1815,2.28,,660,6215,1502.34
Kepler-1998 b,Kepler-1998,1,1,2023,Transit,Kepler,3.03267135,0.0405,0.6,,1187,5640,340.965
Kepler-1999 b,Kepler-1999,1,1,2023,Transit,Kepler,8.7396758,0.0713,3.29,,577,4406,701.255
Kepler-20 b,Kepler-20,2,6,2011,Transit,Kepler,3.6961049,0.04565,1.773,9.7,1187,5495,282.563
Kepler-20 c,Kepler-20,2,6,2011,Transit,Kepler,10.8540774,0.0936,2.894,11.1,828,5495,282.563
Kepler-20 d,Kepler-20,2,6,2011,Transit,Kepler,77.611455,0.3474,2.606,13.4,430,5495,282.563
Kepler-20 e,Kepler-20,2,6,2011,Transit,Kepler,6.0984882,0.0637,0.821,0.76,1004,5495,282.563
Kepler-20 f,Kepler-20,2,6,2011,Transit,Kepler,19.578328,0.1387,0.952,1.4,681,5495,282.563
Kepler-20 g,Kepler-20,2,6,2016,Radial Velocity,Multiple Observatories,34.94,0.2055,,19.96,524,5495,282.563
Kepler-200 b,Kepler-200,1,2,2014,Transit,Kepler,8.594805,0.08,2.13,,,5678,665.912
Kepler-200 c,Kepler-200,1,2,2014,Transit,Kepler,10.222157,0.09,1.59,,,5678,665.912
Kepler-2000 b,Kepler-2000,1,2,2023,Transit,Kepler,6.383159135,0.0562,2.73,,530,3757,320.588
Kepler-2000 c,Kepler-2000,1,2,2023,Transit,Kepler,20.6180348,0.1228,1.57,,359,3757,320.588
Kepler-2001 b,Kepler-2001,1,2,2023,Transit,Kepler,1.090011003,0.0197,1.04,,1402,5081,776.55
Kepler-2001 c,Kepler-2001,1,2,2023,Transit,Kepler,14.09258319,0.1084,1.82,,597,5081,776.55
Kepler-201 b,Kepler-201,1,2,2014,Transit,Kepler,25.672083,0.175,2.46,,,6065,636.445
Kepler-201 c,Kepler-201,1,2,2014,Transit,Kepler,151.884058,0.573,2.85,,,6065,636.445
Kepler-202 b,Kepler-202,1,2,2014,Transit,Kepler,4.069427,0.045,1.63,,,4668,285.111
Kepler-202 c,Kepler-202,1,2,2014,Transit,Kepler,16.282493,0.113,1.85,,,4668,285.111
Kepler-203 b,Kepler-203,1,3,2014,Transit,Kepler,3.162697,0.043,2.57,,,5821,703.302
Kepler-203 c,Kepler-203,1,3,2014,Transit,Kepler,5.370647,0.061,2.47,,,5821,703.302
Kepler-203 d,Kepler-203,1,3,2014,Transit,Kepler,11.32972,0.1,1.44,,,5821,703.302
Kepler-204 b,Kepler-204,1,2,2014,Transit,Kepler,14.400974,0.117,2.53,,,5812,686.723
Kepler-204 c,Kepler-204,1,2,2014,Transit,Kepler,25.660593,0.173,1.79,,,5812,686.723
Kepler-205 b,Kepler-205,1,2,2014,Transit,Kepler,2.75564,0.032,1.51,,,4321,159.72
Kepler-205 c,Kepler-205,1,2,2014,Transit,Kepler,20.306546,0.122,1.64,,,4321,159.72
Kepler-206 b,Kepler-206,1,3,2014,Transit,Kepler,7.781987,0.078,1.2,,,5764,594.447
Kepler-206 c,Kepler-206,1,3,2014,Transit,Kepler,13.137471,0.111,1.77,,,5764,594.447
Kepler-206 d,Kepler-206,1,3,2014,Transit,Kepler,23.44281,0.163,1.19,,,5764,594.447
Kepler-207 b,Kepler-207,1,3,2014,Transit,Kepler,1.611865,0.029,1.57,,,5920,875.519
Kepler-207 c,Kepler-207,1,3,2014,Transit,Kepler,3.071571,0.044,1.5,,,5920,875.519
Kepler-207 d,Kepler-207,1,3,2014,Transit,Kepler,5.868075,0.068,3.31,,,5920,875.519
Kepler-208 b,Kepler-208,1,4,2014,Transit,Kepler,4.22864,0.054,1.63,,,6092,775.328
Kepler-208 c,Kepler-208,1,4,2014,Transit,Kepler,7.466623,0.079,1.39,,,6092,775.328
Kepler-208 d,Kepler-208,1,4,2014,Transit,Kepler,11.131786,0.103,1.2,,,6092,775.328
Kepler-208 e,Kepler-208,1,4,2014,Transit,Kepler,16.259458,0.132,1.48,,,6092,775.328
Kepler-209 b,Kepler-209,1,2,2014,Transit,Kepler,16.087845,0.122,2.26,,,5513,576.946
Kepler-209 c,Kepler-209,1,2,2014,Transit,Kepler,41.749882,0.231,3.1,,,5513,576.946
Kepler-21 b,Kepler-21,2,1,2012,Transit,Kepler,2.7858212,0.0434,1.639,7.5,2015,6305,108.522
Kepler-210 b,Kepler-210,1,2,2014,Transit,Kepler,2.453234,0.032,2.94,,,4559,232.75
Kepler-210 c,Kepler-210,1,2,2014,Transit,Kepler,7.972513,0.07,3.62,,,4559,232.75
Kepler-211 b,Kepler-211,1,2,2014,Transit,Kepler,4.138575,0.048,1.26,,,5123,309.353
Kepler-211 c,Kepler-211,1,2,2014,Transit,Kepler,6.04045,0.062,1.29,,,5123,309.353
Kepler-212 b,Kepler-212,1,2,2014,Transit,Kepler,16.257582,0.133,1.09,,,5852,687.194
Kepler-212 c,Kepler-212,1,2,2014,Transit,Kepler,31.805174,0.207,2.74,,,5852,687.194
Kepler-213 b,Kepler-213,1,2,2014,Transit,Kepler,2.46236,0.036,1.62,,,5696,634.939
Kepler-213 c,Kepler-213,1,2,2014,Transit,Kepler,4.822962,0.057,2.34,,,5696,634.939
Kepler-214 b,Kepler-214,1,2,2014,Transit,Kepler,15.660544,0.13,2.61,,,6169,1208.44
Kepler-214 c,Kepler-214,1,2,2014,Transit,Kepler,28.7798,0.194,2.13,,,6169,1208.44
Kepler-215 b,Kepler-215,1,4,2014,Transit,Kepler,9.360672,0.084,1.62,,,5739,485.997
Kepler-215 c,Kepler-215,1,4,2014,Transit,Kepler,14.667108,0.113,1.77,,,5739,485.997
Kepler-215 d,Kepler-215,1,4,2014,Transit,Kepler,30.864423,0.185,2.39,,,5739,485.997
Kepler-215 e,Kepler-215,1,4,2014,Transit,Kepler,68.16101,0.314,1.75,,,5739,485.997
Kepler-216 b,Kepler-216,1,2,2014,Transit,Kepler,7.693641,0.079,2.35,,,6091,1187.47
Kepler-216 c,Kepler-216,1,2,2014,Transit,Kepler,17.406669,0.136,3.04,,,6091,1187.47
Kepler-217 b,Kepler-217,1,3,2014,Transit,Kepler,5.374943,0.065,2.23,,,6171,1104.64
Kepler-217 c,Kepler-217,1,3,2014,Transit,Kepler,8.586004,0.089,1.85,,,6171,1104.64
Kepler-217 d,Kepler-217,1,3,2016,Transit,Kepler,3.88689525,,1.32,,,6341,1104.64
Kepler-218 b,Kepler-218,1,3,2014,Transit,Kepler,3.619337,0.046,1.48,,,5502,656.38
Kepler-218 c,Kepler-218,1,3,2014,Transit,Kepler,44.699576,0.248,3.14,,,5502,656.38
Kepler-218 d,Kepler-218,1,3,2016,Transit,Kepler,124.5244647,,2.66,,,5542,656.38
Kepler-219 b,Kepler-219,1,3,2014,Transit,Kepler,4.585512,0.057,2.95,,,5786,787.07
Kepler-219 c,Kepler-219,1,3,2014,Transit,Kepler,22.714613,0.165,3.58,,,5786,787.07
Kepler-219 d,Kepler-219,1,3,2014,Transit,Kepler,47.903645,0.272,2.81,,,5786,787.07
Kepler-22 b,Kepler-22,1,1,2011,Transit,Kepler,289.863876,0.812,2.1,9.1,279,5596,194.642
Kepler-220 b,Kepler-220,1,4,2014,Transit,Kepler,4.159807,0.046,0.81,,,4632,171.109
Kepler-220 c,Kepler-220,1,4,2014,Transit,Kepler,9.034199,0.076,1.57,,,4632,171.109
Kepler-220 d,Kepler-220,1,4,2014,Transit,Kepler,28.122397,0.163,0.98,,,4632,171.109
Kepler-220 e,Kepler-220,1,4,2014,Transit,Kepler,45.902733,0.226,1.33,,,4632,171.109
Kepler-221 b,Kepler-221,1,4,2014,Transit,Kepler,2.795906,0.037,1.71,,,5243,385.231
Kepler-221 c,Kepler-221,1,4,2014,Transit,Kepler,5.690586,0.059,2.93,,,5243,385.231
Kepler-221 d,Kepler-221,1,4,2014,Transit,Kepler,10.04156,0.087,2.73,,,5243,385.231
Kepler-221 e,Kepler-221,1,4,2014,Transit,Kepler,18.369917,0.13,2.63,,,5243,385.231
Kepler-222 b,Kepler-222,1,3,2014,Transit,Kepler,3.936981,0.048,3.16,,,5433,758.854
Kepler-222 c,Kepler-222,1,3,2014,Transit,Kepler,10.08881,0.091,4.64,,,5433,758.854
Kepler-222 d,Kepler-222,1,3,2014,Transit,Kepler,28.081912,0.18,3.69,,,5433,758.854
Kepler-223 b,Kepler-223,1,4,2014,Transit,Kepler,7.38449,,2.99,7.4,,,1859.71
Kepler-223 c,Kepler-223,1,4,2014,Transit,Kepler,9.84564,,3.44,5.1,,,1859.71
Kepler-223 d,Kepler-223,1,4,2014,Transit,Kepler,14.78869,,5.24,8,,,1859.71
Kepler-223 e,Kepler-223,1,4,2014,Transit,Kepler,19.72567,,4.6,4.8,,,1859.71
Kepler-224 b,Kepler-224,1,4,2014,Transit,Kepler,3.132924,0.038,1.39,,,5018,782.088
Kepler-224 c,Kepler-224,1,4,2014,Transit,Kepler,5.925003,0.058,3.12,,,5018,782.088
Kepler-224 d,Kepler-224,1,4,2014,Transit,Kepler,11.349393,0.089,2.3,,,5018,782.088
Kepler-224 e,Kepler-224,1,4,2014,Transit,Kepler,18.643577,0.124,1.97,,,5018,782.088
Kepler-225 b,Kepler-225,1,2,2014,Transit,Kepler,6.738975,0.056,1.2,,,3682,561.101
Kepler-225 c,Kepler-225,1,2,2014,Transit,Kepler,18.794234,0.111,1.84,,,3682,561.101
Kepler-226 b,Kepler-226,1,3,2014,Transit,Kepler,3.940997,0.047,1.55,,,5571,980.138
Kepler-226 c,Kepler-226,1,3,2014,Transit,Kepler,5.349555,0.058,2.27,,,5571,980.138
Kepler-226 d,Kepler-226,1,3,2014,Transit,Kepler,8.109044,0.076,1.22,,,5571,980.138
Kepler-227 b,Kepler-227,1,2,2014,Transit,Kepler,9.488015,0.09,3.11,,,5854,1083.06
Kepler-227 c,Kepler-227,1,2,2014,Transit,Kepler,54.418694,0.29,3.04,,,5854,1083.06
Kepler-228 b,Kepler-228,1,3,2014,Transit,Kepler,2.566546,0.038,1.53,,,6043,1644.61
Kepler-228 c,Kepler-228,1,3,2014,Transit,Kepler,4.134444,0.052,2.7,,,6043,1644.61
Kepler-228 d,Kepler-228,1,3,2014,Transit,Kepler,11.094286,0.101,4.04,,,6043,1644.61
Kepler-229 b,Kepler-229,1,3,2014,Transit,Kepler,6.252972,0.062,2.2,,,5120,826.265
Kepler-229 c,Kepler-229,1,3,2014,Transit,Kepler,16.068638,0.117,4.92,,,5120,826.265
Kepler-229 d,Kepler-229,1,3,2014,Transit,Kepler,41.194912,0.22,3.85,,,5120,826.265
Kepler-23 b,Kepler-23,1,3,2011,Transit,Kepler,7.1,,1.638,2.56,,5828,835.756
Kepler-23 c,Kepler-23,1,3,2011,Transit,Kepler,10.74,,3.005,7.81,,5828,835.756
Kepler-23 d,Kepler-23,1,3,2014,Transit,Kepler,15.27,,2.206,4.44,,5828,835.756
Kepler-230 b,Kepler-230,1,2,2014,Transit,Kepler,32.625555,0.191,4.26,,,5588,740.754
Kepler-230 c,Kepler-230,1,2,2014,Transit,Kepler,91.773242,0.38,2.04,,,5588,740.754
Kepler-231 b,Kepler-231,1,2,2014,Transit,Kepler,10.065275,0.074,1.73,,,3767,316.618
Kepler-231 c,Kepler-231,1,2,2014,Transit,Kepler,19.271566,0.114,1.93,,,3767,316.618
Kepler-232 b,Kepler-232,1,2,2014,Transit,Kepler,4.431222,0.054,3.08,,,5847,1349.13
Kepler-232 c,Kepler-232,1,2,2014,Transit,Kepler,11.379349,0.101,3.83,,,5847,1349.13
Kepler-233 b,Kepler-233,1,2,2014,Transit,Kepler,8.472382,0.077,2.43,,,5360,856.417
Kepler-233 c,Kepler-233,1,2,2014,Transit,Kepler,60.418955,0.287,2.71,,,5360,856.417
Kepler-234 b,Kepler-234,1,2,2014,Transit,Kepler,2.711506,0.04,3.7,,,6224,1733.1
Kepler-234 c,Kepler-234,1,2,2014,Transit,Kepler,7.21205,0.077,3.51,,,6224,1733.1
Kepler-235 b,Kepler-235,1,4,2014,Transit,Kepler,3.340222,0.037,2.23,,,4255,428.018
Kepler-235 c,Kepler-235,1,4,2014,Transit,Kepler,7.824904,0.065,1.28,,,4255,428.018
Kepler-235 d,Kepler-235,1,4,2014,Transit,Kepler,20.060548,0.122,2.05,,,4255,428.018
Kepler-235 e,Kepler-235,1,4,2014,Transit,Kepler,46.183669,0.213,2.22,,,4255,428.018
Kepler-236 b,Kepler-236,1,2,2014,Transit,Kepler,8.295611,0.065,1.57,,,3750,288.763
Kepler-236 c,Kepler-236,1,2,2014,Transit,Kepler,23.968127,0.132,2,,,3750,288.763
Kepler-237 b,Kepler-237,1,2,2014,Transit,Kepler,4.715106,0.05,1.41,,,4861,657.822
Kepler-237 c,Kepler-237,1,2,2014,Transit,Kepler,8.103636,0.071,2.08,,,4861,657.822
Kepler-238 b,Kepler-238,1,5,2014,Transit,Kepler,2.090876,0.034,1.73,,,5751,1798.75
Kepler-238 c,Kepler-238,1,5,2014,Transit,Kepler,6.155557,0.069,2.39,,,5751,1798.75
Kepler-238 d,Kepler-238,1,5,2014,Transit,Kepler,13.233549,0.115,3.07,,,5751,1798.75
Kepler-238 e,Kepler-238,1,5,2013,Transit,Kepler,23.654,,5.6,169.7,,,1798.75
Kepler-238 f,Kepler-238,1,5,2013,Transit,Kepler,50.447,,2,13.5,,,1798.75
Kepler-239 b,Kepler-239,1,2,2014,Transit,Kepler,11.763051,0.095,2.33,,,4914,648.109
Kepler-239 c,Kepler-239,1,2,2014,Transit,Kepler,56.228098,0.268,2.51,,,4914,648.109
Kepler-24 b,Kepler-24,1,4,2011,Transit,Kepler,8.14,,2.348,11.14,,6028,1156.81
Kepler-24 c,Kepler-24,1,4,2011,Transit,Kepler,12.33,,2.514,9.99,,6028,1156.81
Kepler-24 d,Kepler-24,1,4,2014,Transit,Kepler,4.244384,0.051,1.67,,,5897,1156.81
Kepler-24 e,Kepler-24,1,4,2014,Transit,Kepler,18.998355,0.138,2.78,,,5897,1156.81
Kepler-240 b,Kepler-240,1,2,2014,Transit,Kepler,4.144495,0.048,1.37,,,4985,746.927
Kepler-240 c,Kepler-240,1,2,2014,Transit,Kepler,7.953528,0.074,2.2,,,4985,746.927
Kepler-241 b,Kepler-241,1,2,2014,Transit,Kepler,12.718092,0.094,2.33,,,4699,
Kepler-241 c,Kepler-241,1,2,2014,Transit,Kepler,36.065978,0.189,2.57,,,4699,
Kepler-242 b,Kepler-242,1,2,2014,Transit,Kepler,8.20395,0.075,2.61,,,5020,600.241
Kepler-242 c,Kepler-242,1,2,2014,Transit,Kepler,14.496481,0.109,2,,,5020,600.241
Kepler-243 b,Kepler-243,1,2,2014,Transit,Kepler,5.715442,0.062,2.45,,,5228,693.86
Kepler-243 c,Kepler-243,1,2,2014,Transit,Kepler,20.026218,0.142,1.99,,,5228,693.86
Kepler-244 b,Kepler-244,1,3,2014,Transit,Kepler,4.311792,0.05,2.76,,,5554,1036.49
Kepler-244 c,Kepler-244,1,3,2014,Transit,Kepler,9.767292,0.087,2.05,,,5554,1036.49
Kepler-244 d,Kepler-244,1,3,2014,Transit,Kepler,20.050401,0.14,2.31,,,5554,1036.49
Kepler-245 b,Kepler-245,1,4,2014,Transit,Kepler,7.49019,0.071,2.57,,,5100,861.527
Kepler-245 c,Kepler-245,1,4,2014,Transit,Kepler,17.460812,0.124,2.18,,,5100,861.527
Kepler-245 d,Kepler-245,1,4,2014,Transit,Kepler,36.277108,0.202,3.03,,,5100,861.527
Kepler-245 e,Kepler-245,1,4,2016,Transit,Kepler,3.219821056,,1.75,,,5174,861.527
Kepler-246 b,Kepler-246,1,2,2014,Transit,Kepler,4.60182,0.052,2.34,,,5206,626.078
Kepler-246 c,Kepler-246,1,2,2014,Transit,Kepler,11.187161,0.095,1.5,,,5206,626.078
Kepler-247 b,Kepler-247,1,4,2014,Transit,Kepler,3.33616,0.042,1.64,,,5100,663.711
Kepler-247 c,Kepler-247,1,4,2014,Transit,Kepler,9.439452,0.084,4.09,,,5100,663.711
Kepler-247 d,Kepler-247,1,4,2014,Transit,Kepler,20.4737,,4.5,50,,5094,663.711
Kepler-248 b,Kepler-248,1,2,2014,Transit,Kepler,6.308205,0.066,3.02,,,5190,738.792
Kepler-248 c,Kepler-248,1,2,2014,Transit,Kepler,16.239494,0.123,4.07,,,5190,738.792
Kepler-249 b,Kepler-249,1,3,2014,Transit,Kepler,3.306539,0.035,1.09,,,3568,190.401
Kepler-249 c,Kepler-249,1,3,2014,Transit,Kepler,7.113702,0.058,1.51,,,3568,190.401
Kepler-249 d,Kepler-249,1,3,2014,Transit,Kepler,15.368459,0.097,1.57,,,3568,190.401
Kepler-25 b,Kepler-25,2,3,2011,Transit,Kepler,6.238297,,2.748,8.7,,,243.249
Kepler-25 c,Kepler-25,2,3,2011,Transit,Kepler,12.7207,,5.217,15.2,,,243.249
Kepler-25 d,Kepler-25,2,3,2014,Radial Velocity,W. M. Keck Observatory,122.4,,,71.9,,,243.249
Kepler-250 b,Kepler-250,1,3,2014,Transit,Kepler,4.148141,0.048,1.13,,,5160,760.585
Kepler-250 c,Kepler-250,1,3,2014,Transit,Kepler,7.156804,0.069,2.28,,,5160,760.585
Kepler-250 d,Kepler-250,1,3,2014,Transit,Kepler,17.648312,0.127,2.18,,,5160,760.585
Kepler-251 b,Kepler-251,1,4,2014,Transit,Kepler,4.790936,0.053,1.33,,,5526,924.625
Kepler-251 c,Kepler-251,1,4,2014,Transit,Kepler,16.514043,0.122,2.77,,,5526,924.625
Kepler-251 d,Kepler-251,1,4,2014,Transit,Kepler,30.133001,0.182,2.77,,,5526,924.625
Kepler-251 e,Kepler-251,1,4,2014,Transit,Kepler,99.640161,0.404,2.77,,,5526,924.625
Kepler-252 b,Kepler-252,1,2,2014,Transit,Kepler,6.668391,0.058,1.23,,,4208,379.424
Kepler-252 c,Kepler-252,1,2,2014,Transit,Kepler,10.848463,0.08,2.15,,,4208,379.424
Kepler-253 b,Kepler-253,1,3,2014,Transit,Kepler,3.783986,0.046,1.63,,,5208,838.595
Kepler-253 c,Kepler-253,1,3,2014,Transit,Kepler,10.281951,0.089,2.65,,,5208,838.595
Kepler-253 d,Kepler-253,1,3,2014,Transit,Kepler,18.119869,0.13,3.17,,,5208,838.595
Kepler-254 b,Kepler-254,1,3,2014,Transit,Kepler,5.826662,0.064,3.87,,,5957,1389.48
Kepler-254 c,Kepler-254,1,3,2014,Transit,Kepler,12.412183,0.105,2.15,,,5957,1389.48
Kepler-254 d,Kepler-254,1,3,2014,Transit,Kepler,18.746477,0.139,2.5,,,5957,1389.48
Kepler-255 b,Kepler-255,1,3,2014,Transit,Kepler,5.714606,0.063,1.55,,,5573,1052.53
Kepler-255 c,Kepler-255,1,3,2014,Transit,Kepler,9.946047,0.092,2.99,,,5573,1052.53
Kepler-255 d,Kepler-255,1,3,2016,Transit,Kepler,1.045622658,,1.32,,,5431,1052.53
Kepler-256 b,Kepler-256,1,4,2014,Transit,Kepler,1.620493,0.027,1.59,,,5551,1026.43
Kepler-256 c,Kepler-256,1,4,2014,Transit,Kepler,3.38802,0.045,2.15,,,5551,1026.43
Kepler-256 d,Kepler-256,1,4,2014,Transit,Kepler,5.839172,0.064,2.48,,,5551,1026.43
Kepler-256 e,Kepler-256,1,4,2014,Transit,Kepler,10.681572,0.096,2.35,,,5551,1026.43
Kepler-257 b,Kepler-257,1,3,2014,Transit,Kepler,2.382667,0.034,2.61,,,5180,780.256
Kepler-257 c,Kepler-257,1,3,2014,Transit,Kepler,6.581484,0.066,5.41,,,5180,780.256
Kepler-257 d,Kepler-257,1,3,2014,Transit,Kepler,24.664551,0.16,4.95,,,5180,780.256
Kepler-258 b,Kepler-258,1,2,2014,Transit,Kepler,13.19722,0.103,4.06,,,4942,575.988
Kepler-258 c,Kepler-258,1,2,2014,Transit,Kepler,33.653079,0.193,3.61,,,4942,575.988
Kepler-259 b,Kepler-259,1,2,2014,Transit,Kepler,8.115317,0.079,2.8,,,5938,1002.14
Kepler-259 c,Kepler-259,1,2,2014,Transit,Kepler,36.924931,0.217,2.7,,,5938,1002.14
Kepler-26 b,Kepler-26,1,4,2011,Transit,Kepler,12.28,,2.78,5.12,,3914,335.307
Kepler-26 c,Kepler-26,1,4,2011,Transit,Kepler,17.2559,,2.72,6.2,,3914,335.307
Kepler-26 d,Kepler-26,1,4,2014,Transit,Kepler,3.543919,0.039,1.07,,,4486,335.307
Kepler-26 e,Kepler-26,1,4,2014,Transit,Kepler,46.827915,0.22,2.41,,,4486,335.307
Kepler-260 b,Kepler-260,1,2,2014,Transit,Kepler,8.187399,0.075,2.01,,,5250,627.365
Kepler-260 c,Kepler-260,1,2,2014,Transit,Kepler,76.050178,0.332,1.74,,,5250,627.365
Kepler-261 b,Kepler-261,1,2,2014,Transit,Kepler,10.381227,0.088,2.18,,,5098,317.499
Kepler-261 c,Kepler-261,1,2,2014,Transit,Kepler,24.570858,0.156,2,,,5098,317.499
Kepler-262 b,Kepler-262,1,2,2014,Transit,Kepler,13.060855,0.108,1.36,,,5841,613.129
Kepler-262 c,Kepler-262,1,2,2014,Transit,Kepler,21.853722,0.152,1.64,,,5841,613.129
Kepler-263 b,Kepler-263,1,2,2014,Transit,Kepler,16.568087,0.12,2.67,,,5265,754.747
Kepler-263 c,Kepler-263,1,2,2014,Transit,Kepler,47.332773,0.242,2.47,,,5265,754.747
Kepler-264 b,Kepler-264,1,2,2014,Transit,Kepler,40.806231,0.249,3.33,,,6158,942.173
Kepler-264 c,Kepler-264,1,2,2014,Transit,Kepler,140.101261,0.566,2.83,,,6158,942.173
Kepler-265 b,Kepler-265,1,4,2014,Transit,Kepler,6.846262,0.069,1.86,,,5835,1280.25
Kepler-265 c,Kepler-265,1,4,2014,Transit,Kepler,17.028937,0.127,2.63,,,5835,1280.25
Kepler-265 d,Kepler-265,1,4,2014,Transit,Kepler,43.130617,0.236,2.49,,,5835,1280.25
Kepler-265 e,Kepler-265,1,4,2014,Transit,Kepler,67.831024,0.319,2.59,,,5835,1280.25
Kepler-266 b,Kepler-266,1,2,2014,Transit,Kepler,6.61833,0.071,2.48,,,5885,1370.79
Kepler-266 c,Kepler-266,1,2,2014,Transit,Kepler,107.723601,0.457,3.89,,,5885,1370.79
Kepler-267 b,Kepler-267,1,3,2014,Transit,Kepler,3.353728,0.037,1.98,,,4258,264.993
Kepler-267 c,Kepler-267,1,3,2014,Transit,Kepler,6.87745,0.06,2.13,,,4258,264.993
Kepler-267 d,Kepler-267,1,3,2014,Transit,Kepler,28.464515,0.154,2.27,,,4258,264.993
Kepler-268 b,Kepler-268,1,2,2014,Transit,Kepler,25.934138,0.18,2.55,,,6081,851.87
Kepler-268 c,Kepler-268,1,2,2014,Transit,Kepler,83.446393,0.391,3.38,,,6081,851.87
Kepler-269 b,Kepler-269,1,2,2014,Transit,Kepler,5.326718,0.061,2.47,,,5847,2257.32
Kepler-269 c,Kepler-269,1,2,2014,Transit,Kepler,8.127899,0.081,1.69,,,5847,2257.32
Kepler-27 b,Kepler-27,1,3,2011,Transit,Kepler,15.3348,0.118,4,2895.31,,5400,1044.36
Kepler-27 c,Kepler-27,1,3,2011,Transit,Kepler,31.3309,0.191,4.9,4385.87,,5400,1044.36
Kepler-27 d,Kepler-27,1,3,2021,Transit,Kepler,6.546289921,,2.7061946,,,5251,1044.36
Kepler-270 b,Kepler-270,1,2,2014,Transit,Kepler,11.476094,0.107,2.01,,,6067,948.781
Kepler-270 c,Kepler-270,1,2,2014,Transit,Kepler,25.262887,0.18,1.77,,,6067,948.781
Kepler-271 b,Kepler-271,1,3,2014,Transit,Kepler,10.43547805,,1.23,,,5555,404.542
Kepler-271 c,Kepler-271,1,3,2014,Transit,Kepler,7.41086267,,0.95,,,5555,404.542
Kepler-271 d,Kepler-271,1,3,2016,Transit,Kepler,5.24972541,,0.66,,,5555,404.542
Kepler-272 b,Kepler-272,1,3,2014,Transit,Kepler,2.971353,0.038,1.43,,,5297,889.608
Kepler-272 c,Kepler-272,1,3,2014,Transit,Kepler,6.057342,0.061,1.79,,,5297,889.608
Kepler-272 d,Kepler-272,1,3,2014,Transit,Kepler,10.937304,0.091,2.25,,,5297,889.608
Kepler-273 b,Kepler-273,1,2,2014,Transit,Kepler,2.936532,0.037,1.5,,,5626,713.964
Kepler-273 c,Kepler-273,1,2,2014,Transit,Kepler,8.014927,0.073,1.98,,,5626,713.964
Kepler-274 b,Kepler-274,1,2,2014,Transit,Kepler,11.634788,0.101,1.54,,,6023,1333.62
Kepler-274 c,Kepler-274,1,2,2014,Transit,Kepler,33.197861,0.204,1.84,,,6023,1333.62
Kepler-275 b,Kepler-275,1,3,2014,Transit,Kepler,10.300682,0.098,2.34,,,6165,2034.25
Kepler-275 c,Kepler-275,1,3,2014,Transit,Kepler,16.088134,0.132,3.38,,,6165,2034.25
Kepler-275 d,Kepler-275,1,3,2014,Transit,Kepler,35.676062,0.224,3.33,,,6165,2034.25
Kepler-276 b,Kepler-276,1,3,2014,Transit,Kepler,14.12841,0.119,2.87,,,6105,1144.86
Kepler-276 c,Kepler-276,1,3,2013,Transit,Kepler,31.884,,2.9,16.6,,,1144.86
Kepler-276 d,Kepler-276,1,3,2013,Transit,Kepler,48.648,,2.8,16.3,,,1144.86
Kepler-277 b,Kepler-277,1,2,2013,Transit,Kepler,17.324,,2.92,87.3,,,976.643
Kepler-277 c,Kepler-277,1,2,2013,Transit,Kepler,33.006,,3.36,64.2,,,976.643
Kepler-278 b,Kepler-278,1,2,2014,Transit,Kepler,30.1556,0.202,3.955,56,586,4965,443.03
Kepler-278 c,Kepler-278,1,2,2014,Transit,Kepler,51.111,0.287,3.268,34.9,492,4965,443.03
Kepler-279 b,Kepler-279,1,4,2014,Transit,Kepler,12.309681,0.112,3.62,,,6363,1037.4
Kepler-279 c,Kepler-279,1,4,2013,Transit,Kepler,35.736,,4.3,49.4,,,1037.4
Kepler-279 d,Kepler-279,1,4,2013,Transit,Kepler,54.414,,3.1,37.5,,,1037.4
Kepler-279 e,Kepler-279,1,4,2025,Transit,Kepler,98.3531,,,56,,,1037.4
Kepler-28 b,Kepler-28,1,2,2011,Transit,Kepler,5.91,,1.959,1.63,,4499.3,438.359
Kepler-28 c,Kepler-28,1,2,2011,Transit,Kepler,8.99,,1.857,2.06,,4499.3,438.359
Kepler-280 b,Kepler-280,1,2,2014,Transit,Kepler,2.139542,0.032,1.45,,,5744,780.361
Kepler-280 c,Kepler-280,1,2,2014,Transit,Kepler,4.807091,0.056,2.01,,,5744,780.361
Kepler-281 b,Kepler-281,1,3,2014,Transit,Kepler,14.646008,0.117,2.82,,,5723,1745.45
Kepler-281 c,Kepler-281,1,3,2014,Transit,Kepler,36.337373,0.215,5.31,,,5723,1745.45
Kepler-281 d,Kepler-281,1,3,2021,Transit,Kepler,148.2720032,,5.93747806,,,5717,1745.45
Kepler-282 b,Kepler-282,1,4,2014,Transit,Kepler,9.220524,0.082,1.01,,,5602,1337.61
Kepler-282 c,Kepler-282,1,4,2014,Transit,Kepler,13.638723,0.106,1.2,,,5602,1337.61
Kepler-282 d,Kepler-282,1,4,2013,Transit,Kepler,24.806,,2.46,61,,,1337.61
Kepler-282 e,Kepler-282,1,4,2013,Transit,Kepler,44.347,,3.1,56.2,,,1337.61
Kepler-283 b,Kepler-283,1,2,2014,Transit,Kepler,11.008151,0.082,2.13,,,4351,468.094
Kepler-283 c,Kepler-283,1,2,2014,Transit,Kepler,92.743711,0.341,1.82,,,4351,468.094
Kepler-284 b,Kepler-284,1,2,2014,Transit,Kepler,12.699149,0.104,2.24,,,5615,1031.95
Kepler-284 c,Kepler-284,1,2,2014,Transit,Kepler,37.514456,0.213,2.61,,,5615,1031.95
Kepler-285 b,Kepler-285,1,2,2014,Transit,Kepler,2.633867,0.036,1.34,,,5411,824.31
Kepler-285 c,Kepler-285,1,2,2014,Transit,Kepler,6.186676,0.064,1.12,,,5411,824.31
Kepler-286 b,Kepler-286,1,4,2014,Transit,Kepler,1.796302,0.027,1.24,,,5580,1226.85
Kepler-286 c,Kepler-286,1,4,2014,Transit,Kepler,3.468095,0.042,1.37,,,5580,1226.85
Kepler-286 d,Kepler-286,1,4,2014,Transit,Kepler,5.914323,0.061,1.33,,,5580,1226.85
Kepler-286 e,Kepler-286,1,4,2014,Transit,Kepler,29.221289,0.176,1.77,,,5580,1226.85
Kepler-287 b,Kepler-287,1,2,2014,Transit,Kepler,20.342199,0.145,2.33,,,5806,835.86
Kepler-287 c,Kepler-287,1,2,2014,Transit,Kepler,44.851896,0.246,3.26,,,5806,835.86
Kepler-288 b,Kepler-288,1,3,2014,Transit,Kepler,6.097326,0.065,1.67,,,5918,1194.15
Kepler-288 c,Kepler-288,1,3,2014,Transit,Kepler,19.305772,0.14,2.85,,,5918,1194.15
Kepler-288 d,Kepler-288,1,3,2014,Transit,Kepler,56.633742,0.287,2.67,,,5918,1194.15
Kepler-289 b,Kepler-289,1,4,2014,Transit,Kepler,34.5383,,2.49,3.7,,5990,704.438
Kepler-289 c,Kepler-289,1,4,2014,Transit,Kepler,125.8723,,11.23,157.18,,5990,704.438
Kepler-289 d,Kepler-289,1,4,2014,Transit,Kepler,66.0282,,3.03,5.33,,5990,704.438
Kepler-289 e,Kepler-289,1,4,2025,Transit,Kepler,330.0716,,,17.4,,,704.438
Kepler-29 b,Kepler-29,1,2,2011,Transit,Kepler,10.33974,,2.55,5,,5378,832.532
Kepler-29 c,Kepler-29,1,2,2011,Transit,Kepler,13.28613,,2.34,4.5,,5378,832.532
Kepler-290 b,Kepler-290,1,3,2014,Transit,Kepler,14.589347,0.11,2.25,,,5147,694.627
Kepler-290 c,Kepler-290,1,3,2014,Transit,Kepler,36.77031,0.205,2.7,,,5147,694.627
Kepler-290 d,Kepler-290,1,3,2023,Transit,Kepler,0.764017553,0.0154,0.86,,1589,5142,694.627
Kepler-291 b,Kepler-291,1,2,2014,Transit,Kepler,3.546511,0.047,2.16,,,6002,1786.48
Kepler-291 c,Kepler-291,1,2,2014,Transit,Kepler,5.700786,0.065,1.88,,,6002,1786.48
Kepler-292 b,Kepler-292,1,5,2014,Transit,Kepler,2.580827,0.035,1.32,,,5299,1056.48
Kepler-292 c,Kepler-292,1,5,2014,Transit,Kepler,3.715335,0.045,1.47,,,5299,1056.48
Kepler-292 d,Kepler-292,1,5,2014,Transit,Kepler,7.055679,0.068,2.23,,,5299,1056.48
Kepler-292 e,Kepler-292,1,5,2014,Transit,Kepler,11.97901,0.097,2.67,,,5299,1056.48
Kepler-292 f,Kepler-292,1,5,2014,Transit,Kepler,20.834237,0.141,2.35,,,5299,1056.48
Kepler-293 b,Kepler-293,1,2,2014,Transit,Kepler,19.254196,0.144,3.07,,,5804,974.633
Kepler-293 c,Kepler-293,1,2,2014,Transit,Kepler,54.155743,0.286,3.83,,,5804,974.633
Kepler-294 b,Kepler-294,1,2,2014,Transit,Kepler,3.701212,0.048,1.77,,,5913,1357.01
Kepler-294 c,Kepler-294,1,2,2014,Transit,Kepler,6.6264,0.071,2.71,,,5913,1357.01
Kepler-295 b,Kepler-295,1,3,2014,Transit,Kepler,12.645164,0.099,1.22,,,5603,1699.19
Kepler-295 c,Kepler-295,1,3,2014,Transit,Kepler,21.526258,0.142,1.17,,,5603,1699.19
Kepler-295 d,Kepler-295,1,3,2014,Transit,Kepler,33.884054,0.192,1.36,,,5603,1699.19
Kepler-296 b,Kepler-296,2,5,2014,Transit,Kepler,10.864384,0.079,1.61,,,3740,
Kepler-296 c,Kepler-296,2,5,2014,Transit,Kepler,5.8416366,0.0521,2,,,3740,
Kepler-296 d,Kepler-296,2,5,2014,Transit,Kepler,19.850291,0.118,2.09,,,3740,
Kepler-296 e,Kepler-296,2,5,2014,Transit,Kepler,34.14211,0.169,1.53,,,3740,
Kepler-296 f,Kepler-296,2,5,2014,Transit,Kepler,63.33627,0.255,1.8,,,3740,
Kepler-297 b,Kepler-297,1,3,2014,Transit,Kepler,38.871826,0.217,2.87,,,5619,692.14
Kepler-297 c,Kepler-297,1,3,2014,Transit,Kepler,74.920137,0.336,6.54,,,5619,692.14
Kepler-297 d,Kepler-297,1,3,2023,Transit,Kepler,150.0189511,0.523,32.6,,325,5618,692.14
Kepler-298 b,Kepler-298,1,3,2014,Transit,Kepler,10.475464,0.08,1.96,,,4465,518.204
Kepler-298 c,Kepler-298,1,3,2014,Transit,Kepler,22.92881,0.136,1.93,,,4465,518.204
Kepler-298 d,Kepler-298,1,3,2014,Transit,Kepler,77.473633,0.305,2.5,,,4465,518.204
Kepler-299 b,Kepler-299,1,4,2014,Transit,Kepler,2.927128,0.04,1.32,,,5617,1052.24
Kepler-299 c,Kepler-299,1,4,2014,Transit,Kepler,6.885875,0.07,2.65,,,5617,1052.24
Kepler-299 d,Kepler-299,1,4,2014,Transit,Kepler,15.054786,0.118,1.86,,,5617,1052.24
Kepler-299 e,Kepler-299,1,4,2014,Transit,Kepler,38.285489,0.22,1.87,,,5617,1052.24
Kepler-30 b,Kepler-30,1,3,2012,Transit,Kepler,29.33434,0.18,3.9,11.3,,5498,914.221
Kepler-30 c,Kepler-30,1,3,2012,Transit,Kepler,60.323105,0.3,12.3,640,,5498,914.221
Kepler-30 d,Kepler-30,1,3,2012,Transit,Kepler,143.34394,0.5,8.8,23.1,,5498,914.221
Kepler-300 b,Kepler-300,1,2,2014,Transit,Kepler,10.446347,0.094,1.67,,,5986,1098.45
Kepler-300 c,Kepler-300,1,2,2014,Transit,Kepler,40.714955,0.232,2.25,,,5986,1098.45
Kepler-301 b,Kepler-301,1,3,2014,Transit,Kepler,2.508553,0.036,1.35,,,5815,719.166
Kepler-301 c,Kepler-301,1,3,2014,Transit,Kepler,5.419026,0.06,1.35,,,5815,719.166
Kepler-301 d,Kepler-301,1,3,2014,Transit,Kepler,13.751243,0.112,1.75,,,5815,719.166
Kepler-302 b,Kepler-302,1,2,2014,Transit,Kepler,30.184104,0.193,4.06,,,5740,1402.58
Kepler-302 c,Kepler-302,1,2,2014,Transit,Kepler,127.282184,0.503,12.45,,,5740,1402.58
Kepler-303 b,Kepler-303,1,2,2014,Transit,Kepler,1.937055,0.024,0.89,,,3944,209.738
Kepler-303 c,Kepler-303,1,2,2014,Transit,Kepler,7.061149,0.057,1.14,,,3944,209.738
Kepler-304 b,Kepler-304,1,4,2014,Transit,Kepler,3.295709,0.039,2.86,,,4731,434.684
Kepler-304 c,Kepler-304,1,4,2014,Transit,Kepler,5.315946,0.054,2.17,,,4731,434.684
Kepler-304 d,Kepler-304,1,4,2014,Transit,Kepler,9.653471,0.08,2.75,,,4731,434.684
Kepler-304 e,Kepler-304,1,4,2016,Transit,Kepler,1.499146953,,1.2,,,4817,434.684
Kepler-305 b,Kepler-305,1,4,2013,Transit,Kepler,5.487,,3.6,10.5,,,868.477
Kepler-305 c,Kepler-305,1,4,2013,Transit,Kepler,8.291,,3.3,6,,,868.477
Kepler-305 d,Kepler-305,1,4,2014,Transit,Kepler,16.74,,2.76,6.2,,5090,868.477
Kepler-305 e,Kepler-305,1,4,2020,Transit,Kepler,3.20538,,1.7938153,,,4974,868.477
Kepler-306 b,Kepler-306,1,4,2014,Transit,Kepler,4.646186,0.05,1.52,,,4954,775.679
Kepler-306 c,Kepler-306,1,4,2014,Transit,Kepler,7.240193,0.067,2.35,,,4954,775.679
Kepler-306 d,Kepler-306,1,4,2014,Transit,Kepler,17.326644,0.12,2.47,,,4954,775.679
Kepler-306 e,Kepler-306,1,4,2014,Transit,Kepler,44.840975,0.227,2.27,,,4954,775.679
Kepler-307 b,Kepler-307,1,2,2013,Transit,Kepler,10.4208,,2.43,7.44,,5367,575.581
Kepler-307 c,Kepler-307,1,2,2013,Transit,Kepler,13.0729,,2.2,3.64,,5367,575.581
Kepler-308 b,Kepler-308,1,2,2014,Transit,Kepler,9.694928,0.09,2.12,,,5895,1335.92
Kepler-308 c,Kepler-308,1,2,2014,Transit,Kepler,15.38231,0.123,2.16,,,5895,1335.92
Kepler-309 b,Kepler-309,1,2,2014,Transit,Kepler,5.923653,0.059,1.56,,,4713,544.568
Kepler-309 c,Kepler-309,1,2,2014,Transit,Kepler,105.356383,0.401,2.51,,,4713,544.568
Kepler-31 b,Kepler-31,1,3,2011,Transit,Kepler,20.8613,0.16,5.5,,,6340,1664.64
Kepler-31 c,Kepler-31,1,3,2011,Transit,Kepler,42.6318,0.26,5.3,1493.7,,6340,1664.64
Kepler-31 d,Kepler-31,1,3,2014,Transit,Kepler,87.6451,0.4,3.9,2161.244,,6340,1664.64
Kepler-310 b,Kepler-310,1,3,2014,Transit,Kepler,13.930698,0.111,1.19,,,5797,602.268
Kepler-310 c,Kepler-310,1,3,2014,Transit,Kepler,56.47542,0.281,3.38,,,5797,602.268
Kepler-310 d,Kepler-310,1,3,2014,Transit,Kepler,92.876125,0.392,2.47,,,5797,602.268
Kepler-311 b,Kepler-311,1,3,2014,Transit,Kepler,9.176092,0.087,1.7,,,5905,778.654
Kepler-311 c,Kepler-311,1,3,2014,Transit,Kepler,19.738286,0.145,1.43,,,5905,778.654
Kepler-311 d,Kepler-311,1,3,2023,Transit,Kepler,232.040326,0.7326,2.05,,327,5903,778.654
Kepler-312 b,Kepler-312,1,2,2014,Transit,Kepler,1.772419,0.031,1.29,,,6115,797.72
Kepler-312 c,Kepler-312,1,2,2014,Transit,Kepler,19.747412,0.153,3.15,,,6115,797.72
Kepler-313 b,Kepler-313,1,2,2014,Transit,Kepler,14.970418,0.125,2.53,,,5727,
Kepler-313 c,Kepler-313,1,2,2014,Transit,Kepler,32.273273,0.208,2.57,,,5727,
Kepler-314 b,Kepler-314,1,2,2014,Transit,Kepler,2.461069,0.035,0.83,,,5378,268.881
Kepler-314 c,Kepler-314,1,2,2014,Transit,Kepler,5.960392,0.064,2.9,,,5378,268.881
Kepler-315 b,Kepler-315,1,2,2014,Transit,Kepler,96.101141,0.402,3.77,,,5796,1160.63
Kepler-315 c,Kepler-315,1,2,2014,Transit,Kepler,265.469335,0.791,4.15,,,5796,1160.63
Kepler-316 b,Kepler-316,1,2,2014,Transit,Kepler,2.240508,0.027,1.06,,,4204,384.938
Kepler-316 c,Kepler-316,1,2,2014,Transit,Kepler,6.827766,0.058,1.16,,,4204,384.938
Kepler-317 b,Kepler-317,1,2,2014,Transit,Kepler,5.524242,0.061,2.09,,,5497,940.584
Kepler-317 c,Kepler-317,1,2,2014,Transit,Kepler,8.77501,0.083,1.72,,,5497,940.584
Kepler-318 b,Kepler-318,1,2,2014,Transit,Kepler,4.662715,0.056,4.71,,,5746,489.141
Kepler-318 c,Kepler-318,1,2,2014,Transit,Kepler,11.815007,0.105,3.68,,,5746,489.141
Kepler-319 b,Kepler-319,1,3,2014,Transit,Kepler,4.362705,0.051,1.63,,,5526,503.436
Kepler-319 c,Kepler-319,1,3,2014,Transit,Kepler,6.941357,0.069,2.63,,,5526,503.436
Kepler-319 d,Kepler-319,1,3,2014,Transit,Kepler,31.781925,0.191,2.29,,,5526,503.436
Kepler-32 b,Kepler-32,1,5,2011,Transit,Kepler,5.90124,0.05,2.2,1303,,3900,323.847
Kepler-32 c,Kepler-32,1,5,2011,Transit,Kepler,8.7522,0.09,2,158.9,,3900,323.847
Kepler-32 d,Kepler-32,1,5,2012,Transit,Kepler,22.7802,0.13,2.7,,,3900,323.847
Kepler-32 e,Kepler-32,1,5,2012,Transit,Kepler,2.896,0.033,1.5,,,3900,323.847
Kepler-32 f,Kepler-32,1,5,2012,Transit,Kepler,0.74296,0.013,0.82,,,3900,323.847
Kepler-320 b,Kepler-320,1,2,2014,Transit,Kepler,8.371554,0.085,1.14,,,6435,826.613
Kepler-320 c,Kepler-320,1,2,2014,Transit,Kepler,17.934937,0.142,1.37,,,6435,826.613
Kepler-321 b,Kepler-321,1,2,2014,Transit,Kepler,4.915379,0.057,1.77,,,5740,384.542
Kepler-321 c,Kepler-321,1,2,2014,Transit,Kepler,13.093921,0.11,2.32,,,5740,384.542
Kepler-322 b,Kepler-322,1,2,2014,Transit,Kepler,1.653888,0.027,1.01,,,5388,400.48
Kepler-322 c,Kepler-322,1,2,2014,Transit,Kepler,4.337234,0.051,1.67,,,5388,400.48
Kepler-323 b,Kepler-323,1,2,2014,Transit,Kepler,1.678328,0.02778,1.381,3.9,1838,6004,454.883
Kepler-323 c,Kepler-323,1,2,2014,Transit,Kepler,3.5538229,0.0458,1.57,6.8,1431,6004,454.883
Kepler-324 b,Kepler-324,1,4,2014,Transit,Kepler,4.385315,0.05,1.14,,,5194,501.574
Kepler-324 c,Kepler-324,1,4,2014,Transit,Kepler,51.805612,0.26,3.15,,,5194,501.574
Kepler-324 e,Kepler-324,1,4,2021,Transit,Kepler,13.97939968,,2.03862444,,,5191,501.574
Kepler-325 b,Kepler-325,1,3,2014,Transit,Kepler,4.544439,0.053,2.91,,,5752,823.242
Kepler-325 c,Kepler-325,1,3,2014,Transit,Kepler,12.762172,0.105,2.54,,,5752,823.242
Kepler-325 d,Kepler-325,1,3,2014,Transit,Kepler,38.715185,0.22,2.79,,,5752,823.242
Kepler-326 b,Kepler-326,1,3,2014,Transit,Kepler,2.248329,0.032,1.52,,,5105,487.675
Kepler-326 c,Kepler-326,1,3,2014,Transit,Kepler,4.580358,0.051,1.4,,,5105,487.675
Kepler-326 d,Kepler-326,1,3,2014,Transit,Kepler,6.766888,0.066,1.21,,,5105,487.675
Kepler-327 b,Kepler-327,1,3,2014,Transit,Kepler,2.549575,0.029,1.11,,,3799,241.987
Kepler-327 c,Kepler-327,1,3,2014,Transit,Kepler,5.212333,0.047,1.03,,,3799,241.987
Kepler-327 d,Kepler-327,1,3,2014,Transit,Kepler,13.969457,0.09,1.73,,,3799,241.987
Kepler-328 b,Kepler-328,1,2,2013,Transit,Kepler,34.921,,2.3,28.5,,,2213.19
Kepler-328 c,Kepler-328,1,2,2013,Transit,Kepler,71.312,,5.4,39.4,,,2213.19
Kepler-329 b,Kepler-329,1,2,2014,Transit,Kepler,7.416397,0.061,1.4,,,4257,439.719
Kepler-329 c,Kepler-329,1,2,2014,Transit,Kepler,18.684737,0.113,1.93,,,4257,439.719
Kepler-33 b,Kepler-33,1,5,2011,Transit,Kepler,5.66793,0.0677,1.74,,,5904,1209.16
Kepler-33 c,Kepler-33,1,5,2011,Transit,Kepler,13.17562,0.1189,3.2,,,5904,1209.16
Kepler-33 d,Kepler-33,1,5,2011,Transit,Kepler,21.77596,0.1662,5.35,,,5904,1209.16
Kepler-33 e,Kepler-33,1,5,2011,Transit,Kepler,31.7844,0.2138,4.02,,,5904,1209.16
Kepler-33 f,Kepler-33,1,5,2011,Transit,Kepler,41.02902,0.2535,4.46,,,5904,1209.16
Kepler-330 b,Kepler-330,1,2,2014,Transit,Kepler,8.25978,0.075,1.35,,,5117,717.527
Kepler-330 c,Kepler-330,1,2,2014,Transit,Kepler,15.955387,0.116,1.95,,,5117,717.527
Kepler-331 b,Kepler-331,1,3,2014,Transit,Kepler,8.457496,0.065,1.82,,,4347,580.119
Kepler-331 c,Kepler-331,1,3,2014,Transit,Kepler,17.28111,0.105,1.84,,,4347,580.119
Kepler-331 d,Kepler-331,1,3,2014,Transit,Kepler,32.134328,0.159,1.64,,,4347,580.119
Kepler-332 b,Kepler-332,1,3,2014,Transit,Kepler,7.626324,0.07,1.17,,,4955,344.19
Kepler-332 c,Kepler-332,1,3,2014,Transit,Kepler,15.995622,0.114,1.09,,,4955,344.19
Kepler-332 d,Kepler-332,1,3,2014,Transit,Kepler,34.21154,0.189,1.18,,,4955,344.19
Kepler-333 b,Kepler-333,2,2,2014,Transit,Kepler,12.551158,0.087,1.32,,,4259,324.413
Kepler-333 c,Kepler-333,2,2,2014,Transit,Kepler,24.08821,0.135,1.11,,,4259,324.413
Kepler-334 b,Kepler-334,1,3,2014,Transit,Kepler,5.470319,0.061,1.12,,,5828,426.59
Kepler-334 c,Kepler-334,1,3,2014,Transit,Kepler,12.758005,0.107,1.43,,,5828,426.59
Kepler-334 d,Kepler-334,1,3,2014,Transit,Kepler,25.09849,0.168,1.41,,,5828,426.59
Kepler-335 b,Kepler-335,1,2,2014,Transit,Kepler,6.562331,0.075,3.39,,,5877,1278.97
Kepler-335 c,Kepler-335,1,2,2014,Transit,Kepler,67.844469,0.356,3.07,,,5877,1278.97
Kepler-336 b,Kepler-336,1,3,2014,Transit,Kepler,2.024823,0.033,1.02,,,5867,768.86
Kepler-336 c,Kepler-336,1,3,2014,Transit,Kepler,9.600001,0.092,2.1,,,5867,768.86
Kepler-336 d,Kepler-336,1,3,2014,Transit,Kepler,20.678772,0.154,2.37,,,5867,768.86
Kepler-337 b,Kepler-337,1,2,2014,Transit,Kepler,3.292781,0.045,1.54,,,5684,677.975
Kepler-337 c,Kepler-337,1,2,2014,Transit,Kepler,9.693201,0.093,2.05,,,5684,677.975
Kepler-338 b,Kepler-338,1,4,2014,Transit,Kepler,13.726976,0.117,2.44,,,5923,552.798
Kepler-338 c,Kepler-338,1,4,2014,Transit,Kepler,24.310856,0.172,2.34,,,5923,552.798
Kepler-338 d,Kepler-338,1,4,2014,Transit,Kepler,44.431014,0.257,3,,,5923,552.798
Kepler-338 e,Kepler-338,1,4,2014,Transit,Kepler,9.341,,1.56,8.5,,,552.798
Kepler-339 b,Kepler-339,1,3,2014,Transit,Kepler,4.977656,0.055,1.42,,,5631,616.637
Kepler-339 c,Kepler-339,1,3,2014,Transit,Kepler,6.988055,0.069,1.15,,,5631,616.637
Kepler-339 d,Kepler-339,1,3,2014,Transit,Kepler,10.558345,0.091,1.17,,,5631,616.637
Kepler-34 b,Kepler-34,2,1,2011,Transit,Kepler,288.822,1.0896,8.564,69.92,,5913,1800.82
Kepler-340 b,Kepler-340,1,2,2014,Transit,Kepler,14.844387,0.134,2.53,,,6620,808.762
Kepler-340 c,Kepler-340,1,2,2014,Transit,Kepler,22.824669,0.178,3.37,,,6620,808.762
Kepler-341 b,Kepler-341,1,4,2014,Transit,Kepler,5.195528,0.06,1.18,,,6012,1047.03
Kepler-341 c,Kepler-341,1,4,2014,Transit,Kepler,8.01041,0.08,1.7,,,6012,1047.03
Kepler-341 d,Kepler-341,1,4,2014,Transit,Kepler,27.666313,0.182,1.85,,,6012,1047.03
Kepler-341 e,Kepler-341,1,4,2014,Transit,Kepler,42.473269,0.242,1.99,,,6012,1047.03
Kepler-342 b,Kepler-342,1,4,2014,Transit,Kepler,15.170318,0.128,2.25,,,6175,781.611
Kepler-342 c,Kepler-342,1,4,2014,Transit,Kepler,26.234138,0.185,1.96,,,6175,781.611
Kepler-342 d,Kepler-342,1,4,2014,Transit,Kepler,39.459357,0.242,2.49,,,6175,781.611
Kepler-342 e,Kepler-342,1,4,2016,Transit,Kepler,1.644224613,,0.88,,,6366,781.611
Kepler-343 b,Kepler-343,1,2,2014,Transit,Kepler,8.96855,0.088,2.41,,,5807,927.193
Kepler-343 c,Kepler-343,1,2,2014,Transit,Kepler,23.22182,0.167,2.02,,,5807,927.193
Kepler-344 b,Kepler-344,1,2,2014,Transit,Kepler,21.963945,0.153,2.61,,,5774,1002.94
Kepler-344 c,Kepler-344,1,2,2014,Transit,Kepler,125.596809,0.488,2.95,,,5774,1002.94
Kepler-345 b,Kepler-345,1,2,2014,Transit,Kepler,7.415563,0.066,0.74,,,4504,
Kepler-345 c,Kepler-345,1,2,2014,Transit,Kepler,9.387427,0.077,1.2,,,4504,
Kepler-346 b,Kepler-346,1,2,2014,Transit,Kepler,6.511127,0.071,2.66,,,6033,984.105
Kepler-346 c,Kepler-346,1,2,2014,Transit,Kepler,23.851549,0.168,3.07,,,6033,984.105
Kepler-347 b,Kepler-347,1,3,2014,Transit,Kepler,12.79836,0.11,1.97,,,6088,1298.88
Kepler-347 c,Kepler-347,1,3,2014,Transit,Kepler,27.320871,0.183,1.75,,,6088,1298.88
Kepler-347 d,Kepler-347,1,3,2023,Transit,Kepler,85.517344,0.3802,3.04,,482,5592,1298.88
Kepler-348 b,Kepler-348,1,2,2014,Transit,Kepler,7.05677,0.076,1.52,,,6177,570.783
Kepler-348 c,Kepler-348,1,2,2014,Transit,Kepler,17.265427,0.138,1.33,,,6177,570.783
Kepler-349 b,Kepler-349,1,2,2014,Transit,Kepler,5.929778,0.065,1.9,,,5956,940.724
Kepler-349 c,Kepler-349,1,2,2014,Transit,Kepler,12.247629,0.105,1.96,,,5956,940.724
Kepler-35 b,Kepler-35,2,1,2011,Transit,Kepler,131.458,0.60347,8.16,40.363,,5606,1819.17
Kepler-350 b,Kepler-350,1,3,2014,Transit,Kepler,11.189562,0.104,1.85,,,6186,956.859
Kepler-350 c,Kepler-350,1,3,2013,Transit,Kepler,17.849,,3.1,6.1,,,956.859
Kepler-350 d,Kepler-350,1,3,2013,Transit,Kepler,26.136,,2.8,14.9,,,956.859
Kepler-351 b,Kepler-351,1,3,2014,Transit,Kepler,37.054919,0.214,3.06,,,5643,1083.91
Kepler-351 c,Kepler-351,1,3,2014,Transit,Kepler,57.24809,0.287,3.19,,,5643,1083.91
Kepler-351 d,Kepler-351,1,3,2016,Transit,Kepler,142.544247,,2.72,,,5225,1083.91
Kepler-352 b,Kepler-352,1,3,2014,Transit,Kepler,10.05537,0.085,0.86,,,5212,252.733
Kepler-352 c,Kepler-352,1,3,2014,Transit,Kepler,16.332995,0.118,1.24,,,5212,252.733
Kepler-352 d,Kepler-352,1,3,2021,Transit,Kepler,6.887279987,,0.80628032,,,5208,252.733
Kepler-353 b,Kepler-353,2,2,2014,Transit,Kepler,5.795278,0.051,0.89,,,3903,384.694
Kepler-353 c,Kepler-353,2,2,2014,Transit,Kepler,8.410894,0.065,1.38,,,3903,384.694
Kepler-354 b,Kepler-354,1,3,2014,Transit,Kepler,5.47666,0.054,1.84,,,4648,554.064
Kepler-354 c,Kepler-354,1,3,2014,Transit,Kepler,16.934402,0.115,1.31,,,4648,554.064
Kepler-354 d,Kepler-354,1,3,2014,Transit,Kepler,24.209842,0.146,1.24,,,4648,554.064
Kepler-355 b,Kepler-355,1,2,2014,Transit,Kepler,11.03189,0.102,1.46,,,6184,1432.17
Kepler-355 c,Kepler-355,1,2,2014,Transit,Kepler,25.762294,0.179,2.71,,,6184,1432.17
Kepler-356 b,Kepler-356,1,2,2014,Transit,Kepler,4.612696,0.057,1.57,,,6133,707.559
Kepler-356 c,Kepler-356,1,2,2014,Transit,Kepler,13.121632,0.115,1.81,,,6133,707.559
Kepler-357 b,Kepler-357,1,3,2014,Transit,Kepler,6.475434,0.063,1.84,,,5036,688.573
Kepler-357 c,Kepler-357,1,3,2014,Transit,Kepler,16.85837,0.12,2.67,,,5036,688.573
Kepler-357 d,Kepler-357,1,3,2014,Transit,Kepler,49.499875,0.246,3.43,,,5036,688.573
Kepler-358 b,Kepler-358,1,2,2014,Transit,Kepler,34.060467,0.21,2.72,,,5908,1101.1
Kepler-358 c,Kepler-358,1,2,2014,Transit,Kepler,83.488369,0.381,2.85,,,5908,1101.1
Kepler-359 b,Kepler-359,1,3,2014,Transit,Kepler,25.563222,0.178,3.53,,,6248,1443.21
Kepler-359 c,Kepler-359,1,3,2014,Transit,Kepler,57.68802,0.307,4.3,,,6248,1443.21
Kepler-359 d,Kepler-359,1,3,2014,Transit,Kepler,77.095691,0.372,4.01,,,6248,1443.21
Kepler-36 b,Kepler-36,1,2,2012,Transit,Kepler,13.86825,,1.498,3.83,,5979,527.956
Kepler-36 c,Kepler-36,1,2,2012,Transit,Kepler,16.21865,,3.679,7.13,,5979,527.956
Kepler-360 b,Kepler-360,1,2,2014,Transit,Kepler,3.289672,0.044,1.65,,,6053,876.044
Kepler-360 c,Kepler-360,1,2,2014,Transit,Kepler,7.186434,0.075,2.1,,,6053,876.044
Kepler-361 b,Kepler-361,1,2,2014,Transit,Kepler,8.486616,0.086,1.45,,,6169,930.32
Kepler-361 c,Kepler-361,1,2,2014,Transit,Kepler,55.188023,0.3,2.52,,,6169,930.32
Kepler-362 b,Kepler-362,1,2,2014,Transit,Kepler,10.327186,0.087,0.88,,,5788,1090.51
Kepler-362 c,Kepler-362,1,2,2014,Transit,Kepler,37.866281,0.207,1.45,,,5788,1090.51
Kepler-363 b,Kepler-363,1,3,2014,Transit,Kepler,3.614568,0.048,1.16,,,5593,762.596
Kepler-363 c,Kepler-363,1,3,2014,Transit,Kepler,7.542427,0.079,1.69,,,5593,762.596
Kepler-363 d,Kepler-363,1,3,2014,Transit,Kepler,11.932125,0.107,2.05,,,5593,762.596
Kepler-364 b,Kepler-364,1,2,2014,Transit,Kepler,25.745718,0.178,1.55,,,6108,891.462
Kepler-364 c,Kepler-364,1,2,2014,Transit,Kepler,59.980627,0.312,2.15,,,6108,891.462
Kepler-365 b,Kepler-365,1,2,2014,Transit,Kepler,10.664903,0.098,2.04,,,6012,1038.99
Kepler-365 c,Kepler-365,1,2,2014,Transit,Kepler,17.784129,0.137,1.64,,,6012,1038.99
Kepler-366 b,Kepler-366,1,2,2014,Transit,Kepler,3.281959,0.045,1.46,,,6209,1856.28
Kepler-366 c,Kepler-366,1,2,2014,Transit,Kepler,12.51616,0.11,1.79,,,6209,1856.28
Kepler-367 b,Kepler-367,1,2,2014,Transit,Kepler,37.815724,0.201,1.3,,,4710,188.027
Kepler-367 c,Kepler-367,1,2,2014,Transit,Kepler,53.578637,0.253,1.2,,,4710,188.027
Kepler-368 b,Kepler-368,1,2,2014,Transit,Kepler,26.84768,0.186,3.26,,,5502,770.978
Kepler-368 c,Kepler-368,1,2,2014,Transit,Kepler,72.379334,0.36,3.88,,,5502,770.978
Kepler-369 b,Kepler-369,1,2,2014,Transit,Kepler,2.732756,0.03,1.13,,,3591,
Kepler-369 c,Kepler-369,1,2,2014,Transit,Kepler,14.871572,0.094,1.41,,,3591,
Kepler-37 b,Kepler-37,1,4,2013,Transit,Kepler,13.36702,0.1019,0.3098,0.79,718,5357,63.9207
Kepler-37 c,Kepler-37,1,4,2013,Transit,Kepler,21.301848,0.139,0.755,1.3,615,5357,63.9207
Kepler-37 d,Kepler-37,1,4,2013,Transit,Kepler,39.7922622,0.2109,2.03,2,499,5357,63.9207
Kepler-37 e,Kepler-37,1,4,2014,Transit,Kepler,51.196,,,,,,63.9207
Kepler-370 b,Kepler-370,1,2,2014,Transit,Kepler,4.57953,0.054,1.59,,,5852,1167.94
Kepler-370 c,Kepler-370,1,2,2014,Transit,Kepler,19.02293,0.14,1.91,,,5852,1167.94
Kepler-371 b,Kepler-371,1,2,2014,Transit,Kepler,34.763278,0.2,1.89,,,5666,813.192
Kepler-371 c,Kepler-371,1,2,2014,Transit,Kepler,67.968015,0.313,1.78,,,5666,813.192
Kepler-372 b,Kepler-372,1,3,2014,Transit,Kepler,6.849692,0.075,1.36,,,6509,1493.95
Kepler-372 c,Kepler-372,1,3,2014,Transit,Kepler,20.053763,0.154,2.09,,,6509,1493.95
Kepler-372 d,Kepler-372,1,3,2014,Transit,Kepler,30.092568,0.201,1.69,,,6509,1493.95
Kepler-373 b,Kepler-373,1,2,2014,Transit,Kepler,5.535309,0.06,1.36,,,5787,1090.45
Kepler-373 c,Kepler-373,1,2,2014,Transit,Kepler,16.725948,0.126,1.24,,,5787,1090.45
Kepler-374 b,Kepler-374,1,3,2014,Transit,Kepler,1.897806,0.029,1.03,,,5977,1265.61
Kepler-374 c,Kepler-374,1,3,2014,Transit,Kepler,3.282807,0.042,1.1,,,5977,1265.61
Kepler-374 d,Kepler-374,1,3,2014,Transit,Kepler,5.028219,0.056,1.31,,,5977,1265.61
Kepler-375 b,Kepler-375,1,2,2014,Transit,Kepler,12.125934,0.101,1.45,,,5826,1238.81
Kepler-375 c,Kepler-375,1,2,2014,Transit,Kepler,19.986326,0.141,2.65,,,5826,1238.81
Kepler-376 b,Kepler-376,1,2,2014,Transit,Kepler,4.920199,0.057,1.07,,,5900,923.067
Kepler-376 c,Kepler-376,1,2,2014,Transit,Kepler,14.172327,0.115,1.79,,,5900,923.067
Kepler-377 b,Kepler-377,1,2,2014,Transit,Kepler,12.509529,0.109,1.39,,,5949,823.804
Kepler-377 c,Kepler-377,1,2,2014,Transit,Kepler,27.014976,0.182,2.06,,,5949,823.804
Kepler-378 b,Kepler-378,1,2,2014,Transit,Kepler,16.092361,0.112,0.75,,,4661,152.094
Kepler-378 c,Kepler-378,1,2,2014,Transit,Kepler,28.906009,0.166,0.7,,,4661,152.094
Kepler-379 b,Kepler-379,1,2,2014,Transit,Kepler,20.09838,0.152,1.66,,,6054,731.274
Kepler-379 c,Kepler-379,1,2,2014,Transit,Kepler,62.784697,0.326,2.29,,,6054,731.274
Kepler-38 b,Kepler-38,2,1,2012,Transit,Kepler,105.599,0.4632,4.3,122,475,5623,1174.59
Kepler-380 b,Kepler-380,1,2,2014,Transit,Kepler,3.930821,0.05,1.19,,,6045,813.713
Kepler-380 c,Kepler-380,1,2,2014,Transit,Kepler,7.630004,0.078,1.27,,,6045,813.713
Kepler-381 b,Kepler-381,1,3,2014,Transit,Kepler,5.629021,0.066,0.99,,,6152,267.323
Kepler-381 c,Kepler-381,1,3,2014,Transit,Kepler,13.391635,0.117,1.12,,,6152,267.323
Kepler-381 d,Kepler-381,1,3,2021,Transit,Kepler,8.256299973,,1.0667865,,,6197,267.323
Kepler-382 b,Kepler-382,1,2,2014,Transit,Kepler,5.262155,0.055,1.32,,,5600,935.446
Kepler-382 c,Kepler-382,1,2,2014,Transit,Kepler,12.162701,0.097,1.59,,,5600,935.446
Kepler-383 b,Kepler-383,1,2,2014,Transit,Kepler,12.904532,0.095,1.32,,,4710,
Kepler-383 c,Kepler-383,1,2,2014,Transit,Kepler,31.200751,0.172,1.24,,,4710,
Kepler-384 b,Kepler-384,1,2,2014,Transit,Kepler,22.597053,0.148,1.12,,,5577,895.678
Kepler-384 c,Kepler-384,1,2,2014,Transit,Kepler,45.348269,0.236,1.13,,,5577,895.678
Kepler-385 b,Kepler-385,1,3,2014,Transit,Kepler,10.043686,0.097,2.73,,,6326,1432.61
Kepler-385 c,Kepler-385,1,3,2014,Transit,Kepler,15.163161,0.127,3.04,,,6326,1432.61
Kepler-385 d,Kepler-385,1,3,2020,Transit,Kepler,56.4159,,2.6186448,,,5829,1432.61
Kepler-386 b,Kepler-386,1,2,2014,Transit,Kepler,12.31043,0.096,1.39,,,5178,882.462
Kepler-386 c,Kepler-386,1,2,2014,Transit,Kepler,25.193458,0.155,1.58,,,5178,882.462
Kepler-387 b,Kepler-387,1,2,2014,Transit,Kepler,6.791636,0.068,1.03,,,5774,801.052
Kepler-387 c,Kepler-387,1,2,2014,Transit,Kepler,11.837549,0.098,0.89,,,5774,801.052
Kepler-388 b,Kepler-388,1,2,2014,Transit,Kepler,3.173315,0.036,0.81,,,4498,
Kepler-388 c,Kepler-388,1,2,2014,Transit,Kepler,13.297004,0.093,0.86,,,4498,
Kepler-389 b,Kepler-389,1,2,2014,Transit,Kepler,3.244107,0.041,1.51,,,5376,816.559
Kepler-389 c,Kepler-389,1,2,2014,Transit,Kepler,14.51143,0.11,1.46,,,5376,816.559
Kepler-39 b,Kepler-39,1,1,2011,Transit,Kepler,21.08721,0.164,13.9,6388.1,897,6350,1057.41
Kepler-390 b,Kepler-390,2,2,2014,Transit,Kepler,6.738088,0.065,0.82,,,5166,435.277
Kepler-390 c,Kepler-390,2,2,2014,Transit,Kepler,13.060022,0.101,0.79,,,5166,435.277
Kepler-391 b,Kepler-391,1,2,2014,Transit,Kepler,7.4175,0.083,2.5,1100,930,5038,869.236
Kepler-391 c,Kepler-391,1,2,2014,Transit,Kepler,20.501,0.164,2.88,450,662,5038,869.236
Kepler-392 b,Kepler-392,1,2,2014,Transit,Kepler,5.341853,0.059,1,,,5938,681.428
Kepler-392 c,Kepler-392,1,2,2014,Transit,Kepler,10.423118,0.093,1.1,,,5938,681.428
Kepler-393 b,Kepler-393,1,2,2014,Transit,Kepler,9.182417,0.091,1.29,,,6189,881.404
Kepler-393 c,Kepler-393,1,2,2014,Transit,Kepler,14.613612,0.124,1.33,,,6189,881.404
Kepler-394 b,Kepler-394,1,3,2014,Transit,Kepler,8.005013,0.083,1.6,,,6402,1058.72
Kepler-394 c,Kepler-394,1,3,2014,Transit,Kepler,12.130686,0.11,1.66,,,6402,1058.72
Kepler-394 d,Kepler-394,1,3,2021,Transit,Kepler,5.613580227,,1.50066814,,,6398,1058.72
Kepler-395 b,Kepler-395,1,2,2014,Transit,Kepler,7.054346,0.061,1.03,,,4262,421.382
Kepler-395 c,Kepler-395,1,2,2014,Transit,Kepler,34.989262,0.177,1.32,,,4262,421.382
Kepler-396 b,Kepler-396,1,2,2013,Transit,Kepler,42.994,,3.5,75.5,,,223.757
Kepler-396 c,Kepler-396,1,2,2013,Transit,Kepler,88.505,,5.3,17.9,,,223.757
Kepler-397 b,Kepler-397,1,2,2014,Transit,Kepler,22.250949,0.144,2.46,,,5307,
Kepler-397 c,Kepler-397,1,2,2014,Transit,Kepler,135.498527,0.48,6.18,,,5307,
Kepler-398 b,Kepler-398,1,3,2014,Transit,Kepler,4.081423,0.044,0.93,,,4493,177.355
Kepler-398 c,Kepler-398,1,3,2014,Transit,Kepler,11.419412,0.087,1.01,,,4493,177.355
Kepler-398 d,Kepler-398,1,3,2016,Transit,Kepler,6.83437001,,0.88,,,4557,177.355
Kepler-399 b,Kepler-399,1,3,2014,Transit,Kepler,14.425281,0.103,0.96,,,5502,740.537
Kepler-399 c,Kepler-399,1,3,2014,Transit,Kepler,26.67569,0.155,1.43,,,5502,740.537
Kepler-399 d,Kepler-399,1,3,2014,Transit,Kepler,58.034616,0.261,1.89,,,5502,740.537
Kepler-4 b,Kepler-4,1,1,2009,Transit,Kepler,3.21346,0.0456,4.002,24.472,1650,5857,487.916
Kepler-40 b,Kepler-40,1,1,2010,Transit,Kepler,6.87349,0.08,13.11,699.2,1620,6510,2305.01
Kepler-400 b,Kepler-400,1,2,2014,Transit,Kepler,9.024389,0.087,1.65,,,5886,845.97
Kepler-400 c,Kepler-400,1,2,2014,Transit,Kepler,17.340824,0.134,1.49,,,5886,845.97
Kepler-401 b,Kepler-401,1,3,2014,Transit,Kepler,14.383035,0.122,1.71,,,6117,965.56
Kepler-401 c,Kepler-401,1,3,2014,Transit,Kepler,47.318218,0.269,2.15,,,6117,965.56
Kepler-401 d,Kepler-401,1,3,2016,Transit,Kepler,184.256405,,2.27,,,6184,965.56
Kepler-402 b,Kepler-402,1,4,2014,Transit,Kepler,4.028751,0.051,1.22,,,6090,625.339
Kepler-402 c,Kepler-402,1,4,2014,Transit,Kepler,6.124821,0.068,1.56,,,6090,625.339
Kepler-402 d,Kepler-402,1,4,2014,Transit,Kepler,8.921099,0.087,1.38,,,6090,625.339
Kepler-402 e,Kepler-402,1,4,2014,Transit,Kepler,11.242861,0.102,1.46,,,6090,625.339
Kepler-403 b,Kepler-403,1,3,2014,Transit,Kepler,7.031462,0.076,1.25,,,6090,840.269
Kepler-403 c,Kepler-403,1,3,2014,Transit,Kepler,54.280749,0.297,1.75,,,6090,840.269
Kepler-403 d,Kepler-403,1,3,2016,Transit,Kepler,13.61159129,,1.42,,,6209,840.269
Kepler-404 b,Kepler-404,1,2,2014,Transit,Kepler,11.829851,0.102,1.27,,,5654,812.524
Kepler-404 c,Kepler-404,1,2,2014,Transit,Kepler,14.751166,0.118,1.72,,,5654,812.524
Kepler-405 b,Kepler-405,1,2,2014,Transit,Kepler,10.613839,0.095,2.08,,,5818,1065.08
Kepler-405 c,Kepler-405,1,2,2014,Transit,Kepler,29.726682,0.188,4.66,,,5818,1065.08
Kepler-406 b,Kepler-406,1,2,2014,Transit,Kepler,2.42629,,1.43,6.35,,5538,364.03
Kepler-406 c,Kepler-406,1,2,2014,Transit,Kepler,4.62332,,0.85,2.71,,5538,364.03
Kepler-407 b,Kepler-407,1,2,2014,Transit,Kepler,0.6693124,,1.19,1.93,,5487,338.368
Kepler-407 c,Kepler-407,1,2,2014,Radial Velocity,W. M. Keck Observatory,3000,,,4000,,5476,338.368
Kepler-408 b,Kepler-408,1,1,2014,Transit,Kepler,2.46502,,0.82,5,,6104,88.7832
Kepler-409 b,Kepler-409,1,1,2014,Transit,Kepler,68.9583216,0.3192,1.199,6,438,5421,68.173
Kepler-41 b,Kepler-41,1,1,2011,Transit,Kepler,1.8555582,0.03101,14.46,177.98,1790,5750,1093.08
Kepler-410 A b,Kepler-410 A,2,1,2013,Transit,Kepler,17.833648,0.1226,2.838,,,6273,147.527
Kepler-411 b,Kepler-411,2,4,2013,Transit,Kepler,3.005156,0.0375,2.401,25.6,1138,,153.676
Kepler-411 c,Kepler-411,2,4,2016,Transit,Kepler,7.834435,0.0739,4.421,26.4,838,,153.676
Kepler-411 d,Kepler-411,2,4,2018,Transit,Kepler,58.02035,0.279,3.319,15.2,410,,153.676
Kepler-411 e,Kepler-411,2,4,2018,Transit Timing Variations,Kepler,31.509728,0.186,,10.8,503,,153.676
Kepler-412 b,Kepler-412,1,1,2014,Transit,Kepler,1.7208604,0.02897,15.031269,299.07803,1850,5750,1086.24
Kepler-413 b,Kepler-413,2,1,2014,Transit,Kepler,66.262,0.3553,4.347,67,,4700,847.536
Kepler-414 b,Kepler-414,1,2,2014,Transit,Kepler,4.7,,1.71,3.5,,,413.46
Kepler-414 c,Kepler-414,1,2,2014,Transit,Kepler,7.171,,3.01,29.9,,,413.46
Kepler-415 b,Kepler-415,1,2,2014,Transit,Kepler,4.176,,1.21,119.9,,,530.487
Kepler-415 c,Kepler-415,1,2,2014,Transit,Kepler,8.708,,,,,,530.487
Kepler-416 b,Kepler-416,1,3,2014,Transit,Kepler,6.319,,2.48,58.2,,,690.819
Kepler-416 c,Kepler-416,1,3,2014,Transit,Kepler,12.209,,,,,,690.819
Kepler-416 d,Kepler-416,1,3,2023,Transit,Kepler,3.07644709,0.0407,1.61,,1253,5670,690.819
Kepler-417 b,Kepler-417,1,2,2014,Transit,Kepler,12.331,,2.31,11,,,973.989
Kepler-417 c,Kepler-417,1,2,2014,Transit,Kepler,15.943,,,,,,973.989
Kepler-418 b,Kepler-418,1,2,2014,Transit,Kepler,86.67856,,13.45,349.6112477,,5820,1002.53
Kepler-418 c,Kepler-418,1,2,2021,Transit,Kepler,12.21829987,,5.22108654,,,5822,1002.53
Kepler-419 b,Kepler-419,1,2,2014,Transit,Kepler,69.7546,0.37,10.8,794.5,,6430,1011.36
Kepler-419 c,Kepler-419,1,2,2014,Transit Timing Variations,Kepler,675.47,1.68,,2320.1,,6430,1011.36
Kepler-42 b,Kepler-42,1,3,2011,Transit,Kepler,1.2137672,0.0116,0.78,,519,3068,40.0595
Kepler-42 c,Kepler-42,1,3,2011,Transit,Kepler,0.45328509,0.006,0.73,,720,3068,40.0595
Kepler-42 d,Kepler-42,1,3,2011,Transit,Kepler,1.865169,0.0154,0.57,,450,3068,40.0595
Kepler-421 b,Kepler-421,1,1,2014,Transit,Kepler,704.1984,1.219,4.16,,185,5308,348.558
Kepler-422 b,Kepler-422,1,1,2014,Transit,Kepler,7.8914483,0.082,12.89,136.66,,5972,722.795
Kepler-423 b,Kepler-423,1,1,2014,Transit,Kepler,2.6843285,0.03585,13.361,189.101,1605,5560,758.753
Kepler-424 b,Kepler-424,1,2,2014,Transit,Kepler,3.3118644,0.044,9.98,327.35,,5460,698.646
Kepler-424 c,Kepler-424,1,2,2014,Radial Velocity,McDonald Observatory,223.3,0.73,,2215.18,,5460,698.646
Kepler-425 b,Kepler-425,1,1,2014,Transit,Kepler,3.79701816,0.0464,10.962,79.45,1070,5170,646.647
Kepler-426 b,Kepler-426,1,1,2014,Transit,Kepler,3.21751883,0.0414,12.22,108.06,1300,5725,843.695
Kepler-427 b,Kepler-427,1,1,2014,Transit,Kepler,10.290994,0.091,13.79,92.17,1100,5800,1017.8
Kepler-428 b,Kepler-428,1,1,2014,Transit,Kepler,3.52563254,0.0433,12.11,403.63,1070,5150,686.284
Kepler-43 b,Kepler-43,1,1,2011,Transit,Kepler,3.0240949,0.046,13.663771,1026.5909,1620,6041,1005.84
Kepler-430 b,Kepler-430,1,2,2015,Transit,Kepler,35.968,0.2244,3.25,,667,5884,917.477
Kepler-430 c,Kepler-430,1,2,2015,Transit,Kepler,110.979,0.4757,1.75,,458,5884,917.477
Kepler-431 b,Kepler-431,1,3,2015,Transit,Kepler,6.803,0.0719,0.764,,1032,6004,486.546
Kepler-431 c,Kepler-431,1,3,2015,Transit,Kepler,8.703,0.0847,0.668,,951,6004,486.546
Kepler-431 d,Kepler-431,1,3,2015,Transit,Kepler,11.922,0.1045,1.11,,856,6004,486.546
Kepler-432 b,Kepler-432,2,2,2015,Transit,Kepler,52.501129,0.301,12.834305,1719.4603,,4995,848.023
Kepler-432 c,Kepler-432,2,2,2015,Radial Velocity,Fred Lawrence Whipple Observatory,406.2,,,772.3269,,4995,848.023
Kepler-433 b,Kepler-433,1,1,2015,Transit,Kepler,5.33408384,0.0679,16.25,896.24,1776,6360,1878.31
Kepler-434 b,Kepler-434,1,1,2015,Transit,Kepler,12.8747099,0.1143,12.67,908.96,1000,5977,1222.54
Kepler-435 b,Kepler-435,1,1,2015,Transit,Kepler,8.6001536,0.0948,22.31,266.97,1729,6161,1418.77
Kepler-436 b,Kepler-436,1,2,2015,Transit,Kepler,64.00205,0.339,2.73,,,4651,588.867
Kepler-436 c,Kepler-436,1,2,2016,Transit,Kepler,16.79713874,,2.33,,,4685,588.867
Kepler-437 b,Kepler-437,1,1,2015,Transit,Kepler,66.65062,0.288,2.14,,,4551,
Kepler-438 b,Kepler-438,1,1,2015,Transit,Kepler,35.23319,0.166,1.12,,,3748,
Kepler-439 b,Kepler-439,1,1,2015,Transit,Kepler,178.1396,0.563,2.24,,,5431,757.048
Kepler-44 b,Kepler-44,1,1,2011,Transit,Kepler,3.2467293,0.0446,12.22,317.82,1544,5800,1188
Kepler-440 b,Kepler-440,1,1,2015,Transit,Kepler,101.11141,0.242,1.86,,,4134,301.03
Kepler-441 b,Kepler-441,1,1,2015,Transit,Kepler,207.2482,0.64,1.64,,,4340,268.003
Kepler-442 b,Kepler-442,1,1,2015,Transit,Kepler,112.3053,0.409,1.34,,,4402,365.965
Kepler-443 b,Kepler-443,1,1,2015,Transit,Kepler,177.6693,0.495,2.33,,,4723,802.271
Kepler-444 b,Kepler-444,3,5,2015,Transit,Kepler,3.6001053,0.04178,0.403,,,5046,36.4396
Kepler-444 c,Kepler-444,3,5,2015,Transit,Kepler,4.5458841,0.04881,0.497,,,5046,36.4396
Kepler-444 d,Kepler-444,3,5,2015,Transit,Kepler,6.189392,0.06,0.53,,,5046,36.4396
Kepler-444 e,Kepler-444,3,5,2015,Transit,Kepler,7.743493,0.0696,0.546,,,5046,36.4396
Kepler-444 f,Kepler-444,3,5,2015,Transit,Kepler,9.740486,0.0811,0.741,,,5046,36.4396
Kepler-445 b,Kepler-445,1,3,2015,Transit,Kepler,2.984151,,1.58,,,3157,127.201
Kepler-445 c,Kepler-445,1,3,2015,Transit,Kepler,4.871229,,2.51,,,3157,127.201
Kepler-445 d,Kepler-445,1,3,2015,Transit,Kepler,8.15275,,1.25,,,3157,127.201
Kepler-446 b,Kepler-446,1,3,2015,Transit,Kepler,1.565409,,1.5,,,3359,96.339
Kepler-446 c,Kepler-446,1,3,2015,Transit,Kepler,3.036179,,1.11,,,3359,96.339
Kepler-446 d,Kepler-446,1,3,2015,Transit,Kepler,5.148921,,1.35,,,3359,96.339
Kepler-447 b,Kepler-447,1,1,2015,Transit,Kepler,7.79430132,0.0769,18.49,435.41,,5493,268.041
Kepler-448 c,KOI-12,1,2,2017,Transit Timing Variations,Kepler,2500,4.2,,6992.26,,,399.398
Kepler-449 b,Kepler-449,1,2,2015,Transit,Kepler,12.58242,,2.056,,,5649.18,241.949
Kepler-449 c,Kepler-449,1,2,2015,Transit,Kepler,33.6727,,2.764,,,5649.18,241.949
Kepler-45 b,Kepler-45,1,1,2011,Transit,Kepler,2.455239,0.03,10.76,160.497,1000,3820,381.949
Kepler-450 b,Kepler-450,1,3,2015,Transit,Kepler,28.454851,,6.14,,,6197.21,455.982
Kepler-450 c,Kepler-450,1,3,2015,Transit,Kepler,15.413135,,2.62,,,6197.21,455.982
Kepler-450 d,Kepler-450,1,3,2015,Transit,Kepler,7.51464,,0.837,,,6197.21,455.982
Kepler-451 c,2MASS J19383260+4603591,2,3,2022,Eclipse Timing Variations,Multiple Observatories,1460,,,511.7037353,,29564,396.332
Kepler-451 d,2MASS J19383260+4603591,2,3,2022,Eclipse Timing Variations,Multiple Observatories,43,,,559.3779963,,29564,396.332
Kepler-452 b,Kepler-452,1,1,2015,Transit,Kepler,384.843,1.046,1.63,,265,5757,551.727
Kepler-453 b,Kepler-453,2,1,2015,Transit,Kepler,240.503,0.7903,6.204,16,,5527,442.846
Kepler-454 b,Kepler-454,2,3,2015,Transit,Kepler,10.5737534,0.09528,2.37,5.4,916,5687,230.869
Kepler-454 c,Kepler-454,2,3,2015,Radial Velocity,Multiple Facilities,524.19,1.287,,1433.406116,,5687,230.869
Kepler-454 d,Kepler-454,2,3,2023,Radial Velocity,Roque de los Muchachos Observatory,4073,5.1,,734.1836202,,5687,230.869
Kepler-457 d,KOI-7892,1,3,2021,Transit,Kepler,10.6906004,,2.98467257,,,6474,1072.3
Kepler-458 c,KIC 9663113,1,2,2016,Transit,Kepler,20.74028413,,4.2,,,6117.21,1594.74
Kepler-46 b,Kepler-46,1,3,2012,Transit,Kepler,33.60134,0.1968,9.057,1907,543,5155,777.06
Kepler-46 c,Kepler-46,1,3,2012,Transit Timing Variations,Kepler,57.011,0.2799,,119.499,455,5155,777.06
Kepler-46 d,Kepler-46,1,3,2014,Transit,Kepler,6.766589,0.067,1.64,,,5309,777.06
Kepler-460 c,KIC 5437945,1,2,2016,Transit,Kepler,220.1303357,,5.52,,,6146,1274.01
Kepler-461 b,Kepler-461,1,1,2016,Transit,Kepler,8.313783059,,2.58,,,5634,692.158
Kepler-462 b,Kepler-462,1,2,2016,Transit,Kepler,84.6866,,3,53.9,,7500,596.625
Kepler-462 c,Kepler-462,1,2,2018,Transit,Kepler,207.62,,4,6,,7500,596.625
Kepler-463 b,Kepler-463,1,1,2016,Transit,Kepler,8.981016833,,3.05,,,5661,394.804
Kepler-464 b,Kepler-464,1,1,2016,Transit,Kepler,7.256965224,,3.3,,,5933,667.604
Kepler-465 b,Kepler-465,1,1,2016,Transit,Kepler,9.940672466,,2.95,,,6310,553.077
Kepler-466 b,Kepler-466,1,2,2016,Transit,Kepler,51.07926307,,2.85,,,5927,530.122
Kepler-466 c,Kepler-466,1,2,2016,Transit,Kepler,3.709213846,,1.25,,,5927,530.122
Kepler-467 b,Kepler-467,1,1,2016,Transit,Kepler,24.99324193,,2.25,,,5809,466.265
Kepler-468 b,Kepler-468,1,1,2016,Transit,Kepler,38.47875707,,13.34,,,5498,442.871
Kepler-47 b,Kepler-47,2,3,2012,Transit,Kepler,49.4643,0.2877,3.05,2.07,,,1025.02
Kepler-47 c,Kepler-47,2,3,2012,Transit,Kepler,303.227,0.9638,4.65,3.17,,,1025.02
Kepler-47 d,Kepler-47,2,3,2019,Transit,Kepler,187.366,0.6992,7.04,19.02,,,1025.02
Kepler-471 b,Kepler-471,1,1,2016,Transit,Kepler,5.014234575,,14.96,,,6733,1249.41
Kepler-472 b,Kepler-472,1,1,2016,Transit,Kepler,4.176255514,,3.22,,,4996,306.602
Kepler-473 b,Kepler-473,1,1,2016,Transit,Kepler,14.55731705,,4.08,,,5816,905.937
Kepler-474 b,Kepler-474,1,1,2016,Transit,Kepler,5.660672935,,3.06,,,5785,841.496
Kepler-475 b,Kepler-475,1,1,2016,Transit,Kepler,3.105508189,,2.49,,,5009,280.069
Kepler-476 b,Kepler-476,1,1,2016,Transit,Kepler,14.00640607,,3.08,,,5837,813.535
Kepler-477 b,Kepler-477,2,1,2016,Transit,Kepler,11.11990653,,2.07,,,5240,
Kepler-478 b,Kepler-478,1,1,2016,Transit,Kepler,13.2217576,,2.71,,,5210,
Kepler-479 b,Kepler-479,1,1,2016,Transit,Kepler,12.49341307,,2.12,,,5247,344.901
Kepler-48 b,Kepler-48,1,5,2012,Transit,Kepler,4.778,,1.88,3.94,,5194,306.738
Kepler-48 c,Kepler-48,1,5,2012,Transit,Kepler,9.67395,,2.71,14.61,,5194,306.738
Kepler-48 d,Kepler-48,1,5,2014,Transit,Kepler,42.8961,,2.04,7.93,,5194,306.738
Kepler-48 e,Kepler-48,1,5,2014,Radial Velocity,W. M. Keck Observatory,982,,,657,,5194,306.738
Kepler-48 f,Kepler-48,1,5,2023,Radial Velocity,W. M. Keck Observatory,5219.681854,5.719187877,,298.5809968,,,306.738
Kepler-480 b,Kepler-480,1,1,2016,Transit,Kepler,4.919583795,,2.78,,,6322,847.508
Kepler-481 b,Kepler-481,1,1,2016,Transit,Kepler,10.06082567,,2.5,,,5802,813.724
Kepler-482 b,Kepler-482,1,1,2016,Transit,Kepler,56.35418576,,2.36,,,4871,313.068
Kepler-483 b,Kepler-483,1,1,2016,Transit,Kepler,30.229104,,3.21,,,6346,860.355
Kepler-484 b,Kepler-484,1,1,2016,Transit,Kepler,10.04556931,,2.28,,,5668,382.136
Kepler-485 b,Kepler-485,1,1,2016,Transit,Kepler,3.243259796,,14.41,,,5958,1140.95
Kepler-487 b,Kepler-487,1,3,2016,Transit,Kepler,15.3587684,,11.42,,,5444,872.343
Kepler-487 c,Kepler-487,1,3,2016,Transit,Kepler,38.6519976,,2.68,,,5444,872.343
Kepler-487 d,Kepler-487,1,3,2021,Transit,Kepler,2.418390036,,2.77513568,,,5422,872.343
Kepler-489 b,Kepler-489,1,1,2016,Transit,Kepler,17.27629612,,7.72,,,5014,369.645
Kepler-49 b,Kepler-49,1,4,2012,Transit,Kepler,7.2,,2.579,9.77,,4095.6,311.222
Kepler-49 c,Kepler-49,1,4,2012,Transit,Kepler,10.91,,2.444,8.38,,4095.6,311.222
Kepler-49 d,Kepler-49,1,4,2014,Transit,Kepler,2.576549,0.031,1.6,,,4252,311.222
Kepler-49 e,Kepler-49,1,4,2014,Transit,Kepler,18.596108,0.116,1.56,,,4252,311.222
Kepler-490 b,Kepler-490,1,1,2016,Transit,Kepler,3.268695154,,11.65,,,6045,1523
Kepler-491 b,Kepler-491,1,1,2016,Transit,Kepler,4.225384512,,8.92,,,5582,630.785
Kepler-493 b,Kepler-493,1,1,2016,Transit,Kepler,3.003876581,,15.13,,,6457,1745.77
Kepler-495 b,Kepler-495,1,2,2016,Transit,Kepler,3.413036221,,5.23,,,5346,658.924
Kepler-495 c,Kepler-495,1,2,2021,Transit,Kepler,5.896609783,,1.21936414,,,5392,658.924
Kepler-496 b,Kepler-496,1,1,2016,Transit,Kepler,8.30864937,,2.32,,,5293,605.274
Kepler-497 b,Kepler-497,1,1,2016,Transit,Kepler,3.573203671,,6.04,,,5834,1291.98
Kepler-498 b,Kepler-498,1,1,2016,Transit,Kepler,9.61375356,,3.03,,,5744,938.844
Kepler-499 b,Kepler-499,1,1,2016,Transit,Kepler,5.632528453,,2.17,,,5312,556.726
Kepler-5 b,Kepler-5,1,1,2009,Transit,Kepler,3.5484657,0.0538,15.984034,670.93913,1750,6297,899.777
Kepler-50 b,Kepler-50,1,2,2012,Transit,Kepler,7.81254,0.077,1.71,,,6225,250.11
Kepler-50 c,Kepler-50,1,2,2012,Transit,Kepler,9.37647,0.087,2.17,,,6225,250.11
Kepler-500 b,Kepler-500,1,1,2016,Transit,Kepler,8.508324398,,2.58,,,5813,807.48
Kepler-501 b,Kepler-501,1,2,2016,Transit,Kepler,5.640677572,,4.3,,,5904,1125.24
Kepler-501 c,Kepler-501,1,2,2021,Transit,Kepler,3.622760057,,1.68119739,,,5794,1125.24
Kepler-502 b,Kepler-502,1,1,2016,Transit,Kepler,4.28686431,,4.77,,,6125,1591.04
Kepler-504 b,Kepler-504,2,1,2016,Transit,Kepler,9.549275422,,1.59,,,3519,99.0688
Kepler-505 b,Kepler-505,1,1,2016,Transit,Kepler,27.52197994,,2.6,,,3931,283.41
Kepler-506 b,Kepler-506,1,1,2016,Transit,Kepler,6.8834055,,2.73,,,6236,228.439
Kepler-507 b,Kepler-507,1,1,2016,Transit,Kepler,3.568096926,,1.3,,,6113,391.644
Kepler-508 b,Kepler-508,1,1,2016,Transit,Kepler,25.30889748,,1.64,,,6025,324.618
Kepler-509 b,Kepler-509,1,1,2016,Transit,Kepler,41.74600392,,2.49,,,6060,332.443
Kepler-51 b,Kepler-51,1,4,2012,Transit,Kepler,45.154,0.2514,7.1,2.1,543,6018,783.831
Kepler-51 c,Kepler-51,1,4,2012,Transit,Kepler,85.312,0.384,9,4,439,6018,783.831
Kepler-51 d,Kepler-51,1,4,2014,Transit,Kepler,130.194,0.509,9.7,7.6,381,6018,783.831
Kepler-51 e,Kepler-51,1,4,2024,Transit Timing Variations,Multiple Observatories,264.284,,,5.4,,5674,783.831
Kepler-510 b,Kepler-510,1,1,2016,Transit,Kepler,19.55659418,,2.47,,,5746,386.177
Kepler-511 b,Kepler-511,1,2,2016,Transit,Kepler,296.637865,,6.35,,,5770,651.999
Kepler-511 c,Kepler-511,1,2,2021,Transit,Kepler,26.62949944,,4.20964327,,,5866,651.999
Kepler-512 b,Kepler-512,1,1,2016,Transit,Kepler,34.43587975,,2.69,,,5997,467.375
Kepler-513 b,Kepler-513,1,1,2016,Transit,Kepler,28.86235584,,2.2,,,5849,468.258
Kepler-514 b,Kepler-514,2,1,2016,Transit,Kepler,5.65179605,,1.72,,,6106,455.336
Kepler-515 b,Kepler-515,2,1,2016,Transit,Kepler,19.96371318,,1.46,,,5293,
Kepler-516 b,Kepler-516,1,1,2016,Transit,Kepler,24.85462415,,5.74,,,7099,687.094
Kepler-517 b,Kepler-517,2,1,2016,Transit,Kepler,60.92832271,,2.67,,,5690,289.907
Kepler-518 b,Kepler-518,1,1,2016,Transit,Kepler,8.512035877,,2.11,,,5842,337.901
Kepler-519 b,Kepler-519,2,1,2016,Transit,Kepler,24.3078946,,2.1,,,5260,246.61
Kepler-52 b,Kepler-52,1,3,2012,Transit,Kepler,7.8773565,,2.1,135,,4075,321.542
Kepler-52 c,Kepler-52,1,3,2012,Transit,Kepler,16.3850021,,1.84,45.4,,4075,321.542
Kepler-52 d,Kepler-52,1,3,2014,Transit,Kepler,36.445171,0.182,1.95,,,4263,321.542
Kepler-520 b,Kepler-520,1,2,2016,Transit,Kepler,19.67416124,,1.66,,,6112,623.901
Kepler-520 c,Kepler-520,1,2,2016,Transit,Kepler,5.21104261,,1.07,,,6112,623.901
Kepler-521 b,Kepler-521,1,1,2016,Transit,Kepler,22.20813214,,3.18,,,6406,830.638
Kepler-522 b,Kepler-522,1,1,2016,Transit,Kepler,38.58422849,,6.91,,,6392,639.239
Kepler-523 b,Kepler-523,1,1,2016,Transit,Kepler,5.835983111,,1.96,,,5515,253.295
Kepler-524 b,Kepler-524,1,2,2016,Transit,Kepler,7.97419807,,1.91,,,6014,1058.24
Kepler-524 c,Kepler-524,1,2,2016,Transit,Kepler,1.88897906,,0.96,,,6014,1058.24
Kepler-525 b,Kepler-525,1,1,2016,Transit,Kepler,18.68404933,,2.63,,,5573,992.852
Kepler-526 b,Kepler-526,1,1,2016,Transit,Kepler,5.458498316,,1.99,,,5894,666.146
Kepler-527 b,Kepler-527,1,1,2016,Transit,Kepler,13.28535633,,2.84,,,6388,750.04
Kepler-528 b,Kepler-528,1,1,2016,Transit,Kepler,19.78297415,,2.08,,,5807,784.23
Kepler-529 b,Kepler-529,1,3,2016,Transit,Kepler,1.980357663,,1.86,,,6087,799.008
Kepler-529 c,Kepler-529,1,3,2016,Transit,Kepler,12.8345022,,2,,,6087,799.008
Kepler-529 d,Kepler-529,1,3,2021,Transit,Kepler,35.86619949,,2.79502603,,,6078,799.008
Kepler-53 b,Kepler-53,1,3,2012,Transit,Kepler,18.6489525,,2.89,111,,5858,1366.07
Kepler-53 c,Kepler-53,1,3,2012,Transit,Kepler,38.5583038,,3.17,36,,5858,1366.07
Kepler-53 d,Kepler-53,1,3,2014,Transit,Kepler,9.751962,0.091,2.12,,,6085,1366.07
Kepler-530 b,Kepler-530,2,1,2016,Transit,Kepler,39.30941904,,3.01,,,5697,457.709
Kepler-531 b,Kepler-531,1,1,2016,Transit,Kepler,29.88485741,,2.78,,,4893,252.762
Kepler-532 b,Kepler-532,1,1,2016,Transit,Kepler,12.92491623,,2.57,,,5192,312.798
Kepler-533 b,Kepler-533,1,1,2016,Transit,Kepler,28.51120525,,3.38,,,4758,302.955
Kepler-534 b,Kepler-534,1,2,2016,Transit,Kepler,15.95994513,,2.24,,,5884,570.659
Kepler-534 c,Kepler-534,1,2,2021,Transit,Kepler,7.378689766,,1.227,,,5936,570.659
Kepler-535 b,Kepler-535,1,1,2016,Transit,Kepler,4.903321551,,2.36,,,6123,685.599
Kepler-536 b,Kepler-536,1,1,2016,Transit,Kepler,1.827082299,,3.1,,,5524,462.322
Kepler-537 b,Kepler-537,1,1,2016,Transit,Kepler,3.247555219,,1.41,,,5763,439.4
Kepler-538 b,Kepler-538,2,1,2016,Transit,Kepler,81.73778,0.3554,2.215,12.9,417,5534,155.956
Kepler-539 b,Kepler-539,1,2,2016,Transit,Kepler,125.63243,0.4988,8.373123,308.2951,387.6,5820,307.318
Kepler-539 c,Kepler-539,1,2,2016,Transit Timing Variations,Kepler,1000,2.42,,762.792,253,5820,307.318
Kepler-54 b,Kepler-54,1,3,2012,Transit,Kepler,8.0109434,,2.1,,,3705,271.701
Kepler-54 c,Kepler-54,1,3,2012,Transit,Kepler,12.0717249,,1.23,,,3705,271.701
Kepler-54 d,Kepler-54,1,3,2014,Transit,Kepler,20.995694,0.126,1.53,,,4252,271.701
Kepler-540 b,Kepler-540,1,1,2016,Transit,Kepler,172.7049784,,2.71,,,5946,390.374
Kepler-541 b,Kepler-541,1,1,2016,Transit,Kepler,5.08005848,,3.36,,,6166,1060.68
Kepler-542 b,Kepler-542,1,1,2016,Transit,Kepler,13.14497566,,1.57,,,5526,436.016
Kepler-543 b,Kepler-543,1,1,2016,Transit,Kepler,13.89961966,,2.5,,,4671,221.802
Kepler-544 b,Kepler-544,1,1,2016,Transit,Kepler,21.41616926,,2.12,,,6206,963.18
Kepler-545 b,Kepler-545,1,1,2016,Transit,Kepler,13.24934059,,2.69,,,5882,818.001
Kepler-546 b,Kepler-546,1,1,2016,Transit,Kepler,4.147020258,,7,,,5967,1019.65
Kepler-547 b,Kepler-547,1,1,2016,Transit,Kepler,6.010384289,,4,,,4828,378.972
Kepler-548 b,Kepler-548,1,1,2016,Transit,Kepler,4.454194338,,11.99,,,5535,751.776
Kepler-549 b,Kepler-549,1,3,2016,Transit,Kepler,42.9495649,,2.57,,,5360,635.145
Kepler-549 c,Kepler-549,1,3,2016,Transit,Kepler,117.040498,,2.93,,,5360,635.145
Kepler-549 d,Kepler-549,1,3,2023,Transit,Kepler,24.61480613,0.1575,4.2,,586,5312,635.145
Kepler-55 b,Kepler-55,1,5,2012,Transit,Kepler,27.9481449,,2.43,,,4362,578.796
Kepler-55 c,Kepler-55,1,5,2012,Transit,Kepler,42.1516418,,2.21,,,4362,578.796
Kepler-55 d,Kepler-55,1,5,2014,Transit,Kepler,2.211099,0.029,1.59,,,4503,578.796
Kepler-55 e,Kepler-55,1,5,2014,Transit,Kepler,4.617534,0.048,1.55,,,4503,578.796
Kepler-55 f,Kepler-55,1,5,2014,Transit,Kepler,10.198545,0.081,1.59,,,4503,578.796
Kepler-550 b,Kepler-550,1,1,2016,Transit,Kepler,8.600104109,,4.42,,,5322,531.944
Kepler-551 b,Kepler-551,1,1,2016,Transit,Kepler,12.3764661,,2.73,,,4286,311.175
Kepler-552 b,Kepler-552,1,1,2016,Transit,Kepler,5.263415765,,3.95,,,5863,843.689
Kepler-553 b,Kepler-553,1,2,2016,Transit,Kepler,4.030467,0.04766,4.74139884,116.0073686,1089,5191,728.525
Kepler-553 c,Kepler-553,1,2,2016,Transit,Kepler,328.24017,0.898,11.57887706,2129.450327,251,5191,728.525
Kepler-554 b,Kepler-554,1,1,2016,Transit,Kepler,1.902208556,,4.29,,,5447,690.525
Kepler-555 b,Kepler-555,1,1,2016,Transit,Kepler,16.21775407,,2.83,,,5894,973.121
Kepler-556 b,Kepler-556,1,1,2016,Transit,Kepler,11.72292176,,2.24,,,5740,674.598
Kepler-557 b,Kepler-557,1,1,2016,Transit,Kepler,3.705989551,,2.67,,,6068,2097.12
Kepler-558 b,Kepler-558,1,1,2016,Transit,Kepler,29.00790538,,2.37,,,5242,661.876
Kepler-559 b,Kepler-559,1,1,2016,Transit,Kepler,17.58752333,,3.61,,,5630,776.708
Kepler-56 b,Kepler-56,1,3,2012,Transit,Kepler,10.5016,0.1028,6.51,22.1,,4840,912.994
Kepler-56 c,Kepler-56,1,3,2012,Transit,Kepler,21.40239,0.1652,9.8,181,,4840,912.994
Kepler-56 d,Kepler-56,1,3,2016,Radial Velocity,Multiple Observatories,1002,2.16,,1784,,4819.44,912.994
Kepler-560 b,Kepler-560,2,1,2016,Transit,Kepler,18.47764449,,1.72,,,3556,109.308
Kepler-561 b,Kepler-561,1,2,2016,Transit,Kepler,58.3620495,,6.96,,,5646,621.378
Kepler-561 c,Kepler-561,1,2,2016,Transit,Kepler,5.350161983,,2.68,,,5646,621.378
Kepler-562 b,Kepler-562,1,1,2016,Transit,Kepler,18.00931444,,5.21,,,5575,992.769
Kepler-563 b,Kepler-563,1,1,2016,Transit,Kepler,22.18432708,,3.09,,,5066,565.207
Kepler-564 b,Kepler-564,1,1,2016,Transit,Kepler,3.750832285,,4.63,,,5626,863.037
Kepler-565 b,Kepler-565,1,1,2016,Transit,Kepler,4.243747226,,3.64,,,5735,
Kepler-566 b,Kepler-566,1,1,2016,Transit,Kepler,18.42794624,,2.15,,,5132,564.277
Kepler-567 b,Kepler-567,1,1,2016,Transit,Kepler,16.54297375,,2.25,,,5148,558.81
Kepler-568 b,Kepler-568,1,1,2016,Transit,Kepler,11.02347475,,2.26,,,3768,130.645
Kepler-569 b,Kepler-569,1,1,2016,Transit,Kepler,34.18890521,,3.16,,,5616,638.301
Kepler-57 b,Kepler-57,1,2,2012,Transit,Kepler,5.72,,3.135,25.06,,5187.9,644.14
Kepler-57 c,Kepler-57,1,2,2012,Transit,Kepler,11.6,,2.196,6.86,,5187.9,644.14
Kepler-570 b,Kepler-570,1,1,2016,Transit,Kepler,4.301662003,,2.45,,,5496,568.148
Kepler-571 b,Kepler-571,1,1,2016,Transit,Kepler,4.798599388,,2.64,,,5527,723.875
Kepler-572 b,Kepler-572,1,1,2016,Transit,Kepler,17.20523483,,2.58,,,5212,504.667
Kepler-573 b,Kepler-573,1,1,2016,Transit,Kepler,22.18329658,,2.79,,,5746,771.471
Kepler-574 b,Kepler-574,1,1,2016,Transit,Kepler,7.65880414,,2.39,,,5612,682.896
Kepler-575 b,Kepler-575,1,1,2016,Transit,Kepler,9.37891944,,2.39,,,5710,853.977
Kepler-576 b,Kepler-576,1,1,2016,Transit,Kepler,29.91136794,,3.27,,,5672,617.55
Kepler-577 b,Kepler-577,1,1,2016,Transit,Kepler,25.69578251,,2.55,,,4984,524.247
Kepler-578 b,Kepler-578,1,1,2016,Transit,Kepler,1.616883696,,2,,,5334,541.432
Kepler-579 b,Kepler-579,1,1,2016,Transit,Kepler,9.66857723,,2,,,5636,530.765
Kepler-58 b,Kepler-58,1,4,2012,Transit,Kepler,10.2184954,,2.78,35.5,,5843,969.252
Kepler-58 c,Kepler-58,1,4,2012,Transit,Kepler,15.5741568,,2.86,53,,5843,969.252
Kepler-58 d,Kepler-58,1,4,2014,Transit,Kepler,40.101371,0.236,2.94,,,6099,969.252
Kepler-58 e,Kepler-58,1,4,2023,Transit,Kepler,4.45814897,0.0533,1.61,,1212,6100,969.252
Kepler-580 b,Kepler-580,1,1,2016,Transit,Kepler,8.222419656,,2.57,,,4298,323.899
Kepler-581 b,Kepler-581,1,1,2016,Transit,Kepler,40.6069821,,2.63,,,5772,703.758
Kepler-582 b,Kepler-582,1,1,2016,Transit,Kepler,18.49235668,,3.68,,,5564,613.179
Kepler-583 b,Kepler-583,1,1,2016,Transit,Kepler,6.5100253,,2.28,,,5523,867.271
Kepler-584 b,Kepler-584,1,1,2016,Transit,Kepler,35.1810304,,4.21,,,6195,1848.84
Kepler-585 b,Kepler-585,1,1,2016,Transit,Kepler,2.752359753,,2.83,,,5593,585.187
Kepler-586 b,Kepler-586,1,1,2016,Transit,Kepler,2.104722184,,2.79,,,5575,693.766
Kepler-587 b,Kepler-587,1,1,2016,Transit,Kepler,10.94027841,,2.23,,,5549,787.894
Kepler-588 b,Kepler-588,1,1,2016,Transit,Kepler,4.221625357,,2.63,,,5835,1209.4
Kepler-589 b,Kepler-589,1,2,2016,Transit,Kepler,16.54964934,,2.27,,,5296,612.803
Kepler-589 c,Kepler-589,1,2,2021,Transit,Kepler,3.52466011,,1.11727238,,,5372,612.803
Kepler-59 b,Kepler-59,1,2,2012,Transit,Kepler,11.8681707,,1.1,,,6074,1163.22
Kepler-59 c,Kepler-59,1,2,2012,Transit,Kepler,17.9801235,,1.98,,,6074,1163.22
Kepler-590 b,Kepler-590,1,1,2016,Transit,Kepler,5.85296257,,4.02,,,6000,1421.81
Kepler-591 b,Kepler-591,1,1,2016,Transit,Kepler,81.1694299,,3.39,,,5677,785.137
Kepler-592 b,Kepler-592,1,1,2016,Transit,Kepler,2.820192408,,2.39,,,5913,1153.13
Kepler-593 b,Kepler-593,1,1,2016,Transit,Kepler,21.21708973,,2.87,,,5967,973.76
Kepler-594 b,Kepler-594,1,1,2016,Transit,Kepler,13.64618192,,2.18,,,5485,769.2
Kepler-595 b,Kepler-595,1,2,2016,Transit,Kepler,25.3029092,,3.708,17.4,,,643.009
Kepler-595 c,Kepler-595,1,2,2020,Transit,Kepler,12.38602,,1.009,3.3,,,643.009
Kepler-596 b,Kepler-596,1,1,2016,Transit,Kepler,21.30022655,,3.46,,,6267,1023.85
Kepler-597 b,Kepler-597,1,1,2016,Transit,Kepler,13.02365861,,2.37,,,5683,663.418
Kepler-598 b,Kepler-598,1,2,2016,Transit,Kepler,3.70175428,,1.5,,,5307,681.086
Kepler-598 c,Kepler-598,1,2,2020,Transit,Kepler,86.4945,,3.02420941,,,5245,681.086
Kepler-599 b,Kepler-599,1,1,2016,Transit,Kepler,15.65562652,,2.84,,,5127,558.517
Kepler-6 b,Kepler-6,1,1,2009,Transit,Kepler,3.2346996,0.04852,14.616536,212.31044,1460,5647,587.039
Kepler-60 b,Kepler-60,1,3,2012,Transit,Kepler,7.1334,,1.71,4.19,,5905,1025.1
Kepler-60 c,Kepler-60,1,3,2012,Transit,Kepler,8.9187,,1.9,3.85,,5905,1025.1
Kepler-60 d,Kepler-60,1,3,2012,Transit,Kepler,11.8981,,1.99,4.16,,5905,1025.1
Kepler-600 b,Kepler-600,1,1,2016,Transit,Kepler,23.67517607,,2.9,,,5279,619.723
Kepler-601 b,Kepler-601,1,1,2016,Transit,Kepler,5.378868441,,1.9,,,5160,414.825
Kepler-602 b,Kepler-602,1,1,2016,Transit,Kepler,15.28469497,,2.09,,,6062,1159.31
Kepler-603 b,Kepler-603,1,3,2016,Transit,Kepler,21.05358596,,2.65,,,5808,1539.63
Kepler-603 c,Kepler-603,1,3,2016,Transit,Kepler,127.9075774,,6.5,,,5808,1539.63
Kepler-603 d,Kepler-603,1,3,2016,Transit,Kepler,6.2171292,,1.32,,,5808,1539.63
Kepler-604 b,Kepler-604,1,1,2016,Transit,Kepler,25.85501786,,2.59,,,5890,1026.49
Kepler-605 b,Kepler-605,1,2,2016,Transit,Kepler,3.383538066,,1.44,,,5462,556.58
Kepler-605 c,Kepler-605,1,2,2016,Transit,Kepler,2.358951515,,0.86,,,5462,556.58
Kepler-606 b,Kepler-606,1,1,2016,Transit,Kepler,24.31575992,,3.31,,,6161,1215.11
Kepler-607 b,Kepler-607,1,2,2016,Transit,Kepler,0.638163204,,0.87,,,5196,519.122
Kepler-607 c,Kepler-607,1,2,2021,Transit,Kepler,39.67679977,,2.76001201,,,5244,519.122
Kepler-608 b,Kepler-608,1,1,2016,Transit,Kepler,6.412515037,,3.64,,,5820,946.683
Kepler-609 b,Kepler-609,1,1,2016,Transit,Kepler,6.521210666,,3.35,,,5971,1065.82
Kepler-61 b,Kepler-61,1,1,2013,Transit,Kepler,59.87756,,2.15,,273,4017,335.079
Kepler-610 b,Kepler-610,1,2,2016,Transit,Kepler,6.996926554,,4.19,,,5943,845.824
Kepler-610 c,Kepler-610,1,2,2016,Transit,Kepler,151.86392,,3.3,,,5943,845.824
Kepler-611 b,Kepler-611,1,1,2016,Transit,Kepler,2.437033302,,1.65,,,5761,1395.56
Kepler-612 b,Kepler-612,1,1,2016,Transit,Kepler,3.722156413,,2.84,,,5693,1445.53
Kepler-613 b,Kepler-613,1,1,2016,Transit,Kepler,15.77979614,,2.29,,,5723,861.494
Kepler-614 b,Kepler-614,1,1,2016,Transit,Kepler,14.03491514,,2.39,,,5268,527.995
Kepler-615 b,Kepler-615,1,1,2016,Transit,Kepler,10.35584657,,1.74,,,4655,
Kepler-616 b,Kepler-616,1,3,2016,Transit,Kepler,9.99761851,,2.43,,,5753,945.775
Kepler-616 c,Kepler-616,1,3,2016,Transit,Kepler,90.4113556,,3.41,,,5753,945.775
Kepler-616 d,Kepler-616,1,3,2021,Transit,Kepler,51.06740189,,2.653,,,6004,945.775
Kepler-617 b,Kepler-617,1,1,2016,Transit,Kepler,1.682696148,,1.32,,,3712,173.354
Kepler-618 b,Kepler-618,1,1,2016,Transit,Kepler,3.595769645,,2.6,,,5860,1221.96
Kepler-619 b,Kepler-619,1,3,2016,Transit,Kepler,5.404272197,,3.16,,,5980,900.678
Kepler-619 c,Kepler-619,1,3,2016,Transit,Kepler,1.208465026,,1.69,,,5980,900.678
Kepler-619 d,Kepler-619,1,3,2023,Transit,Kepler,11.67894236,0.1021,4.17,,830,6122,900.678
Kepler-62 b,Kepler-62,1,5,2013,Transit,Kepler,5.714932,0.0553,1.31,9,750,4925,300.874
Kepler-62 c,Kepler-62,1,5,2013,Transit,Kepler,12.4417,0.0929,0.54,4,578,4925,300.874
Kepler-62 d,Kepler-62,1,5,2013,Transit,Kepler,18.16406,0.12,1.95,14,510,4925,300.874
Kepler-62 e,Kepler-62,1,5,2013,Transit,Kepler,122.3874,0.427,1.61,36,270,4925,300.874
Kepler-62 f,Kepler-62,1,5,2013,Transit,Kepler,267.291,0.718,1.41,35,208,4925,300.874
Kepler-620 b,Kepler-620,1,1,2016,Transit,Kepler,12.91375431,,3.32,,,6155,1355.28
Kepler-621 b,Kepler-621,1,1,2016,Transit,Kepler,2.628113746,,2.3,,,4521,
Kepler-622 b,Kepler-622,1,1,2016,Transit,Kepler,14.28226676,,2.13,,,4201,284.761
Kepler-623 b,Kepler-623,1,1,2016,Transit,Kepler,9.07097734,,3.01,,,5443,737.702
Kepler-624 b,Kepler-624,1,1,2016,Transit,Kepler,14.58649607,,2.31,,,6117,748.188
Kepler-625 b,Kepler-625,1,2,2016,Transit,Kepler,7.75192492,,1.99,,,5789,760.708
Kepler-625 c,Kepler-625,1,2,2016,Transit,Kepler,4.1653651,,1.05,,,5789,760.708
Kepler-626 b,Kepler-626,1,1,2016,Transit,Kepler,14.48585199,,2.29,,,5813,635.643
Kepler-627 b,Kepler-627,1,1,2016,Transit,Kepler,40.6994443,,3.73,,,6424,984.307
Kepler-629 b,Kepler-629,1,1,2016,Transit,Kepler,7.2385854,,1.38,,,5444,372.05
Kepler-63 b,Kepler-63,1,1,2013,Transit,Kepler,9.4341505,0.08,6.11,120,,5576,194.033
Kepler-630 b,Kepler-630,1,1,2016,Transit,Kepler,161.4743937,,3.18,,,5829,839.784
Kepler-631 b,Kepler-631,1,1,2016,Transit,Kepler,17.97979059,,2.9,,,6185,761.966
Kepler-632 b,Kepler-632,1,1,2016,Transit,Kepler,30.99660733,,2.21,,,5322,
Kepler-633 b,Kepler-633,1,2,2016,Transit,Kepler,8.50340718,,1.63,,,5899,680.54
Kepler-633 c,Kepler-633,1,2,2021,Transit,Kepler,23.78319931,,2.296,,,5877,680.54
Kepler-634 b,Kepler-634,1,1,2016,Transit,Kepler,5.16950177,,1.89,,,6075,888.027
Kepler-635 b,Kepler-635,1,1,2016,Transit,Kepler,23.44971004,,2.64,,,6174,1141.08
Kepler-636 b,Kepler-636,2,1,2016,Transit,Kepler,16.08066115,,4.45,,,5203,310.301
Kepler-637 b,Kepler-637,1,1,2016,Transit,Kepler,23.20584623,,4.75,,,6096,786.091
Kepler-638 b,Kepler-638,1,1,2016,Transit,Kepler,6.07972888,,1.83,,,5382,991.214
Kepler-639 b,Kepler-639,1,1,2016,Transit,Kepler,10.21420496,,2.38,,,5896,850.242
Kepler-640 b,Kepler-640,1,1,2016,Transit,Kepler,22.24813967,,2.56,,,5653,557.787
Kepler-641 b,Kepler-641,1,1,2016,Transit,Kepler,9.48961571,,1.85,,,5713,969.918
Kepler-642 b,Kepler-642,1,1,2016,Transit,Kepler,4.41745855,,2.9,,,6570,781.582
Kepler-643 b,Kepler-643,1,1,2016,Transit,Kepler,16.33889626,,10.16,,,4908,1063.58
Kepler-644 b,Kepler-644,1,1,2016,Transit,Kepler,3.173917103,,3.15,,,6747,1318.05
Kepler-645 b,Kepler-645,1,1,2016,Transit,Kepler,3.275822621,,2.1,,,6170,1173.57
Kepler-646 b,Kepler-646,1,1,2016,Transit,Kepler,15.87364565,,1.99,,,5634,451.794
Kepler-647 b,Kepler-647,1,2,2016,Transit,Kepler,16.2254649,,1.17,,,6020,1087.87
Kepler-647 c,Kepler-647,1,2,2020,Transit,Kepler,29.6663,,4.00135002,,,5906.74,1087.87
Kepler-648 b,Kepler-648,1,1,2016,Transit,Kepler,17.4211749,,3.22,,,5741,636.03
Kepler-649 b,Kepler-649,1,1,2016,Transit,Kepler,29.90722674,,2.26,,,5871,513.748
Kepler-65 b,Kepler-65,1,4,2012,Transit,Kepler,2.15491,0.035,1.42,,,6211,303.728
Kepler-65 c,Kepler-65,1,4,2012,Transit,Kepler,5.859944,0.068,2.58,,,6211,303.728
Kepler-65 d,Kepler-65,1,4,2012,Transit,Kepler,8.13123,0.084,1.52,,,6211,303.728
Kepler-65 e,Kepler-65,1,4,2019,Radial Velocity,W. M. Keck Observatory,258.8,,,260,,,303.728
Kepler-650 b,Kepler-650,1,1,2016,Transit,Kepler,3.032145588,,2.96,,,5849,884.378
Kepler-651 b,Kepler-651,1,1,2016,Transit,Kepler,21.38521506,,2.37,,,5522,509.408
Kepler-652 b,Kepler-652,1,1,2016,Transit,Kepler,4.182002531,,2.49,,,5490,394.55
Kepler-653 b,Kepler-653,1,2,2016,Transit,Kepler,14.70748976,,1.95,,,5665,595.634
Kepler-653 c,Kepler-653,1,2,2016,Transit,Kepler,0.900376476,,0.78,,,5665,595.634
Kepler-654 b,Kepler-654,1,1,2016,Transit,Kepler,13.72465129,,2.07,,,5865,974.124
Kepler-655 b,Kepler-655,1,1,2016,Transit,Kepler,46.4063358,,2.71,,,6170,752.562
Kepler-656 b,Kepler-656,1,2,2016,Transit,Kepler,1.260259094,,3.12,,,5281,890.352
Kepler-656 c,Kepler-656,1,2,2023,Transit,Kepler,5.25449393,0.0602,1.41,,975,5550,890.352
Kepler-657 b,Kepler-657,1,1,2016,Transit,Kepler,24.54350418,,3.52,,,5808,1691.88
Kepler-658 b,Kepler-658,1,1,2016,Transit,Kepler,1.287076762,,1.63,,,4103,388.384
Kepler-659 b,Kepler-659,1,1,2016,Transit,Kepler,17.671796,,2.5,,,4870,722.64
Kepler-66 b,Kepler-66,1,1,2013,Transit,Kepler,17.815815,0.1352,2.8,,,5962,1202.96
Kepler-660 b,Kepler-660,1,1,2016,Transit,Kepler,9.27358194,,2.57,,,4779,568.431
Kepler-661 b,Kepler-661,1,1,2016,Transit,Kepler,6.029301321,,3.07,,,4483,534.788
Kepler-662 b,Kepler-662,1,1,2016,Transit,Kepler,21.67697486,,2.18,,,4897,815.637
Kepler-663 b,Kepler-663,1,1,2016,Transit,Kepler,4.99678284,,2.6,,,5264,1063.09
Kepler-664 b,Kepler-664,1,1,2016,Transit,Kepler,2.525593315,,2.66,,,5754,1210.12
Kepler-665 b,Kepler-665,1,1,2016,Transit,Kepler,16.01310205,,2.6,,,4913,612.838
Kepler-666 b,Kepler-666,1,1,2016,Transit,Kepler,4.49876092,,2.4,,,5887,1508.71
Kepler-667 b,Kepler-667,1,1,2016,Transit,Kepler,41.43962808,,4.73,,,5327,2302.45
Kepler-668 b,Kepler-668,1,1,2016,Transit,Kepler,8.35390639,,2.7,,,5352,784.618
Kepler-669 b,Kepler-669,1,1,2016,Transit,Kepler,4.125546869,,4.83,,,6038,2063.41
Kepler-67 b,Kepler-67,1,1,2013,Transit,Kepler,15.7259,0.1171,2.94,,,5331,1131.19
Kepler-670 b,Kepler-670,1,1,2016,Transit,Kepler,2.816504852,,13.18,,,5709,939.744
Kepler-671 b,Kepler-671,1,1,2016,Transit,Kepler,4.280958588,,2.69,,,5624,1168.26
Kepler-672 b,Kepler-672,1,1,2016,Transit,Kepler,38.3774623,,2.5,,,5627,1033.93
Kepler-673 b,Kepler-673,1,1,2016,Transit,Kepler,3.728731093,,6.54,,,5355,918.21
Kepler-674 b,Kepler-674,1,1,2016,Transit,Kepler,2.243381847,,1.69,,,4192,342.254
Kepler-675 b,Kepler-675,1,1,2016,Transit,Kepler,2.33743801,,2.44,,,4945,665.68
Kepler-676 b,Kepler-676,1,1,2016,Transit,Kepler,11.59822172,,3.04,,,3701,295.196
Kepler-677 b,Kepler-677,1,1,2016,Transit,Kepler,6.57531678,,5.38,,,5723,1954.08
Kepler-678 b,Kepler-678,1,1,2016,Transit,Kepler,7.27503724,,5.14,,,5520,1826.15
Kepler-679 b,Kepler-679,1,1,2016,Transit,Kepler,12.39358604,,3.01,,,5403,922.244
Kepler-68 b,Kepler-68,2,4,2013,Transit,Kepler,5.39875259,0.06135,2.357,8.03,1275,5847,144.166
Kepler-68 c,Kepler-68,2,4,2013,Transit,Kepler,9.605027,0.09008,0.979,1.3,1052,5847,144.166
Kepler-68 d,Kepler-68,2,4,2013,Radial Velocity,W. M. Keck Observatory,632.62,1.469,,238.0534768,,5847,144.166
Kepler-68 e,Kepler-68,2,4,2023,Radial Velocity,Roque de los Muchachos Observatory,3455,4.6,,86.4493267,,5847,144.166
Kepler-680 b,Kepler-680,1,1,2016,Transit,Kepler,3.689926291,,2.42,,,5890,1492.48
Kepler-681 b,Kepler-681,1,1,2016,Transit,Kepler,26.39435646,,3.08,,,5021,686.923
Kepler-682 b,Kepler-682,1,1,2016,Transit,Kepler,12.61190667,,7.37,,,5559,1979.25
Kepler-683 b,Kepler-683,1,1,2016,Transit,Kepler,2.539183179,,1.97,,,5703,1023.07
Kepler-684 b,Kepler-684,1,1,2016,Transit,Kepler,6.770302008,,3.36,,,5493,1731.27
Kepler-685 b,Kepler-685,1,1,2016,Transit,Kepler,1.6255222,,10.58,,,5963,938.715
Kepler-686 b,Kepler-686,1,1,2016,Transit,Kepler,1.594745463,,12.15,,,5649,1490.94
Kepler-687 b,Kepler-687,1,1,2016,Transit,Kepler,20.50586978,,3.52,,,4841,633.66
Kepler-688 b,Kepler-688,1,1,2016,Transit,Kepler,3.895936844,,9.76,,,5715,1357.75
Kepler-689 b,Kepler-689,1,1,2016,Transit,Kepler,22.36656079,,2.89,,,5518,1131.73
Kepler-69 b,Kepler-69,1,2,2013,Transit,Kepler,13.722341,0.094,2.24,,779,5638,730.625
Kepler-69 c,Kepler-69,1,2,2013,Transit,Kepler,242.4613,0.64,1.71,,299,5638,730.625
Kepler-690 b,Kepler-690,1,1,2016,Transit,Kepler,7.748094374,,5.95,,,5913,1665.31
Kepler-691 b,Kepler-691,1,1,2016,Transit,Kepler,8.114379,,2.09,,,3715,279.115
Kepler-692 b,Kepler-692,1,1,2016,Transit,Kepler,21.81293494,,3.11,,,5440,991.336
Kepler-693 b,Kepler-693,2,1,2016,Transit,Kepler,15.37563332,,10.18,,,4881,1151.51
Kepler-694 b,Kepler-694,1,1,2016,Transit,Kepler,6.365841612,,2.8,,,5700,1023.06
Kepler-695 b,Kepler-695,1,1,2016,Transit,Kepler,3.040330424,,9.21,,,5181,842.947
Kepler-696 b,Kepler-696,1,1,2016,Transit,Kepler,4.190425575,,6.14,,,5903,1416.44
Kepler-697 b,Kepler-697,1,1,2016,Transit,Kepler,3.709870645,,4.13,,,5513,1277.33
Kepler-698 b,Kepler-698,1,1,2016,Transit,Kepler,16.32976218,,3.68,,,5612,1995.57
Kepler-7 b,Kepler-7,1,1,2009,Transit,Kepler,4.8854892,0.06067,18.180998,140.16303,1630,5933,922.562
Kepler-700 b,Kepler-700,1,1,2016,Transit,Kepler,80.8720639,,5.99,,,5692,1491.76
Kepler-701 b,Kepler-701,1,1,2016,Transit,Kepler,10.35533177,,2.84,,,5343,774.152
Kepler-702 b,Kepler-702,1,1,2016,Transit,Kepler,10.52629406,,9.17,,,5419,992.071
Kepler-703 b,Kepler-703,1,1,2016,Transit,Kepler,4.583521756,,8.2,,,6185,1156.83
Kepler-704 b,Kepler-704,1,1,2016,Transit,Kepler,3.76182115,,2.61,,,5616,1228.83
Kepler-705 b,Kepler-705,1,1,2016,Transit,Kepler,56.0560538,,2.11,,,3722,276.881
Kepler-707 b,Kepler-707,1,1,2016,Transit,Kepler,2.237492751,,1.33,,,5099,591.776
Kepler-708 b,Kepler-708,1,1,2016,Transit,Kepler,3.167891938,,2.93,,,5692,1394.22
Kepler-709 b,Kepler-709,1,1,2016,Transit,Kepler,16.08524954,,2.92,,,5071,664.843
Kepler-710 b,Kepler-710,1,1,2016,Transit,Kepler,4.347285527,,1.88,,,5611,1448.34
Kepler-711 b,Kepler-711,1,1,2016,Transit,Kepler,23.58914398,,3.41,,,5222,624.575
Kepler-712 b,Kepler-712,1,2,2016,Transit,Kepler,21.02247699,,3.41,,,5148,872.493
Kepler-712 c,Kepler-712,1,2,2016,Transit,Kepler,226.89047,,4.85,,,5148,872.493
Kepler-713 b,Kepler-713,1,1,2016,Transit,Kepler,7.411141,,2.48,,,5785,1089.87
Kepler-714 b,Kepler-714,1,1,2016,Transit,Kepler,8.098887986,,9.67,,,5995,2083.37
Kepler-715 b,Kepler-715,1,1,2016,Transit,Kepler,10.00652995,,3.75,,,5871,1327.44
Kepler-716 b,Kepler-716,1,2,2016,Transit,Kepler,10.37168453,,2.9,,,5099,635.009
Kepler-716 c,Kepler-716,1,2,2020,Transit,Kepler,3.96999,,1.39281536,,,5012,635.009
Kepler-717 b,Kepler-717,1,1,2016,Transit,Kepler,4.40840023,,2.42,,,5485,2805.48
Kepler-718 b,Kepler-718,1,1,2016,Transit,Kepler,2.052349905,,16.56,,,6191,1302.33
Kepler-719 b,Kepler-719,1,1,2016,Transit,Kepler,5.007317779,,8.52,,,5777,2497.51
Kepler-720 b,Kepler-720,1,1,2016,Transit,Kepler,4.708326542,,8.41,,,5618,1065.37
Kepler-721 b,Kepler-721,1,1,2016,Transit,Kepler,5.392025388,,2.64,,,5075,926.598
Kepler-722 b,Kepler-722,1,2,2016,Transit,Kepler,4.093573252,,2.63,,,5863,1239.5
Kepler-722 c,Kepler-722,1,2,2016,Transit,Kepler,105.144749,,2.82,,,5863,1239.5
Kepler-723 b,Kepler-723,1,1,2016,Transit,Kepler,4.082275068,,12.19,,,5539,1071.8
Kepler-724 b,Kepler-724,1,1,2016,Transit,Kepler,3.314946338,,3.29,,,5437,853.119
Kepler-725 b,Kepler-725,1,2,2016,Transit,Kepler,39.64372,0.2238,10.8,,514,5395,758.469
Kepler-725 c,Kepler-725,1,2,2025,Transit Timing Variations,Kepler,207.541,0.6744,,9.7,268,5395,758.469
Kepler-726 b,Kepler-726,1,1,2016,Transit,Kepler,21.80451088,,3.26,,,5452,762.081
Kepler-727 b,Kepler-727,1,1,2016,Transit,Kepler,5.154484417,,2.53,,,5441,831.842
Kepler-728 b,Kepler-728,1,1,2016,Transit,Kepler,5.743477265,,3.34,,,5660,1765.23
Kepler-729 b,Kepler-729,1,1,2016,Transit,Kepler,3.166353714,,3.58,,,5633,1921.15
Kepler-730 b,Kepler-730,1,2,2016,Transit,Kepler,6.491682808,0.0694,12.3299,,1219,5620,1935.04
Kepler-730 c,Kepler-730,1,2,2018,Transit,Kepler,2.85188338,0.03997,1.56926,,1607,5620,1935.04
Kepler-731 b,Kepler-731,1,1,2016,Transit,Kepler,3.855603551,,13.88,,,5849,1257.16
Kepler-732 b,Kepler-732,1,2,2016,Transit,Kepler,9.467814048,,2.18,,,3631,174.826
Kepler-732 c,Kepler-732,1,2,2016,Transit,Kepler,0.893041236,,1.27,,,3631,174.826
Kepler-733 b,Kepler-733,1,1,2016,Transit,Kepler,20.83424726,,2.82,,,5418,916.706
Kepler-734 b,Kepler-734,1,1,2016,Transit,Kepler,6.104852856,,3.56,,,5326,1157.21
Kepler-735 b,Kepler-735,1,1,2016,Transit,Kepler,11.51516988,,2.95,,,5107,695.059
Kepler-736 b,Kepler-736,1,1,2016,Transit,Kepler,3.60147201,,2.93,,,5217,1005.43
Kepler-737 b,Kepler-737,1,1,2016,Transit,Kepler,28.59915399,,1.96,,,3813,205.118
Kepler-738 b,Kepler-738,1,1,2016,Transit,Kepler,24.58721573,,2.5,,,5327,1113.65
Kepler-739 b,Kepler-739,1,1,2016,Transit,Kepler,12.53248465,,3.32,,,5601,1370.65
Kepler-74 b,Kepler-74,1,1,2013,Transit,Kepler,7.340711,0.0781,10.76,200.22,1078,6000,1177.55
Kepler-740 b,Kepler-740,1,1,2016,Transit,Kepler,3.584101216,,4.57,,,5438,1442.02
Kepler-741 b,Kepler-741,1,1,2016,Transit,Kepler,7.03902374,,2.97,,,6129,1661.87
Kepler-742 b,Kepler-742,1,1,2016,Transit,Kepler,8.360868238,,3.24,,,4642,489.253
Kepler-743 b,Kepler-743,2,1,2016,Transit,Kepler,3.179262921,,1.21,,,5486,278.987
Kepler-744 b,Kepler-744,1,1,2016,Transit,Kepler,12.06222443,,1.62,,,5594,449.964
Kepler-745 b,Kepler-745,1,1,2016,Transit,Kepler,9.93143556,,2.16,,,5849,1780.38
Kepler-746 b,Kepler-746,1,1,2016,Transit,Kepler,3.48159251,,1.11,,,5418,
Kepler-747 b,Kepler-747,1,1,2016,Transit,Kepler,35.61760587,,5.27,,,5096,3347.16
Kepler-748 b,Kepler-748,1,1,2016,Transit,Kepler,7.40742793,,2.52,,,5934,1705.99
Kepler-749 b,Kepler-749,1,1,2016,Transit,Kepler,17.31716585,,3.1,,,5009,721.027
Kepler-75 b,Kepler-75,1,1,2013,Transit,Kepler,8.8849116,0.0818,11.77,3209.9,767,5200,835.356
Kepler-750 b,Kepler-750,1,2,2016,Transit,Kepler,9.42887179,,3.07,,,6160,1296.02
Kepler-750 c,Kepler-750,1,2,2016,Transit,Kepler,4.08899022,,1.62,,,6160,1296.02
Kepler-751 b,Kepler-751,1,1,2016,Transit,Kepler,17.44490636,,2.46,,,5387,760.43
Kepler-752 b,Kepler-752,1,1,2016,Transit,Kepler,18.82747265,,2.81,,,5373,1232.29
Kepler-753 b,Kepler-753,1,1,2016,Transit,Kepler,5.747725012,,1.91,,,4346,274.767
Kepler-754 b,Kepler-754,1,1,2016,Transit,Kepler,14.5596237,,2.01,,,5935,1770.27
Kepler-755 b,Kepler-755,2,2,2016,Transit,Kepler,1.269090374,,1.76,,,5043,399.034
Kepler-755 c,Kepler-755,2,2,2016,Transit,Kepler,2.853133644,,1.26,,,5043,399.034
Kepler-756 b,Kepler-756,1,1,2016,Transit,Kepler,1.224866322,,1.12,,,5282,
Kepler-757 b,Kepler-757,1,1,2016,Transit,Kepler,1.022678821,,1.36,,,6014,1068.68
Kepler-758 b,Kepler-758,1,4,2016,Transit,Kepler,12.1097104,,2.48,,,6228,1502.32
Kepler-758 c,Kepler-758,1,4,2016,Transit,Kepler,4.75793986,,1.69,,,6228,1502.32
Kepler-758 d,Kepler-758,1,4,2016,Transit,Kepler,20.4966197,,2.12,,,6228,1502.32
Kepler-758 e,Kepler-758,1,4,2016,Transit,Kepler,8.1934719,,1.53,,,6228,1502.32
Kepler-759 b,Kepler-759,1,1,2016,Transit,Kepler,41.805985,,2.27,,,5860,1073.48
Kepler-76 b,Kepler-76,1,1,2013,Orbital Brightness Modulation,Kepler,1.5449298,0.0274,15.24424,638.8383,2140,6409,822.96
Kepler-760 b,Kepler-760,1,2,2016,Transit,Kepler,8.70419416,,3.06,,,5322,792.336
Kepler-760 c,Kepler-760,1,2,2016,Transit,Kepler,2.46697439,,1.48,,,5322,792.336
Kepler-761 b,Kepler-761,1,1,2016,Transit,Kepler,10.12804789,,2.03,,,5706,830.707
Kepler-762 b,Kepler-762,1,1,2016,Transit,Kepler,3.770552098,,12.68,,,5944,1898.26
Kepler-763 b,Kepler-763,1,3,2016,Transit,Kepler,1.19655156,,1.22,,,5166,962.459
Kepler-763 c,Kepler-763,1,3,2023,Transit,Kepler,4.09667624,0.0466,1.42,,938,4999,962.459
Kepler-763 d,Kepler-763,1,3,2023,Transit,Kepler,6.50327035,0.0634,1.67,,804,4999,962.459
Kepler-764 b,Kepler-764,1,1,2016,Transit,Kepler,7.33683936,,1.64,,,5557,1047.84
Kepler-765 b,Kepler-765,1,1,2016,Transit,Kepler,27.6655226,,2.43,,,5901,1076.28
Kepler-766 b,Kepler-766,1,1,2016,Transit,Kepler,6.10027804,,3.39,,,5992,2297.62
Kepler-767 b,Kepler-767,1,1,2016,Transit,Kepler,161.5280101,,6.64,,,5694,2251.03
Kepler-768 b,Kepler-768,1,1,2016,Transit,Kepler,11.3910025,,1.79,,,5108,784.56
Kepler-769 b,Kepler-769,1,2,2016,Transit,Kepler,7.42608998,,2.92,,,6186,1169.57
Kepler-769 c,Kepler-769,1,2,2016,Transit,Kepler,15.9870174,,1.79,,,6186,1169.57
Kepler-77 b,Kepler-77,1,1,2013,Transit,Kepler,3.57878087,0.04501,10.761,136.661,1440,5520,639.411
Kepler-770 b,Kepler-770,1,3,2016,Transit,Kepler,18.92540274,,2.3,,,5598,930.457
Kepler-770 c,Kepler-770,1,3,2016,Transit,Kepler,1.475322314,,1.2,,,5598,930.457
Kepler-770 d,Kepler-770,1,3,2016,Transit,Kepler,4.15244722,,1.4,,,5598,930.457
Kepler-771 b,Kepler-771,1,1,2016,Transit,Kepler,8.73485836,,1.82,,,5906,1393.85
Kepler-772 b,Kepler-772,1,1,2016,Transit,Kepler,12.99207337,,1.82,,,5714,1130.21
Kepler-773 b,Kepler-773,1,1,2016,Transit,Kepler,3.749100061,,1.43,,,5850,547.026
Kepler-774 b,Kepler-774,1,1,2016,Transit,Kepler,11.0895723,,3.17,,,6403,917.804
Kepler-775 b,Kepler-775,1,1,2016,Transit,Kepler,0.974868926,,1.19,,,5468,398.676
Kepler-776 b,Kepler-776,1,1,2016,Transit,Kepler,4.89718784,,1.28,,,5071,727.904
Kepler-777 b,Kepler-777,1,1,2016,Transit,Kepler,5.72812599,,1.47,,,4043,443.106
Kepler-778 b,Kepler-778,1,1,2016,Transit,Kepler,3.75574426,,1.68,,,5102,938.168
Kepler-779 b,Kepler-779,2,1,2016,Transit,Kepler,7.09714223,,0.92,,,3804,283.155
Kepler-78 b,Kepler-78,2,1,2013,Transit,Kepler,0.35500745,0.00901,1.201,1.68,2223,5058,124.376
Kepler-780 b,Kepler-780,1,1,2016,Transit,Kepler,0.677375164,,0.89,,,5769,557.652
Kepler-781 b,Kepler-781,1,1,2016,Transit,Kepler,13.2140732,,2.89,,,5162,1064.47
Kepler-782 b,Kepler-782,1,1,2016,Transit,Kepler,158.6853308,,3.21,,,5867,446.844
Kepler-783 b,Kepler-783,1,2,2016,Transit,Kepler,4.29264638,,0.78,,,5521,516.09
Kepler-783 c,Kepler-783,1,2,2020,Transit,Kepler,7.05395,,2.33153725,,,5411.49,516.09
Kepler-784 b,Kepler-784,1,2,2016,Transit,Kepler,31.5922646,,1.58,,,5674,1303.72
Kepler-784 c,Kepler-784,1,2,2023,Transit,Kepler,17.157236,0.1309,1.55,,844,5676,1303.72
Kepler-785 b,Kepler-785,1,1,2016,Transit,Kepler,1.973760926,,13.02,,,4739,642.051
Kepler-786 b,Kepler-786,1,1,2016,Transit,Kepler,53.5293487,,2.43,,,4838,485.318
Kepler-787 b,Kepler-787,1,1,2016,Transit,Kepler,0.928310498,,1.28,,,4248,503.568
Kepler-788 b,Kepler-788,1,1,2016,Transit,Kepler,8.39846269,,2.55,,,6159,1775.8
Kepler-789 b,Kepler-789,1,1,2016,Transit,Kepler,8.63847725,,2.12,,,5870,1480.16
Kepler-79 b,Kepler-79,1,4,2012,Transit,Kepler,13.48451,,3.51,7.6,,6389,1020.72
Kepler-79 c,Kepler-79,1,4,2012,Transit,Kepler,27.4026,,3.76,4.6,,6389,1020.72
Kepler-79 d,Kepler-79,1,4,2014,Transit,Kepler,52.0897,,7.15,5.3,,6389,1020.72
Kepler-79 e,Kepler-79,1,4,2014,Transit,Kepler,81.0665,,3.53,3.8,,6389,1020.72
Kepler-790 b,Kepler-790,1,1,2016,Transit,Kepler,13.73469807,,2.18,,,5208,703.168
Kepler-791 b,Kepler-791,1,1,2016,Transit,Kepler,14.5539759,,3.05,,,6383,1266.34
Kepler-792 b,Kepler-792,1,1,2016,Transit,Kepler,11.30119217,,1.96,,,5971,1425.47
Kepler-793 b,Kepler-793,1,1,2016,Transit,Kepler,4.24153639,,1.37,,,5745,985.699
Kepler-794 b,Kepler-794,1,1,2016,Transit,Kepler,11.13125132,,2.11,,,5839,931.192
Kepler-795 b,Kepler-795,2,1,2016,Transit,Kepler,29.6193421,,1.68,,,5631,492.122
Kepler-796 b,Kepler-796,1,1,2016,Transit,Kepler,6.40087618,,1.3,,,5475,817.584
Kepler-797 b,Kepler-797,1,1,2016,Transit,Kepler,27.07237711,,2.17,,,5680,1315.26
Kepler-798 b,Kepler-798,1,1,2016,Transit,Kepler,13.71933369,,2.39,,,6224,972.274
Kepler-799 b,Kepler-799,1,2,2016,Transit,Kepler,133.4605235,,6.88,,,5681,
Kepler-799 c,Kepler-799,1,2,2021,Transit,Kepler,15.19419956,,2.78068551,,,5588,
Kepler-8 b,Kepler-8,1,1,2010,Transit,Kepler,3.5224991,0.0474,15.871944,187.5197,1680,6213,1021.87
Kepler-80 b,Kepler-80,1,6,2012,Transit,Kepler,7.05246,0.0648,2.67,6.93,,4540,369.451
Kepler-80 c,Kepler-80,1,6,2012,Transit,Kepler,9.52355,0.0792,2.74,6.74,,4540,369.451
Kepler-80 d,Kepler-80,1,6,2014,Transit,Kepler,3.07222,0.0372,1.53,6.75,,4540,369.451
Kepler-80 e,Kepler-80,1,6,2014,Transit,Kepler,4.64489,0.0491,1.6,4.13,,4540,369.451
Kepler-80 f,Kepler-80,1,6,2016,Transit,Kepler,0.9867873,0.0175,1.21,,,4540,369.451
Kepler-80 g,Kepler-80,1,6,2017,Transit,Kepler,14.64558,,1.13,,418,4540,369.451
Kepler-800 b,Kepler-800,1,1,2016,Transit,Kepler,14.13176026,,2.85,,,5315,1019.26
Kepler-801 b,Kepler-801,1,1,2016,Transit,Kepler,11.41928253,,2,,,4435,440.426
Kepler-802 b,Kepler-802,1,1,2016,Transit,Kepler,40.0587473,,3.54,,,5507,780.585
Kepler-803 b,Kepler-803,1,1,2016,Transit,Kepler,50.28638192,,3.79,,,5919,639.771
Kepler-804 b,Kepler-804,1,2,2016,Transit,Kepler,14.37457351,,1.94,,,5817,649.65
Kepler-804 c,Kepler-804,1,2,2016,Transit,Kepler,9.65185017,,1.14,,,5817,649.65
Kepler-805 b,Kepler-805,1,1,2016,Transit,Kepler,30.8638931,,2.89,,,6112,638.49
Kepler-806 b,Kepler-806,1,1,2016,Transit,Kepler,8.09219642,,1.14,,,5770,361.896
Kepler-808 b,Kepler-808,1,1,2016,Transit,Kepler,0.631332353,,1.46,,,4653,
Kepler-809 b,Kepler-809,1,1,2016,Transit,Kepler,55.63934,,3.01,,,5734,961.405
Kepler-81 b,Kepler-81,1,3,2012,Transit,Kepler,5.955,,2.42,,,,348.291
Kepler-81 c,Kepler-81,1,3,2012,Transit,Kepler,12.04,,2.37,,,,348.291
Kepler-81 d,Kepler-81,1,3,2014,Transit,Kepler,20.837846,0.128,1.21,,,4500,348.291
Kepler-810 b,Kepler-810,1,1,2016,Transit,Kepler,4.59725385,,1.93,,,5803,1458.59
Kepler-811 b,Kepler-811,1,1,2016,Transit,Kepler,23.58447697,,2.7,,,5747,985.041
Kepler-812 b,Kepler-812,1,1,2016,Transit,Kepler,10.11716531,,3.55,,,6761,1482.74
Kepler-813 b,Kepler-813,1,1,2016,Transit,Kepler,19.12947337,,2.14,,,5743,
Kepler-814 b,Kepler-814,1,1,2016,Transit,Kepler,6.1469851,,2.12,,,6162,2055.77
Kepler-815 b,Kepler-815,1,1,2016,Transit,Kepler,8.57503552,,4.11,,,5028,1259.28
Kepler-816 b,Kepler-816,1,1,2016,Transit,Kepler,10.50682565,,10.24,,,5286,983.697
Kepler-817 b,Kepler-817,1,1,2016,Transit,Kepler,3.990106229,,9.03,,,5861,1484.46
Kepler-818 b,Kepler-818,1,1,2016,Transit,Kepler,10.03538581,,5.11,,,5638,925.037
Kepler-819 b,Kepler-819,1,1,2016,Transit,Kepler,33.1995648,,2.76,,,5279,664.306
Kepler-82 b,Kepler-82,1,5,2012,Transit,Kepler,26.44,0.1683,4.07,12.15,,,904.326
Kepler-82 c,Kepler-82,1,5,2012,Transit,Kepler,51.54,0.2626,5.34,13.9,,,904.326
Kepler-82 d,Kepler-82,1,5,2014,Transit,Kepler,2.382961,0.034,1.77,,,5428,904.326
Kepler-82 e,Kepler-82,1,5,2014,Transit,Kepler,5.902206,0.063,2.47,,,5428,904.326
Kepler-82 f,Kepler-82,1,5,2019,Transit Timing Variations,KOINet,75.732,0.3395,,20.9,,,904.326
Kepler-820 b,Kepler-820,1,1,2016,Transit,Kepler,127.8338098,,6.09,,,6260,1387.2
Kepler-821 b,Kepler-821,1,1,2016,Transit,Kepler,1.92279873,,1.31,,,5191,614.571
Kepler-822 b,Kepler-822,1,1,2016,Transit,Kepler,3.222969273,,1.77,,,5928,860.391
Kepler-823 b,Kepler-823,1,1,2016,Transit,Kepler,4.16809082,,1.57,,,5643,1389.27
Kepler-824 b,Kepler-824,1,1,2016,Transit,Kepler,4.51436633,,1.87,,,6035,1201.4
Kepler-825 b,Kepler-825,1,2,2016,Transit,Kepler,3.77360059,,1.53,,,5976,807.85
Kepler-825 c,Kepler-825,1,2,2016,Transit,Kepler,8.1818246,,1.84,,,5976,807.85
Kepler-826 b,Kepler-826,1,1,2016,Transit,Kepler,4.48758907,,1.25,,,6079,779.596
Kepler-827 b,Kepler-827,1,1,2016,Transit,Kepler,51.92927591,,5.63,,,5602,2046.68
Kepler-828 b,Kepler-828,1,1,2016,Transit,Kepler,0.567857136,,1.51,,,5039,575.322
Kepler-829 b,Kepler-829,1,1,2016,Transit,Kepler,6.88337562,,2.11,,,5698,1073.76
Kepler-83 b,Kepler-83,2,3,2012,Transit,Kepler,9.77,,2.83,,,,400.409
Kepler-83 c,Kepler-83,2,3,2012,Transit,Kepler,20.09,,2.36,,,,400.409
Kepler-83 d,Kepler-83,2,3,2014,Transit,Kepler,5.169796,0.051,1.94,,,4648,400.409
Kepler-830 b,Kepler-830,1,1,2016,Transit,Kepler,11.29695137,,1.7,,,6037,
Kepler-831 b,Kepler-831,1,1,2016,Transit,Kepler,5.62153941,,1.27,,,5732,593.54
Kepler-832 b,Kepler-832,1,1,2016,Transit,Kepler,7.1396941,,2.06,,,5596,1688.12
Kepler-833 b,Kepler-833,1,1,2016,Transit,Kepler,18.7546998,,2.02,,,4339,467.37
Kepler-834 b,Kepler-834,1,1,2016,Transit,Kepler,13.32388301,,2.02,,,4554,633.937
Kepler-835 b,Kepler-835,1,1,2016,Transit,Kepler,11.41909375,,2.79,,,5954,2406.33
Kepler-836 b,Kepler-836,1,1,2016,Transit,Kepler,11.36112327,,2.73,,,5895,980.035
Kepler-837 b,Kepler-837,1,1,2016,Transit,Kepler,16.56059504,,2.56,,,5403,901.907
Kepler-838 b,Kepler-838,1,1,2016,Transit,Kepler,15.74957994,,2.73,,,5770,1104.04
Kepler-839 b,Kepler-839,1,1,2016,Transit,Kepler,37.8144514,,2.57,,,6058,944.561
Kepler-84 b,Kepler-84,1,5,2012,Transit,Kepler,8.726,,2.23,,,,1023.9
Kepler-84 c,Kepler-84,1,5,2012,Transit,Kepler,12.883,,2.36,,,,1023.9
Kepler-84 d,Kepler-84,1,5,2014,Transit,Kepler,4.224537,0.052,1.38,,,6031,1023.9
Kepler-84 e,Kepler-84,1,5,2014,Transit,Kepler,27.434389,0.181,2.6,,,6031,1023.9
Kepler-84 f,Kepler-84,1,5,2014,Transit,Kepler,44.552169,0.25,2.2,,,6031,1023.9
Kepler-841 b,Kepler-841,1,1,2016,Transit,Kepler,124.4198398,,5.23,,,5324,998.961
Kepler-842 b,Kepler-842,1,1,2016,Transit,Kepler,1.21956827,,1.6,,,4848,532.726
Kepler-843 b,Kepler-843,1,1,2016,Transit,Kepler,2.053879821,,2.59,,,5830,1165.66
Kepler-844 b,Kepler-844,1,1,2016,Transit,Kepler,2.613020856,,1.68,,,4128,431.776
Kepler-845 b,Kepler-845,1,1,2016,Transit,Kepler,0.927859821,,2.04,,,4913,431.051
Kepler-846 b,Kepler-846,1,1,2016,Transit,Kepler,19.80792185,,2.48,,,5579,1127.12
Kepler-847 b,Kepler-847,1,1,2016,Transit,Kepler,2.343231895,,1.18,,,4940,513.103
Kepler-848 b,Kepler-848,1,1,2016,Transit,Kepler,6.91134416,,1.7,,,5695,1378.47
Kepler-849 b,Kepler-849,1,1,2016,Transit,Kepler,394.62508,1.137,8.08167508,298.7587026,362.7,5950,822.134
Kepler-85 b,Kepler-85,1,4,2012,Transit,Kepler,8.3,,1.778,1.84,,5505.2,765.025
Kepler-85 c,Kepler-85,1,4,2012,Transit,Kepler,12.51,,1.978,2.15,,5505.2,765.025
Kepler-85 d,Kepler-85,1,4,2014,Transit,Kepler,17.91323,0.13,1.2,,,5436,765.025
Kepler-85 e,Kepler-85,1,4,2014,Transit,Kepler,25.216751,0.163,1.27,,,5436,765.025
Kepler-850 b,Kepler-850,1,1,2016,Transit,Kepler,7.19303878,,1.78,,,5932,1661.28
Kepler-851 b,Kepler-851,1,1,2016,Transit,Kepler,8.50699658,,1.68,,,5455,839.255
Kepler-852 b,Kepler-852,1,1,2016,Transit,Kepler,44.9309804,,2.54,,,6100,1619.03
Kepler-853 b,Kepler-853,1,1,2016,Transit,Kepler,7.16892463,,1.69,,,6350,568.676
Kepler-855 b,Kepler-855,1,1,2016,Transit,Kepler,7.886631104,,8.35,,,5835,1506.58
Kepler-856 b,Kepler-856,1,1,2016,Transit,Kepler,8.027680595,,9.3,,,5535,1351.17
Kepler-857 b,Kepler-857,1,1,2016,Transit,Kepler,85.35129427,,6.8,,,5773,983.502
Kepler-858 b,Kepler-858,1,1,2016,Transit,Kepler,76.13602028,,4.87,,,5653,298.532
Kepler-859 b,Kepler-859,1,1,2016,Transit,Kepler,20.38177573,,3.09,,,5020,839.903
Kepler-860 b,Kepler-860,1,1,2016,Transit,Kepler,5.101379454,,3.24,,,5836,1056.36
Kepler-861 b,Kepler-861,1,1,2016,Transit,Kepler,3.949631375,,2.28,,,5047,850.327
Kepler-862 b,Kepler-862,1,1,2016,Transit,Kepler,3.148664534,,2.21,,,5333,1039.03
Kepler-863 b,Kepler-863,1,1,2016,Transit,Kepler,15.59461874,,2.9,,,5678,1499.66
Kepler-864 b,Kepler-864,1,2,2016,Transit,Kepler,5.83376092,,2.4,,,5754,2022.9
Kepler-864 c,Kepler-864,1,2,2023,Transit,Kepler,2.42150341,0.0382,1.62,,1532,6213,2022.9
Kepler-865 b,Kepler-865,1,2,2016,Transit,Kepler,14.16399294,,2.49,,,5570,586.137
Kepler-865 c,Kepler-865,1,2,2023,Transit,Kepler,6.20920207,0.061,0.89,,914,5440,586.137
Kepler-866 b,Kepler-866,1,1,2016,Transit,Kepler,2.617032536,,1.63,,,4751,646.667
Kepler-867 b,Kepler-867,1,1,2016,Transit,Kepler,150.242127,,4.64,,,5541,1195.54
Kepler-868 b,Kepler-868,1,1,2016,Transit,Kepler,5.03251791,,2.05,,,5614,1593.13
Kepler-869 b,Kepler-869,1,1,2016,Transit,Kepler,40.4287755,,3.61,,,5664,939.455
Kepler-87 b,Kepler-87,1,2,2013,Transit,Kepler,114.73635,0.481,13.49,324.2,478,5600,1232.9
Kepler-87 c,Kepler-87,1,2,2013,Transit,Kepler,191.2318,0.676,6.14,6.4,403,5600,1232.9
Kepler-870 b,Kepler-870,1,1,2016,Transit,Kepler,21.3587621,,2.78,,,5857,1259.46
Kepler-871 b,Kepler-871,1,1,2016,Transit,Kepler,22.0459018,,3.74,,,5993,1976.05
Kepler-872 b,Kepler-872,1,1,2016,Transit,Kepler,2.578855068,,1.99,,,5902,879.683
Kepler-873 b,Kepler-873,1,1,2016,Transit,Kepler,20.5533844,,3.75,,,6163,1182.22
Kepler-874 b,Kepler-874,1,1,2016,Transit,Kepler,40.0686727,,3.94,,,6020,1082.16
Kepler-875 b,Kepler-875,1,1,2016,Transit,Kepler,27.5073799,,2.9,,,5958,1242.62
Kepler-876 b,Kepler-876,1,1,2016,Transit,Kepler,5.14438011,,1.43,,,5060,820.913
Kepler-877 b,Kepler-877,1,1,2016,Transit,Kepler,18.45847097,,2.12,,,5261,602.176
Kepler-878 b,Kepler-878,1,1,2016,Transit,Kepler,25.9422033,,1.93,,,5044,791.625
Kepler-879 b,Kepler-879,1,2,2016,Transit,Kepler,33.3855938,,2.57,,,5792,802.672
Kepler-879 c,Kepler-879,1,2,2024,Transit,Kepler,0.646716,,0.4,,,5456.75,802.672
Kepler-88 d,KOI-142,1,3,2020,Radial Velocity,W. M. Keck Observatory,1403,,,965.1469966,,5466,376.863
Kepler-880 b,Kepler-880,1,2,2016,Transit,Kepler,7.71468975,,2.66,,,6761,601.324
Kepler-880 c,Kepler-880,1,2,2023,Transit,Kepler,11.8061737,0.1216,2.87,,1407,6900,601.324
Kepler-881 b,Kepler-881,1,1,2016,Transit,Kepler,4.44448017,,1.78,,,5961,1375.18
Kepler-882 b,Kepler-882,1,1,2016,Transit,Kepler,3.989539666,,1.23,,,5476,504.605
Kepler-883 b,Kepler-883,1,1,2016,Transit,Kepler,12.98495573,,1.78,,,6116,627.455
Kepler-884 b,Kepler-884,1,1,2016,Transit,Kepler,5.69919514,,1.23,,,5715,476.733
Kepler-885 b,Kepler-885,1,1,2016,Transit,Kepler,18.11472949,,2.5,,,6187,651.318
Kepler-886 b,Kepler-886,1,1,2016,Transit,Kepler,6.24146367,,1.52,,,6098,711.297
Kepler-887 b,Kepler-887,1,2,2016,Transit,Kepler,20.42228798,,1.84,,,6194,886.588
Kepler-887 c,Kepler-887,1,2,2016,Transit,Kepler,7.63846023,,1.13,,,6194,886.588
Kepler-888 b,Kepler-888,1,1,2016,Transit,Kepler,70.6979061,,1.76,,,5875,420.817
Kepler-889 b,Kepler-889,1,1,2016,Transit,Kepler,3.744439,,1.09,,,5961,598.313
Kepler-890 b,Kepler-890,1,1,2016,Transit,Kepler,52.75875577,,8.89,,,5954,1712.12
Kepler-891 b,Kepler-891,1,1,2016,Transit,Kepler,53.44945593,,6.41,,,5887,2340.58
Kepler-892 b,Kepler-892,1,1,2016,Transit,Kepler,13.7521072,,2.81,,,4747,570.727
Kepler-893 b,Kepler-893,1,1,2016,Transit,Kepler,6.33855761,,3.03,,,5820,1285.59
Kepler-894 b,Kepler-894,1,1,2016,Transit,Kepler,9.803224,,2.78,,,5603,1162.91
Kepler-895 b,Kepler-895,1,1,2016,Transit,Kepler,2.806242328,,1.54,,,4315,540.134
Kepler-896 b,Kepler-896,1,2,2016,Transit,Kepler,144.547396,,2.53,,,5262,2334.93
Kepler-896 c,Kepler-896,1,2,2023,Transit,Kepler,29.5422566,0.1792,3.15,,515,5510,2334.93
Kepler-897 b,Kepler-897,1,1,2016,Transit,Kepler,8.0472642,,2.39,,,5839,1519.25
Kepler-898 b,Kepler-898,1,1,2016,Transit,Kepler,5.8706191,,1.49,,,4223,484.891
Kepler-899 b,Kepler-899,1,1,2016,Transit,Kepler,19.17891293,,2.68,,,5595,1246.43
Kepler-9 b,Kepler-9,1,3,2010,Transit,Kepler,19.23891,0.143,8.29,43.4,,5774,628.257
Kepler-9 c,Kepler-9,1,3,2010,Transit,Kepler,38.9853,0.227,8.08,29.9,,5774,628.257
Kepler-9 d,Kepler-9,1,3,2010,Transit,Kepler,1.592851,0.0273,1.64,,2026,5777,628.257
Kepler-90 i,KOI-351,1,8,2017,Transit,Kepler,14.44912,,1.32,,709,6015,848.254
Kepler-900 b,Kepler-900,1,1,2016,Transit,Kepler,6.9913086,,2.08,,,4836,487.525
Kepler-901 b,Kepler-901,1,1,2016,Transit,Kepler,3.517494394,,1.37,,,4184,253.867
Kepler-902 b,Kepler-902,1,1,2016,Transit,Kepler,40.1099547,,2.54,,,5647,1165.34
Kepler-903 b,Kepler-903,1,2,2016,Transit,Kepler,10.3507721,,2.01,,,5682,1369.24
Kepler-903 c,Kepler-903,1,2,2016,Transit,Kepler,62.9228557,,2.53,,,5682,1369.24
Kepler-904 b,Kepler-904,1,1,2016,Transit,Kepler,3.021668632,,1.77,,,6160,978.125
Kepler-905 b,Kepler-905,1,1,2016,Transit,Kepler,5.082746517,,1.41,,,5461,529.268
Kepler-906 b,Kepler-906,1,1,2016,Transit,Kepler,41.6979976,,2.11,,,6035,757.791
Kepler-907 b,Kepler-907,1,1,2016,Transit,Kepler,15.86621821,,1.2,,,6106,
Kepler-908 b,Kepler-908,3,1,2016,Transit,Kepler,1.340597468,,1.22,,,5973,290.843
Kepler-909 b,Kepler-909,1,1,2016,Transit,Kepler,13.93290318,,1.47,,,6154,309.596
Kepler-91 b,Kepler-91,1,1,2013,Transit,Kepler,6.24658,0.0731,15.322703,257.4423,2040,4550,1294.69
Kepler-910 b,Kepler-910,1,1,2016,Transit,Kepler,2.364369015,,0.82,,,6230,400.289
Kepler-911 b,Kepler-911,1,1,2016,Transit,Kepler,20.310501,,2.6,,,6112,556.168
Kepler-912 b,Kepler-912,1,1,2016,Transit,Kepler,2.534756273,,2.8,,,5998,2004.72
Kepler-913 b,Kepler-913,1,2,2016,Transit,Kepler,10.29672521,,2.06,,,4687,991.618
Kepler-913 c,Kepler-913,1,2,2021,Transit,Kepler,5.939119816,,3.8580709,,,6068,991.618
Kepler-914 b,Kepler-914,1,1,2016,Transit,Kepler,4.40966548,,1.38,,,5877,753.723
Kepler-915 b,Kepler-915,1,1,2016,Transit,Kepler,4.59489604,,1.5,,,6173,849.036
Kepler-916 b,Kepler-916,1,1,2016,Transit,Kepler,32.2968798,,1.76,,,5248,830.712
Kepler-917 b,Kepler-917,1,1,2016,Transit,Kepler,2.970414375,,1.91,,,5418,3460.51
Kepler-918 b,Kepler-918,1,1,2016,Transit,Kepler,4.85386933,,1.74,,,6028,1025.03
Kepler-919 b,Kepler-919,1,1,2016,Transit,Kepler,11.04603384,,2.25,,,6113,1119.87
Kepler-92 b,Kepler-92,1,3,2013,Transit,Kepler,13.749,,3.51,64.3,,,477.992
Kepler-92 c,Kepler-92,1,3,2013,Transit,Kepler,26.723,,2.6,6.1,,,477.992
Kepler-92 d,Kepler-92,1,3,2015,Transit,Kepler,49.3568,,2.067,,,5904.34,477.992
Kepler-920 b,Kepler-920,1,2,2016,Transit,Kepler,6.53192704,,2.42,,,5403,1001.68
Kepler-920 c,Kepler-920,1,2,2016,Transit,Kepler,100.8274113,,3.8,,,5403,1001.68
Kepler-921 b,Kepler-921,1,1,2016,Transit,Kepler,51.300634,,2.87,,,5663,934.49
Kepler-922 b,Kepler-922,1,1,2016,Transit,Kepler,0.938466832,,1.42,,,5671,536.323
Kepler-923 b,Kepler-923,1,1,2016,Transit,Kepler,6.93366476,,1.38,,,5988,1000.28
Kepler-924 b,Kepler-924,1,1,2016,Transit,Kepler,61.0370117,,3.07,,,6167,1053.04
Kepler-925 b,Kepler-925,1,1,2016,Transit,Kepler,33.8678531,,2.34,,,4673,611.115
Kepler-926 b,Kepler-926,1,1,2016,Transit,Kepler,52.0688601,,2.31,,,5806,921.361
Kepler-927 b,Kepler-927,1,1,2016,Transit,Kepler,9.1149903,,1.72,,,5743,831.685
Kepler-928 b,Kepler-928,1,1,2016,Transit,Kepler,3.932461302,,1.59,,,4700,508.809
Kepler-929 b,Kepler-929,1,1,2016,Transit,Kepler,0.921032135,,1.11,,,5869,1311.23
Kepler-93 b,Kepler-93,1,2,2014,Transit,Kepler,4.72673978,0.05343,1.478,4.66,1133,5669,95.9115
Kepler-93 c,Kepler-93,1,2,2014,Radial Velocity,W. M. Keck Observatory,1460,,,954,,5669,95.9115
Kepler-930 b,Kepler-930,1,1,2016,Transit,Kepler,71.4517775,,2.13,,,6335,848.396
Kepler-931 b,Kepler-931,1,1,2016,Transit,Kepler,8.03755877,,1.33,,,5241,
Kepler-932 b,Kepler-932,1,1,2016,Transit,Kepler,1.921437396,,1.37,,,5331,465.612
Kepler-933 b,Kepler-933,1,1,2016,Transit,Kepler,14.20443009,,2.46,,,5346,1017.2
Kepler-934 b,Kepler-934,1,1,2016,Transit,Kepler,55.6738309,,2.09,,,5001,608.738
Kepler-935 b,Kepler-935,1,1,2016,Transit,Kepler,4.88083852,,1.35,,,4830,471.782
Kepler-936 b,Kepler-936,1,1,2016,Transit,Kepler,10.56134221,,1.45,,,5482,823.399
Kepler-937 b,Kepler-937,1,2,2016,Transit,Kepler,67.668827,,3.72,,,6095,1571.46
Kepler-937 c,Kepler-937,1,2,2016,Transit,Kepler,153.343364,,2.67,,,6095,1571.46
Kepler-938 b,Kepler-938,1,1,2016,Transit,Kepler,52.6298417,,2.22,,,5533,1182.05
Kepler-939 b,Kepler-939,1,1,2016,Transit,Kepler,14.878296,,1.75,,,5471,2093.62
Kepler-94 b,Kepler-94,1,2,2014,Transit,Kepler,2.50806,,3.51,10.84,,4781,191.904
Kepler-94 c,Kepler-94,1,2,2014,Radial Velocity,W. M. Keck Observatory,820.3,,,3126,,4781,191.904
Kepler-940 b,Kepler-940,1,1,2016,Transit,Kepler,59.6225257,,3.34,,,5769,1260.78
Kepler-941 b,Kepler-941,1,1,2016,Transit,Kepler,17.42395198,,3.08,,,5539,1088.36
Kepler-942 b,Kepler-942,1,1,2016,Transit,Kepler,44.96417488,,2.13,,,4861,216.354
Kepler-943 b,Kepler-943,1,1,2016,Transit,Kepler,49.7701438,,5.93,,,5612,2300.53
Kepler-944 b,Kepler-944,1,1,2016,Transit,Kepler,43.3167737,,2.63,,,5409,1349.43
Kepler-945 b,Kepler-945,1,1,2016,Transit,Kepler,31.0033814,,2.63,,,5718,1651.25
Kepler-946 b,Kepler-946,1,1,2016,Transit,Kepler,11.79162572,,1.93,,,5665,1137.29
Kepler-947 b,Kepler-947,1,1,2016,Transit,Kepler,26.9644317,,2.28,,,5508,1730.78
Kepler-948 b,Kepler-948,1,1,2016,Transit,Kepler,7.76846622,,1.85,,,5679,868.017
Kepler-949 b,Kepler-949,1,2,2016,Transit,Kepler,8.689307296,,2.91,,,5403,486.105
Kepler-949 c,Kepler-949,1,2,2023,Transit,Kepler,20.99757968,0.1394,2.97,,582,5211,486.105
Kepler-95 b,Kepler-95,1,1,2014,Transit,Kepler,11.5231,,3.42,13,,5699,445.656
Kepler-950 b,Kepler-950,1,1,2016,Transit,Kepler,98.7180406,,8.98,,,5857,2161.6
Kepler-951 b,Kepler-951,2,1,2016,Transit,Kepler,71.52530845,,5.59,,,4834,382.509
Kepler-952 b,Kepler-952,1,1,2016,Transit,Kepler,130.3546919,,7.65,,,5730,1304.25
Kepler-953 b,Kepler-953,1,2,2016,Transit,Kepler,88.40655258,,4.21,,,5416,258.893
Kepler-953 c,Kepler-953,1,2,2016,Transit,Kepler,9.10967112,,1.19,,,5416,258.893
Kepler-954 b,Kepler-954,1,1,2016,Transit,Kepler,16.78176602,,2.32,,,4990,215.814
Kepler-955 b,Kepler-955,1,1,2016,Transit,Kepler,14.53244172,,3.13,,,5350,550.383
Kepler-956 b,Kepler-956,1,1,2016,Transit,Kepler,5.248672631,,3,,,6040,544.939
Kepler-957 b,Kepler-957,1,1,2016,Transit,Kepler,5.907413537,,5.5,,,4963,824.688
Kepler-958 b,Kepler-958,1,1,2016,Transit,Kepler,9.7678805,,2.06,,,5421,449.773
Kepler-959 b,Kepler-959,1,1,2016,Transit,Kepler,14.80074836,,4.38,,,7005,807.729
Kepler-96 b,Kepler-96,1,1,2014,Transit,Kepler,16.2385,,2.67,8.46,,5690,122.881
Kepler-960 b,Kepler-960,1,1,2016,Transit,Kepler,3.12686223,,2.29,,,4755,284.916
Kepler-961 b,Kepler-961,1,1,2016,Transit,Kepler,16.87727414,,2.55,,,5582,574.314
Kepler-962 b,Kepler-962,1,1,2016,Transit,Kepler,12.05707239,,1.97,,,5478,411.486
Kepler-963 b,Kepler-963,1,2,2016,Transit,Kepler,9.97683705,,2.66,,,5461,771.494
Kepler-963 c,Kepler-963,1,2,2024,Transit,Kepler,0.919783,,0.6,,,5169.47,771.494
Kepler-964 b,Kepler-964,1,1,2016,Transit,Kepler,13.5225106,,2.12,,,5427,454.626
Kepler-965 b,Kepler-965,1,1,2016,Transit,Kepler,134.2527298,,3.38,,,5886,582.828
Kepler-966 b,Kepler-966,1,1,2016,Transit,Kepler,99.747622,,4.13,,,5840,1027.8
Kepler-967 b,Kepler-967,1,2,2016,Transit,Kepler,13.22713379,,2.35,,,5178,568.546
Kepler-967 c,Kepler-967,1,2,2016,Transit,Kepler,198.7112502,,3.65,,,5178,568.546
Kepler-968 b,Kepler-968,1,3,2016,Transit,Kepler,3.692983728,,2,,,4598,290.324
Kepler-968 c,Kepler-968,1,3,2016,Transit,Kepler,5.709404918,,1.69,,,4598,290.324
Kepler-969 b,Kepler-969,1,2,2016,Transit,Kepler,34.1731714,,2.07,,,5214,390.354
Kepler-969 c,Kepler-969,1,2,2016,Transit,Kepler,1.682934604,,0.99,,,5214,390.354
Kepler-97 b,Kepler-97,1,2,2014,Transit,Kepler,2.58664,,1.48,3.51,,5779,400.907
Kepler-97 c,Kepler-97,1,2,2014,Radial Velocity,W. M. Keck Observatory,789,,,344,,5779,400.907
Kepler-970 b,Kepler-970,2,1,2016,Transit,Kepler,16.736525,0.139,2.609,,,4290,331.545
Kepler-971 b,Kepler-971,1,1,2016,Transit,Kepler,9.59070716,,2.13,,,5431,338.522
Kepler-972 b,Kepler-972,1,1,2016,Transit,Kepler,7.03932553,,4.65,,,6146,1198.03
Kepler-973 b,Kepler-973,1,1,2016,Transit,Kepler,49.6077331,,1.96,,,5213,328.52
Kepler-974 b,Kepler-974,1,2,2016,Transit,Kepler,4.194496514,,1.57,,,3687,134.311
Kepler-975 b,Kepler-975,1,2,2016,Transit,Kepler,1.970342457,,1.48,,,4897,426.088
Kepler-975 c,Kepler-975,1,2,2023,Transit,Kepler,5.05821338,0.0567,10.69,,1168,4883,426.088
Kepler-976 b,Kepler-976,1,1,2016,Transit,Kepler,105.9564148,,3.96,,,5232,1012.41
Kepler-977 b,Kepler-977,1,1,2016,Transit,Kepler,26.85328322,,2.62,,,5315,568.751
Kepler-978 b,Kepler-978,1,1,2016,Transit,Kepler,49.6221509,,2.99,,,6002,682.522
Kepler-979 b,Kepler-979,1,1,2016,Transit,Kepler,8.0880135,,2.72,,,5310,576.503
Kepler-98 b,Kepler-98,1,1,2014,Transit,Kepler,1.54168,,1.99,3.55,,5539,350.315
Kepler-980 b,Kepler-980,1,1,2016,Transit,Kepler,11.55102504,,2.67,,,5935,961.468
Kepler-981 b,Kepler-981,1,1,2016,Transit,Kepler,4.469757736,,2.31,,,5718,878.082
Kepler-982 b,Kepler-982,1,1,2016,Transit,Kepler,15.7738221,,2.25,,,6139,801.479
Kepler-983 b,Kepler-983,1,1,2016,Transit,Kepler,60.0855082,,2.36,,,6052,714.437
Kepler-984 b,Kepler-984,1,1,2016,Transit,Kepler,43.0342272,,2.12,,,5610,460.188
Kepler-985 b,Kepler-985,1,1,2016,Transit,Kepler,116.331901,,2.98,,,5434,679.361
Kepler-986 b,Kepler-986,1,1,2016,Transit,Kepler,56.4349938,,2.36,,,5642,548.364
Kepler-987 b,Kepler-987,1,1,2016,Transit,Kepler,105.3033148,,3.26,,,5637,914.126
Kepler-988 b,Kepler-988,1,1,2016,Transit,Kepler,17.76080053,,2.07,,,4005,304.889
Kepler-989 b,Kepler-989,1,1,2016,Transit,Kepler,7.964315352,,2.21,,,5074,491.978
Kepler-99 b,Kepler-99,2,1,2014,Transit,Kepler,4.60358,,1.48,6.15,,4782,208.369
Kepler-990 b,Kepler-990,1,2,2016,Transit,Kepler,9.91723428,,2.6,,,5948,802.163
Kepler-990 c,Kepler-990,1,2,2016,Transit,Kepler,0.538354308,,1.53,,,5948,802.163
Kepler-991 b,Kepler-991,1,1,2016,Transit,Kepler,82.5342519,,2.54,,,4392,389.561
Kepler-992 b,Kepler-992,1,1,2016,Transit,Kepler,20.16034462,,1.62,,,4944,259.639
Kepler-993 b,Kepler-993,1,1,2016,Transit,Kepler,22.08557563,,2.97,,,3843,324.423
Kepler-994 b,Kepler-994,1,1,2016,Transit,Kepler,1.151166506,,1.6,,,3934,188.158
Kepler-995 b,Kepler-995,1,1,2016,Transit,Kepler,28.26731672,,2.7,,,5206,609.638
Kepler-996 b,Kepler-996,1,1,2016,Transit,Kepler,3.770590584,,1.98,,,6014,1216.58
Kepler-997 b,Kepler-997,1,1,2016,Transit,Kepler,2.707306716,,1.36,,,6150,467.568
Kepler-998 b,Kepler-998,1,1,2016,Transit,Kepler,5.65377733,,2.32,,,6058,986.364
Kepler-999 b,Kepler-999,1,1,2016,Transit,Kepler,5.991857017,,2.34,,,6237,545.063
L 168-9 b,L 168-9,1,1,2020,Transit,Transiting Exoplanet Survey Satellite (TESS),1.40152604,0.0208,1.63,4.07,998,3842,25.1496
L 363-38 b,L 363-38,1,1,2023,Radial Velocity,Paranal Observatory,8.781,0.048,,4.67,330,3129,10.2295
L 98-59 b,L 98-59,1,5,2019,Transit,Transiting Exoplanet Survey Satellite (TESS),2.253114,0.0223,0.837,0.46,620,3415,10.6194
L 98-59 c,L 98-59,1,5,2019,Transit,Transiting Exoplanet Survey Satellite (TESS),3.6906764,0.0309,1.329,2,526,3415,10.6194
L 98-59 d,L 98-59,1,5,2019,Transit,Transiting Exoplanet Survey Satellite (TESS),7.450729,0.0494,1.627,1.64,416,3415,10.6194
L 98-59 e,L 98-59,1,5,2021,Radial Velocity,Multiple Observatories,12.8278,0.0712,,2.82,347,3415,10.6194
L 98-59 f,L 98-59,1,5,2025,Radial Velocity,Multiple Facilities,23.064,0.1052,,2.8,285,3415,10.6194
LHS 1140 b,LHS 1140,1,2,2017,Transit,MEarth Project,24.73723,0.0946,1.73,5.6,226,3096,14.9861
LHS 1140 c,LHS 1140,1,2,2018,Transit,Multiple Observatories,3.77794,0.027,1.272,1.91,422,3096,14.9861
LHS 1478 b,LHS 1478,1,1,2021,Transit,Transiting Exoplanet Survey Satellite (TESS),1.9495378,0.01848,1.242,2.33,595,3381,18.2276
LHS 1678 b,LHS 1678,2,3,2021,Transit,Transiting Exoplanet Survey Satellite (TESS),0.8602325,0.01239,0.685,,,3490,19.8782
LHS 1678 c,LHS 1678,2,3,2021,Transit,Transiting Exoplanet Survey Satellite (TESS),3.694284,0.0327,0.941,,,3490,19.8782
LHS 1678 d,LHS 1678,2,3,2024,Transit,Transiting Exoplanet Survey Satellite (TESS),4.9652229,0.04,0.981,,,3490,19.8782
LHS 1815 b,LHS 1815,1,1,2020,Transit,Transiting Exoplanet Survey Satellite (TESS),3.814334,,1.088,1.58,,3643,29.8424
LHS 1903 b,LHS 1903,1,4,2026,Transit,Transiting Exoplanet Survey Satellite (TESS),2.1555098,0.02656,1.382,3.28,796,3664,35.6917
LHS 1903 c,LHS 1903,1,4,2026,Transit,Transiting Exoplanet Survey Satellite (TESS),6.226185,0.05387,2.046,4.55,559,3664,35.6917
LHS 1903 d,LHS 1903,1,4,2026,Transit,Transiting Exoplanet Survey Satellite (TESS),12.566287,0.08604,2.5,5.96,442,3664,35.6917
LHS 1903 e,LHS 1903,1,4,2026,Transit,CHaracterising ExOPlanets Satellite (CHEOPS),29.31773,0.15135,1.732,5.79,333,3664,35.6917
LHS 3154 b,LHS 3154,1,1,2023,Radial Velocity,McDonald Observatory,3.71778,0.02262,,13.15,,2861,15.7606
LHS 3844 b,LHS 3844,1,1,2019,Transit,Transiting Exoplanet Survey Satellite (TESS),0.462929709,0.00624,1.286,2.37,816,3080,14.8846
LHS 475 b,LHS 475,1,1,2023,Transit,Transiting Exoplanet Survey Satellite (TESS),2.029088,,0.991,,586,3300,12.4814
LP 261-75 b,LP 261-75 A,1,1,2006,Imaging,Apache Point Observatory,,450,,6674.396547,1500,,33.928
LP 714-47 b,LP 714-47,1,1,2020,Transit,Transiting Exoplanet Survey Satellite (TESS),4.052032,0.04056,4.25,28.38,722.8,4123,52.616
LP 791-18 b,LP 791-18,1,3,2019,Transit,Transiting Exoplanet Survey Satellite (TESS),0.9479981,0.00978,1.212,,564.3,2960,26.4927
LP 791-18 c,LP 791-18,1,3,2019,Transit,Transiting Exoplanet Survey Satellite (TESS),4.98991,0.02961,2.488,7.16,,2960,26.4927
LP 791-18 d,LP 791-18,1,3,2023,Transit,Spitzer Space Telescope,2.75485,0.01992,1.032,0.91,,2960,26.4927
LP 890-9 b,LP 890-9,1,2,2022,Transit,Transiting Exoplanet Survey Satellite (TESS),2.7299025,0.01875,1.32,13.2,396,2850,32.4298
LP 890-9 c,LP 890-9,1,2,2022,Transit,SPECULOOS Southern Observatory,8.457463,0.03984,1.367,25.3,272,2850,32.4298
LSPM J2116+0234 b,LSPM J2116+0234,1,1,2019,Radial Velocity,Calar Alto Observatory,14.4399,0.0876,,13.3,,3475,17.6297
LTT 1445 A b,LTT 1445 A,3,2,2019,Transit,Transiting Exoplanet Survey Satellite (TESS),5.3587635,0.0381,1.34,2.73,431,,6.86929
LTT 1445 A c,LTT 1445 A,3,2,2022,Transit,Transiting Exoplanet Survey Satellite (TESS),3.1239035,0.02661,1.147,1.54,508,3340,6.86929
LTT 3780 b,LTT 3780,2,2,2020,Transit,Transiting Exoplanet Survey Satellite (TESS),0.76837931,0.01195,1.325,2.46,903,3358,21.9814
LTT 3780 c,LTT 3780,2,2,2020,Transit,Transiting Exoplanet Survey Satellite (TESS),12.252284,0.0757,2.39,8.04,359,3358,21.9814
LTT 9779 b,LTT 9779,1,1,2020,Transit,Transiting Exoplanet Survey Satellite (TESS),0.792052,0.01679,4.72,29.32,1978,5443,80.4373
LkCa 15 b,LkCa 15,1,2,2015,Imaging,Large Binocular Telescope Observatory,,14.7,,,,4194,158.152
LkCa 15 c,LkCa 15,1,2,2015,Imaging,Large Binocular Telescope Observatory,,18.6,,,,4194,158.152
Luhman 16 b,Luhman 16 A,1,1,2017,Imaging,Multiple Observatories,9697,3.52,,9344.155166,,,
Lupus-TR-3 b,Lupus-TR-3,1,1,2007,Transit,Multiple Observatories,3.91405,0.0464,9.976,257.431,,5000,773.409
M62H b,M62H,1,1,2024,Pulsar Timing,South African Radio Astronomy Observatory (SAR,0.132935028,,,785.0361653,,,
MASCARA-1 b,MASCARA-1,1,1,2017,Transit,Multiple Observatories,2.14877381,0.040352,17.90074218,,2594.3,7490,182.273
MASCARA-4 b,MASCARA-4,2,1,2020,Transit,Multiple Observatories,2.8240932,0.0474,16.98160576,532.3625817,2250,7800,170.696
MOA-2007-BLG-192L b,MOA-2007-BLG-192L,1,1,2008,Microlensing,MOA,,2.02,,12.49,,,2160
MOA-2007-BLG-400L b,MOA-2007-BLG-400L,1,1,2008,Microlensing,MOA,,5.9,,540.3082919,,,6890
MOA-2008-BLG-310L b,MOA-2008-BLG-310L,1,1,2009,Microlensing,MOA,,1.1,,23.4,,,7700
MOA-2008-BLG-379L b,MOA-2008-BLG-379L,1,1,2013,Microlensing,MOA,,2.7,,1300,,,3300
MOA-2009-BLG-266L b,MOA-2009-BLG-266L,1,1,2011,Microlensing,MOA,2800,3.2,,10.4,,,3040
MOA-2009-BLG-319L b,MOA-2009-BLG-319L,1,1,2010,Microlensing,MOA,,2.03,,67.3,,,7050
MOA-2009-BLG-387L b,MOA-2009-BLG-387L,1,1,2010,Microlensing,MOA,1980,1.8,,830,,,5690
MOA-2010-BLG-073L b,MOA-2010-BLG-073L,1,1,2012,Microlensing,MOA,,1.21,,3500,,,2800
MOA-2010-BLG-117L b,MOA-2010-BLG-117L,1,1,2018,Microlensing,MOA,,2.42,,170,,,3500
MOA-2010-BLG-328L b,MOA-2010-BLG-328L,1,1,2013,Microlensing,MOA,,0.92,,9.2,,,810
MOA-2010-BLG-353L b,MOA-2010-BLG-353L,1,1,2015,Microlensing,MOA,,1.72,,86,,,6430
MOA-2010-BLG-477L b,MOA-2010-BLG-477L,1,1,2012,Microlensing,MOA,,2,,480,,5950,2300
MOA-2011-BLG-028L b,MOA-2011-BLG-028L,1,1,2016,Microlensing,MOA,,4.14,,30,,,7380
MOA-2011-BLG-262L b,MOA-2011-BLG-262L,1,1,2014,Microlensing,MOA,,0.95,,17,,,7200
MOA-2011-BLG-291L b,MOA-2011-BLG-291L,1,1,2018,Microlensing,MOA,,0.69,,18,,,4400
MOA-2011-BLG-293L b,MOA-2011-BLG-293L,1,1,2012,Microlensing,MOA,,1.1,,1500,,,7720
MOA-2011-BLG-322L b,MOA-2011-BLG-322L,1,1,2013,Microlensing,MOA,,4.3,,3690,,,7560
MOA-2012-BLG-006L b,MOA-2012-BLG-006L,1,1,2017,Microlensing,Multiple Observatories,,10.2,,2700,,,5300
MOA-2012-BLG-505L b,MOA-2012-BLG-505L,1,1,2017,Microlensing,MOA,,0.9,,6.7,,,7210
MOA-2013-BLG-220L b,MOA-2013-BLG-220L,1,1,2014,Microlensing,MOA,,3.03,,871,,,6720
MOA-2013-BLG-605L b,MOA-2013-BLG-605L,1,1,2016,Microlensing,MOA,,0.93,,3.24,,,850
MOA-2015-BLG-337L b,MOA-2015-BLG-337L,1,1,2018,Microlensing,MOA,,0.24,,33.7,,,7100
MOA-2016-BLG-227L b,MOA-2016-BLG-227L,1,1,2017,Microlensing,MOA,,1.39,,890,,,6500
MOA-2016-BLG-319L b,MOA-2016-BLG-319L,1,1,2018,Microlensing,MOA,,0.95,,200,,,6800
MOA-2016-BLG-526L b,MOA-2016-BLG-526L,1,1,2024,Microlensing,MOA,,2.07,,14.93793513,,,6930
MOA-2019-BLG-008L b,MOA-2019-BLG-008L,1,1,2022,Microlensing,MOA,,,,5720.911326,,,2700
MOA-2020-BLG-108L b,MOA-2020-BLG-108L,1,1,2026,Microlensing,MOA,,3.69,,3391.229103,,,5130
MOA-2020-BLG-135L b,MOA-2020-BLG-135L,1,1,2022,Microlensing,MOA,,1.11,,11.3,,,7900
MOA-2020-BLG-208L b,MOA-2020-BLG-208L,1,1,2023,Microlensing,MOA,,2.74,,46,,,7490
MOA-2022-BLG-033L b,MOA-2022-BLG-033L,1,1,2025,Microlensing,MOA,,2.15,,12.15,,,1840
MOA-2022-BLG-091L b,MOA-2022-BLG-091L,1,1,2025,Microlensing,MOA,,3.44,,1141.003981,,,4250
MOA-2022-BLG-249L b,MOA-2022-BLG-249L,1,1,2023,Microlensing,MOA,,1.63,,4.83,,,2000
MOA-2022-BLG-563L b,MOA-2022-BLG-563L,1,1,2024,Microlensing,MOA,,2.15,,127.1313628,,,6530
MOA-bin-1L b,MOA-bin-1L,1,1,2012,Microlensing,MOA,,8.3,,1200,,,5100
MOA-bin-29 b,MOA-bin-29,1,1,2019,Microlensing,MOA,,0.48,,190,,,7120
MWC 758 c,MWC 758,1,1,2023,Imaging,Large Binocular Telescope Observatory,,100,,,500,,159.537
MXB 1658-298 b,MXB 1658-298,2,1,2017,Eclipse Timing Variations,Multiple Observatories,760,1.613,,7532.571,,,
NGC 2682 Sand 1429 b,NGC 2682 Sand 1429,1,1,2024,Radial Velocity,Multiple Observatories,77.48,0.384,,572.0911326,683,6000,852.793
NGC 2682 Sand 978 b,NGC 2682 Sand 978,1,1,2017,Radial Velocity,Multiple Observatories,511.21,,,692.8694,,4200,821.918
NGC 2682 YBP 1194 b,NGC 2682 YBP 1194,1,1,2014,Radial Velocity,Multiple Observatories,6.959,,,101.7056,,5780,872.92
NGC 2682 YBP 1514 b,NGC 2682 YBP 1514,1,1,2014,Radial Velocity,Multiple Observatories,5.118,,,127.132,,5725,914.221
NGC 2682 YBP 401 b,NGC 2682 YBP 401,1,1,2016,Radial Velocity,La Silla Observatory,4.087,,,146.2018,,6165,830.822
NGTS-1 b,NGTS-1,1,1,2017,Transit,Next-Generation Transit Survey (NGTS),2.647298,0.0326,14.90797,258.07796,790,3916,218.121
NGTS-10 b,NGTS-10,2,1,2020,Transit,Next-Generation Transit Survey (NGTS),0.7668944,,13.89913607,,1508,4567,
NGTS-11 b,NGTS-11,1,1,2020,Transit,Transiting Exoplanet Survey Satellite (TESS),35.45533,0.201,9.157753,109.33352,435,5050,190.422
NGTS-12 b,NGTS-12,1,1,2020,Transit,Next-Generation Transit Survey (NGTS),7.532806,0.0757,11.747032,66.10864,1257,5690,446.442
NGTS-13 b,NGTS-13,1,1,2021,Transit,Next-Generation Transit Survey (NGTS),4.119027,0.0549,12.800678,1538.2972,1605,5819,647.595
NGTS-14 A b,NGTS-14 A,2,1,2021,Transit,Next-Generation Transit Survey (NGTS),3.5357173,0.0403,4.976796,29.24036,1143,5187,322.148
NGTS-15 b,NGTS-15,1,1,2021,Transit,Next-Generation Transit Survey (NGTS),3.27623,0.0441,12.32987877,238.6891337,1146,5600,786.485
NGTS-16 b,NGTS-16,1,1,2021,Transit,Next-Generation Transit Survey (NGTS),4.84532,0.0523,14.57167491,211.9915475,1177,5550,898.168
NGTS-17 b,NGTS-17,1,1,2021,Transit,Next-Generation Transit Survey (NGTS),3.24253,0.0391,13.89913607,242.820903,1457,5650,1040.28
NGTS-18 b,NGTS-18,1,1,2021,Transit,Next-Generation Transit Survey (NGTS),3.05125,0.0448,13.56286665,129.9918185,1381,5610,1096.19
NGTS-2 b,NGTS-2,1,1,2018,Transit,Next-Generation Transit Survey (NGTS),4.511164,0.063,17.878355,235.1942,1468,6478,356.391
NGTS-20 b,NGTS-20,1,1,2022,Transit,Transiting Exoplanet Survey Satellite (TESS),54.18915,0.313,11.99360935,947.1286529,688,5980,382.898
NGTS-21 b,NGTS-21,1,1,2022,Transit,Next-Generation Transit Survey (NGTS),1.5433897,0.0236,14.90794433,750.0750405,1357,4660,592.891
NGTS-23 b,NGTS-23,1,1,2022,Transit,Next-Generation Transit Survey (NGTS),4.0764326,0.0504,14.20177855,194.8288135,1327,6057,1074.95
NGTS-24 b,NGTS-24,1,1,2022,Transit,Next-Generation Transit Survey (NGTS),3.4678796,0.0479,13.60770257,165.2707716,1499,5820,683.062
NGTS-25 b,NGTS-25,1,1,2022,Transit,Next-Generation Transit Survey (NGTS),2.823093,0.0388,11.46678726,203.0923521,1101,5321,521.233
NGTS-26 b,NGTS-26,1,1,2024,Transit,Next-Generation Transit Survey (NGTS),4.5199279,0.049,14.88552637,92.80589484,1331,5550,1093.69
NGTS-27 b,NGTS-27,1,1,2024,Transit,Transiting Exoplanet Survey Satellite (TESS),3.3704181,0.0446,15.64773706,188.4722454,1783,5700,942.122
NGTS-3 A b,NGTS-3 A,2,1,2018,Transit,Next-Generation Transit Survey (NGTS),1.6753728,0.023,16.58932,756.4354,,5600,743.972
NGTS-30 b,NGTS-30,1,1,2024,Transit,Transiting Exoplanet Survey Satellite (TESS),98.29838,0.408,10.40193409,305.1152707,500,5455,238.377
NGTS-31 b,NGTS-31,1,1,2025,Transit,Transiting Exoplanet Survey Satellite (TESS),4.162734,0.064,18.04645893,355.9678158,1410,5710,497.376
NGTS-32 b,NGTS-32,1,1,2025,Transit,Next-Generation Transit Survey (NGTS),3.31211,0.044,15.91675259,181.162192,1750,5680,837.457
NGTS-33 b,NGTS-33,1,1,2024,Transit,Transiting Exoplanet Survey Satellite (TESS),2.827972,0.048,18.38272835,1153.717117,1991,7437,437.855
NGTS-34 b,NGTS-34,1,1,2025,Transit,Transiting Exoplanet Survey Satellite (TESS),43.12655,0.257,3.65,19.1,624,6134,120.475
NGTS-35 b,NGTS-35,1,1,2025,Transit,Transiting Exoplanet Survey Satellite (TESS),25.241192,0.16,10.9,152,451,4717,183.078
NGTS-38 b,NGTS-38,1,1,2026,Transit,Transiting Exoplanet Survey Satellite (TESS),180.52797,0.697,12.11690814,1516.041501,457,6310,268.637
NGTS-39 b,NGTS-39,1,1,2026,Transit,Transiting Exoplanet Survey Satellite (TESS),58.20472,0.3077,12.195371,466.2542731,519,6053,278.402
NGTS-4 b,NGTS-4,1,1,2019,Transit,Next-Generation Transit Survey (NGTS),1.3373508,0.019,3.18,20.6,1650,5143,280.555
NGTS-5 b,NGTS-5,1,1,2019,Transit,Next-Generation Transit Survey (NGTS),3.3569866,0.0382,12.733424,72.78307,952,4987,306.779
NGTS-6 b,NGTS-6,1,1,2019,Transit,Next-Generation Transit Survey (NGTS),0.882059,0.01677,14.863134,425.57437,1283.9,4730,308.262
NGTS-8 b,NGTS-8,1,1,2019,Transit,Next-Generation Transit Survey (NGTS),2.4997,0.035,12.21781,295.5819,1345,5241,428.976
NGTS-9 b,NGTS-9,1,1,2019,Transit,Next-Generation Transit Survey (NGTS),4.43527,0.058,11.99363,921.707,1448,6330,609.128
NN Ser c,NN Ser,2,2,2010,Eclipse Timing Variations,Multiple Observatories,6987,,,3086.113832,,,515.818
NN Ser d,NN Ser,2,2,2010,Eclipse Timing Variations,Multiple Observatories,2880,,,696.0442113,,,515.818
NSVS 14256825 b,NSVS 14256825,2,1,2019,Eclipse Timing Variations,Multiple Observatories,3225,3.12,,4497.2945,,40000,820.877
NY Vir b,NY Vir,2,2,2011,Eclipse Timing Variations,Multiple Observatories,3160,,,845.4278,,32780,544.024
NY Vir c,NY Vir,2,2,2019,Eclipse Timing Variations,Winer Observatory,8799,,,1760.7782,,32780,544.024
OGLE-2003-BLG-235L b,OGLE-2003-BLG-235L,1,1,2004,Microlensing,OGLE,,4.3,,830,,,5800
OGLE-2005-BLG-071L b,OGLE-2005-BLG-071L,1,1,2005,Microlensing,OGLE,,3.6,,1200,55,,3200
OGLE-2005-BLG-169L b,OGLE-2005-BLG-169L,1,1,2006,Microlensing,OGLE,,3.5,,14.1,,,4100
OGLE-2005-BLG-390L b,OGLE-2005-BLG-390L,1,1,2005,Microlensing,OGLE,3285,2.6,,5.5,50,,6600
OGLE-2006-BLG-109L b,OGLE-2006-BLG-109L,1,2,2008,Microlensing,OGLE,1788.5,2.3,,231,,,1510
OGLE-2006-BLG-109L c,OGLE-2006-BLG-109L,1,2,2008,Microlensing,OGLE,4927.5,4.5,,86,,,1510
OGLE-2006-BLG-284L A b,OGLE-2006-BLG-284L A,2,1,2020,Microlensing,OGLE,,2.17,,144,,,4000
OGLE-2007-BLG-349L AB c,OGLE-2007-BLG-349L A,2,1,2016,Microlensing,OGLE,2557,2.59,,80,,,2760
OGLE-2007-BLG-368L b,OGLE-2007-BLG-368L,1,1,2009,Microlensing,OGLE,,2.8,,20,,,5900
OGLE-2008-BLG-092L b,OGLE-2008-BLG-092L,2,1,2014,Microlensing,OGLE,,15,,57,,,8100
OGLE-2008-BLG-355L b,OGLE-2008-BLG-355L,1,1,2014,Microlensing,OGLE,,1.7,,1500,,,6800
OGLE-2011-BLG-0173L b,OGLE-2011-BLG-0173L,1,1,2018,Microlensing,OGLE,,8,,60,,,6100
OGLE-2011-BLG-0251L b,OGLE-2011-BLG-0251L,1,1,2012,Microlensing,OGLE,,2.72,,170,,,2570
OGLE-2011-BLG-0265L b,OGLE-2011-BLG-0265L,1,1,2015,Microlensing,OGLE,,1.89,,280,,,4380
OGLE-2012-BLG-0026L b,OGLE-2012-BLG-0026L,1,2,2012,Microlensing,OGLE,,4,,46.1,,,4019
OGLE-2012-BLG-0026L c,OGLE-2012-BLG-0026L,1,2,2012,Microlensing,OGLE,,4.8,,270,,,4019
OGLE-2012-BLG-0358L b,OGLE-2012-BLG-0358L,1,1,2013,Microlensing,OGLE,,0.87,,588,,,1760
OGLE-2012-BLG-0406L b,OGLE-2012-BLG-0406L,1,1,2013,Microlensing,OGLE,,3.45,,868,,,4970
OGLE-2012-BLG-0563L b,OGLE-2012-BLG-0563L,1,1,2015,Microlensing,OGLE,,0.74,,120,,,1300
OGLE-2012-BLG-0724L b,OGLE-2012-BLG-0724L,1,1,2016,Microlensing,OGLE,,1.6,,150,,,6700
OGLE-2012-BLG-0838L b,OGLE-2012-BLG-0838L,1,1,2020,Microlensing,OGLE,,4.43,,53.1,,,6320
OGLE-2012-BLG-0950L b,OGLE-2012-BLG-0950L,1,1,2016,Microlensing,OGLE,,2.6,,35,,,2600
OGLE-2013-BLG-0102L b,OGLE-2013-BLG-0102L,1,1,2014,Microlensing,OGLE,,0.8,,4100,,,3040
OGLE-2013-BLG-0132L b,OGLE-2013-BLG-0132L,1,1,2017,Microlensing,OGLE,,3.6,,92,,,3900
OGLE-2013-BLG-0341L B b,OGLE-2013-BLG-0341L B,2,1,2014,Microlensing,OGLE,,0.702,,1.66,,,911
OGLE-2013-BLG-0911L b,OGLE-2013-BLG-0911L,1,1,2019,Microlensing,OGLE,,0.39,,3020,,,3220
OGLE-2013-BLG-1721L b,OGLE-2013-BLG-1721L,1,1,2017,Microlensing,OGLE,,2.6,,200,,,6300
OGLE-2013-BLG-1761L b,OGLE-2013-BLG-1761L,1,1,2017,Microlensing,OGLE,,1.8,,860,,,6900
OGLE-2014-BLG-0124L b,OGLE-2014-BLG-0124L,1,1,2015,Microlensing,OGLE,,3.48,,206.5884646,,,3500
OGLE-2014-BLG-0221L b,OGLE-2014-BLG-0221L,1,1,2024,Microlensing,OGLE,,3.76,,1382.55357,,,3680
OGLE-2014-BLG-0319L b,OGLE-2014-BLG-0319L,1,1,2022,Microlensing,OGLE,,3.49,,181.162192,,,7730
OGLE-2014-BLG-0676L b,OGLE-2014-BLG-0676L,1,1,2016,Microlensing,OGLE,,2.04,,988.4463458,,,1880
OGLE-2014-BLG-1722L b,OGLE-2014-BLG-1722L,1,2,2018,Microlensing,OGLE,,1.5,,55.3,,,6400
OGLE-2014-BLG-1722L c,OGLE-2014-BLG-1722L,1,2,2018,Microlensing,OGLE,,1.7,,83.7,,,6400
OGLE-2014-BLG-1760L b,OGLE-2014-BLG-1760L,1,1,2016,Microlensing,OGLE,,1.887,,295.8982469,,,7056
OGLE-2015-BLG-0051L b,OGLE-2015-BLG-0051L,1,1,2016,Microlensing,OGLE,,0.73,,230,,,8200
OGLE-2015-BLG-0954L b,OGLE-2015-BLG-0954L,1,1,2016,Microlensing,KMTNet,,1.6,,1100,,,1200
OGLE-2015-BLG-0966L b,OGLE-2015-BLG-0966L,1,1,2016,Microlensing,OGLE,,2.7,,21,,,3300
OGLE-2015-BLG-1609L b,OGLE-2015-BLG-1609L,1,1,2025,Microlensing,OGLE,,,,76.27881768,,,3300
OGLE-2015-BLG-1649L b,OGLE-2015-BLG-1649L,1,1,2019,Microlensing,OGLE,,2.07,,807,,,4230
OGLE-2015-BLG-1670L b,OGLE-2015-BLG-1670L,1,1,2019,Microlensing,OGLE,,2.62,,17.9,,,6700
OGLE-2015-BLG-1771L b,OGLE-2015-BLG-1771L,1,1,2020,Microlensing,OGLE,,0.85,,138,,,7070
OGLE-2016-BLG-0007L b,OGLE-2016-BLG-0007L,1,1,2025,Microlensing,OGLE,14200.00000000000,10.1,,1.32,,,4300
OGLE-2016-BLG-0261L b,OGLE-2016-BLG-0261L,1,1,2026,Microlensing,OGLE,,0.72,,66.74396547,,,7850
OGLE-2016-BLG-0263L b,OGLE-2016-BLG-0263L,1,1,2017,Microlensing,OGLE,,5.4,,1300,,,6500
OGLE-2016-BLG-0613L AB b,OGLE-2016-BLG-0613L AB,2,1,2017,Microlensing,OGLE,,6.4,,1330,,,3410
OGLE-2016-BLG-1067L b,OGLE-2016-BLG-1067L,1,1,2019,Microlensing,OGLE,,1.7,,140,,,3730
OGLE-2016-BLG-1093L b,OGLE-2016-BLG-1093L,1,1,2022,Microlensing,OGLE,,2.13,,225.658169,,,8120
OGLE-2016-BLG-1190L b,OGLE-2016-BLG-1190L,1,1,2017,Microlensing,OGLE,1220,2.17,,4253,,,6770
OGLE-2016-BLG-1195L b,OGLE-2016-BLG-1195L,1,1,2017,Microlensing,OGLE,,1.16,,1.43,,,3910
OGLE-2016-BLG-1227L b,OGLE-2016-BLG-1227L,1,1,2020,Microlensing,OGLE,,3.4,,250,,,
OGLE-2016-BLG-1266L b,OGLE-2016-BLG-1266L,1,1,2018,Microlensing,OGLE,,0.43,,3813.940884,,,3080
OGLE-2016-BLG-1598L b,OGLE-2016-BLG-1598L,1,1,2024,Microlensing,OGLE,,2.5,,120.7747947,,,5910
OGLE-2016-BLG-1800L b,OGLE-2016-BLG-1800L,1,1,2024,Microlensing,OGLE,,1.88,,823.1755741,,,6480
OGLE-2017-BLG-0173L b,OGLE-2017-BLG-0173L,1,1,2018,Microlensing,OGLE,,3.913,,3.269,,,4705
OGLE-2017-BLG-0364L b,OGLE-2017-BLG-0364L,1,1,2024,Microlensing,OGLE,,3.79,,75.8,,,7860
OGLE-2017-BLG-0373L b,OGLE-2017-BLG-0373L,1,1,2018,Microlensing,OGLE,,2.424,,127,,,5915
OGLE-2017-BLG-0406L b,OGLE-2017-BLG-0406L,1,1,2020,Microlensing,OGLE,,3.5,,130,,,5200
OGLE-2017-BLG-0448L b,OGLE-2017-BLG-0448L,1,1,2024,Microlensing,OGLE,,5.75,,15.6,,,7530
OGLE-2017-BLG-0482L b,OGLE-2017-BLG-0482L,1,1,2018,Microlensing,OGLE,,1.8,,9,,,5800
OGLE-2017-BLG-0604L b,OGLE-2017-BLG-0604L,1,1,2020,Microlensing,OGLE,,4.06,,160,,,3950
OGLE-2017-BLG-0640L b,OGLE-2017-BLG-0640L,1,1,2024,Microlensing,OGLE,,1.14,,514.8820193,,,6630
OGLE-2017-BLG-1049L b,OGLE-2017-BLG-1049L,1,1,2020,Microlensing,OGLE,,3.92,,1760,,,5670
OGLE-2017-BLG-1099L b,OGLE-2017-BLG-1099L,1,1,2021,Microlensing,OGLE,,2.73,,959.8417891,,,7250
OGLE-2017-BLG-1140L b,OGLE-2017-BLG-1140L,1,1,2018,Microlensing,OGLE,,1.02,,505,,,
OGLE-2017-BLG-1237L b,OGLE-2017-BLG-1237L,1,1,2024,Microlensing,OGLE,,2.53,,1207.747947,,,6030
OGLE-2017-BLG-1275L b,OGLE-2017-BLG-1275L,1,1,2024,Microlensing,OGLE,,2.09,,1875.187601,,,7690
OGLE-2017-BLG-1375L b,OGLE-2017-BLG-1375L,1,1,2020,Microlensing,OGLE,,3.04,,3585,,,3930
OGLE-2017-BLG-1434L b,OGLE-2017-BLG-1434L,1,1,2018,Microlensing,OGLE,,1.18,,4.43,,,860
OGLE-2017-BLG-1522L b,OGLE-2017-BLG-1522L,1,1,2018,Microlensing,OGLE,,0.59,,240,,,7490
OGLE-2017-BLG-1691L b,OGLE-2017-BLG-1691L,1,1,2022,Microlensing,OGLE,,2.41,,14.62010672,,,7290
OGLE-2017-BLG-1806L b,OGLE-2017-BLG-1806L,1,1,2023,Microlensing,OGLE,,1.75,,5.27,,,6400
OGLE-2018-BLG-0298L b,OGLE-2018-BLG-0298L,1,1,2022,Microlensing,OGLE,,2.86,,44.49597698,,,6540
OGLE-2018-BLG-0383L b,OGLE-2018-BLG-0383L,1,1,2022,Microlensing,OGLE,,1.8,,6.4,,,7700
OGLE-2018-BLG-0506L b,OGLE-2018-BLG-0506L,1,1,2022,Microlensing,OGLE,,3,,16.3,,,5600
OGLE-2018-BLG-0516L b,OGLE-2018-BLG-0516L,1,1,2022,Microlensing,OGLE,,2.2,,20.1,,,7000
OGLE-2018-BLG-0532L b,OGLE-2018-BLG-0532L,1,1,2020,Microlensing,OGLE,,1.064,,6.228,,,773
OGLE-2018-BLG-0567L b,OGLE-2018-BLG-0567L,1,1,2021,Microlensing,OGLE,,2.72,,101.7050902,,,7060
OGLE-2018-BLG-0596L b,OGLE-2018-BLG-0596L,1,1,2019,Microlensing,OGLE,,0.97,,13.93,,,5650
OGLE-2018-BLG-0677L b,OGLE-2018-BLG-0677L,1,1,2020,Microlensing,OGLE,,0.63,,3.96,,,7580
OGLE-2018-BLG-0740L b,OGLE-2018-BLG-0740L,1,1,2019,Microlensing,OGLE,5480,5,,1500,,5912,3200
OGLE-2018-BLG-0799L b,OGLE-2018-BLG-0799L,1,1,2022,Microlensing,OGLE,,1.28,,82.63538582,,,4050
OGLE-2018-BLG-0932L b,OGLE-2018-BLG-0932L,1,1,2022,Microlensing,KMTNet,,1.75,,282.8672822,,,6620
OGLE-2018-BLG-0962L b,OGLE-2018-BLG-0962L,1,1,2021,Microlensing,OGLE,,3.59,,425.8900654,,,6500
OGLE-2018-BLG-0977L b,OGLE-2018-BLG-0977L,1,1,2022,Microlensing,OGLE,,2,,6.4,,,6500
OGLE-2018-BLG-1011L b,OGLE-2018-BLG-1011L,1,2,2019,Microlensing,OGLE,,1.8,,570,,,7100
OGLE-2018-BLG-1011L c,OGLE-2018-BLG-1011L,1,2,2019,Microlensing,OGLE,,0.8,,890,,,7100
OGLE-2018-BLG-1119L b,OGLE-2018-BLG-1119L,1,1,2022,Microlensing,OGLE,,4.06,,289.2238504,,,5760
OGLE-2018-BLG-1126L b,OGLE-2018-BLG-1126L,1,1,2022,Microlensing,KMTNet,,3.23,,17.79839079,,,5700
OGLE-2018-BLG-1185L b,OGLE-2018-BLG-1185L,1,1,2021,Microlensing,OGLE,,1.54,,8.4,,,7400
OGLE-2018-BLG-1212L b,OGLE-2018-BLG-1212L,1,1,2022,Microlensing,KMTNet,,1.68,,63.5656814,,,1550
OGLE-2018-BLG-1269L b,OGLE-2018-BLG-1269L,1,1,2020,Microlensing,OGLE,,4.51,,210,,,2510
OGLE-2018-BLG-1367L b,OGLE-2018-BLG-1367L,1,1,2022,Microlensing,KMTNet,,,,301.9369867,,,5370
OGLE-2018-BLG-1428L b,OGLE-2018-BLG-1428L,1,1,2021,Microlensing,OGLE,,3.3,,240,,,6220
OGLE-2018-BLG-1647L b,OGLE-2018-BLG-1647L,1,1,2022,Microlensing,KMTNet,,1.36,,308.2935548,,,7880
OGLE-2018-BLG-1700L b,OGLE-2018-BLG-1700L,2,1,2020,Microlensing,OGLE,,2.8,,1400,,,7600
OGLE-2019-BLG-0249L b,OGLE-2019-BLG-0249L,1,1,2023,Microlensing,OGLE,,1.84,,2262.938258,,,6370
OGLE-2019-BLG-0299L b,OGLE-2019-BLG-0299L,1,1,2021,Microlensing,OGLE,,2.8,,1976.892692,,,5830
OGLE-2019-BLG-0304L b,OGLE-2019-BLG-0304L,2,1,2021,Microlensing,OGLE,,1.23,,162.0924876,,,6980
OGLE-2019-BLG-0362L b,OGLE-2019-BLG-0362L,1,1,2022,Microlensing,OGLE,,2.18,,1036.120607,,,5830
OGLE-2019-BLG-0468L b,OGLE-2019-BLG-0468L,1,2,2022,Microlensing,OGLE,,3.29,,1090.151436,,,4400
OGLE-2019-BLG-0468L c,OGLE-2019-BLG-0468L,1,2,2022,Microlensing,OGLE,,2.77,,3248.20632,,,4400
OGLE-2019-BLG-0679L b,OGLE-2019-BLG-0679L,1,1,2023,Microlensing,OGLE,,6.99,,1061.546879,,,5630
OGLE-2019-BLG-0954L b,OGLE-2019-BLG-0954L,1,1,2021,Microlensing,OGLE,,2.65,,4513.163379,,,3630
OGLE-2019-BLG-0960L b,OGLE-2019-BLG-0960L,1,1,2021,Microlensing,OGLE,,1.9,,2.5,,,980
OGLE-2019-BLG-1053L b,OGLE-2019-BLG-1053L,1,1,2021,Microlensing,KMTNet,,3.4,,2.48,,,6800
OGLE-2019-BLG-1180L b,OGLE-2019-BLG-1180L,1,1,2023,Microlensing,OGLE,,5.19,,555.246227,,,6070
OGLE-2019-BLG-1470L AB c,OGLE-2019-BLG-1470L A,2,1,2022,Microlensing,OGLE,,3.2,,699.2224954,,,5900
OGLE-2019-BLG-1492L b,OGLE-2019-BLG-1492L,1,1,2022,Microlensing,OGLE,,2.7,,37.1,,,5600
OGLE-2023-BLG-0766L b,OGLE-2023-BLG-0766L,1,1,2026,Microlensing,OGLE,,2.5,,349.6112477,,,7400
OGLE-2023-BLG-0836L b,OGLE-2023-BLG-0836L,2,1,2024,Microlensing,OGLE,,3.7,,1385.731855,,,5120
OGLE-TR-10 b,OGLE-TR-10,1,1,2004,Transit,OGLE,3.101278,0.0434,14.011,197.046,,5950,1344.97
OGLE-TR-111 b,OGLE-TR-111,1,1,2004,Transit,OGLE,4.0144463,0.0473,11.421971,,,,1068.33
OGLE-TR-113 b,OGLE-TR-113,1,1,2004,Transit,OGLE,1.4324752,0.02289,12.251,400.449,,4790,566.459
OGLE-TR-132 b,OGLE-TR-132,1,1,2004,Transit,OGLE,1.689868,0.03035,13.45,375.02,2013,6210,2012.62
OGLE-TR-182 b,OGLE-TR-182,1,1,2007,Transit,OGLE,3.9791,0.051,12.666,320.995,,5924,2501.75
OGLE-TR-211 b,OGLE-TR-211,1,1,2007,Transit,OGLE,3.67724,0.051,15.244,327.351,,6325,1515.26
OGLE-TR-56 b,OGLE-TR-56,1,1,2002,Transit,OGLE,1.2119189,0.02383,15.278,441.77,2212,6050,
OGLE2-TR-L9 b,OGLE2-TR-L9,1,1,2008,Transit,OGLE,2.4855335,0.0308,18.046,1430.175,,6933,1627.63
Oph 11 b,Oph 11,1,1,2006,Imaging,Gemini Observatory,7300000.00000000000,243,,4449.62,2175,2375,
PDS 70 b,PDS 70,1,2,2018,Imaging,Paranal Observatory,,20.8,21.96960217,1017.050902,1392,4109,113.064
PDS 70 c,PDS 70,1,2,2019,Imaging,European Southern Observatory,,34.3,22.19378179,2383.713053,1054,4109,113.064
PH1 b,PH1,4,1,2012,Transit,Kepler,138.317,0.652,6.18,169,481,6407,1033.16
PH2 b,PH2,1,1,2013,Transit,Kepler,282.52542,0.833,9.33708092,87.08498352,295.1,5734,343.863
POTS-1 b,POTS-1,1,1,2013,Transit,La Silla Observatory,3.1606296,0.03734,10.548,734.16,,4400,747.959
PSR B0329+54 b,PSR B0329+54,1,1,2017,Pulsar Timing,Multiple Facilities,10140.00000000000,10.26,,1.97,,,
PSR B1257+12 b,PSR B1257+12,1,3,1994,Pulsar Timing,Arecibo Observatory,25.262,0.19,,0.02,,,600
PSR B1257+12 c,PSR B1257+12,1,3,1992,Pulsar Timing,Arecibo Observatory,66.5419,0.36,,4.3,,,600
PSR B1257+12 d,PSR B1257+12,1,3,1992,Pulsar Timing,Arecibo Observatory,98.2114,0.46,,3.9,,,600
PSR B1620-26 b,PSR B1620-26,2,1,2003,Pulsar Timing,Hubble Space Telescope,,23,,794.575,,,
PSR J1719-1438 b,PSR J1719-1438,1,1,2011,Pulsar Timing,Parkes Observatory,0.090706293,0.0044,,382.8,,4500,1200
PSR J2322-2650 b,PSR J2322-2650,1,1,2017,Pulsar Timing,Parkes Observatory,0.322963997,0.0102,,252.643067,,,230
PZ Tel b,PZ Tel,1,1,2023,Imaging,W. M. Keck Observatory,44000.00000000000,27,,8581.366989,,,47.0648
Pr0201 b,Pr0201,1,1,2012,Radial Velocity,Fred Lawrence Whipple Observatory,4.4264,0.06,,171.6282,,6174,180.64
Pr0211 b,Pr0211,2,2,2012,Radial Velocity,Fred Lawrence Whipple Observatory,2.1461,0.03176,,597.5204,,5300,182.714
Pr0211 c,Pr0211,2,2,2016,Radial Velocity,Roque de los Muchachos Observatory,4850,5.5,,2475.8957,,5300,182.714
Proxima Cen b,Proxima Cen,3,2,2016,Radial Velocity,European Southern Observatory,11.18465,0.04848,,1.055,218,2900,1.30119
Proxima Cen d,Proxima Cen,3,2,2025,Radial Velocity,La Silla Observatory,5.12338,0.02881,,0.26,282,2900,1.30119
Qatar-1 b,Qatar-1,1,1,2010,Transit,Qatar,1.4200242,0.02332,12.811887,411.27202,1418,5013,185.615
Qatar-10 b,Qatar-10,1,1,2019,Transit,Qatar,1.645321,0.0286,17.295487,233.92288,1955,6124,559.068
Qatar-2 b,Qatar-2,1,1,2011,Transit,Qatar,1.33711647,0.02153,14.056,792.635,1344,4645,181.374
Qatar-3 b,Qatar-3,1,1,2017,Transit,Qatar,2.5079204,0.03783,12.285064,1369.8473,1681,6007,735.601
Qatar-4 b,Qatar-4,1,1,2017,Transit,Qatar,1.8053564,0.02803,12.722215,1938.763,1385,5215,329.036
Qatar-5 b,Qatar-5,1,1,2017,Transit,Qatar,2.8792319,0.04127,12.408363,1373.0256,1415,5747,367.658
Qatar-6 b,Qatar-6,2,1,2017,Transit,Qatar,3.506195,0.0423,11.903958,212.31044,1006,5052,100.848
Qatar-7 b,Qatar-7,1,1,2019,Transit,Qatar,2.032046,0.0352,19.0553,597.5204,2053,6387,705.981
Qatar-8 b,Qatar-8,1,1,2019,Transit,Qatar,3.71495,0.0474,14.403565,117.91493,1457,5738,281.498
Qatar-9 b,Qatar-9,1,1,2019,Transit,Qatar,1.540731,0.0234,11.309881,378.2177,1134,4309,213.771
ROXs 12 b,ROXs 12,2,1,2013,Imaging,W. M. Keck Observatory,,210,,5085,,3850,136.65
ROXs 42 B b,ROXs 42 B,2,1,2013,Imaging,Multiple Observatories,,157,,2860,1975,,143.59
RR Cae b,RR Cae,2,1,2012,Eclipse Timing Variations,Leoncito Astronomical Complex,4343.5,5.3,,1334.886,,,21.1916
Ross 128 b,Ross 128,1,1,2017,Radial Velocity,La Silla Observatory,9.8658,0.0496,,1.4,301,3192,3.37454
Ross 176 b,Ross 176,1,1,2025,Transit,Transiting Exoplanet Survey Satellite (TESS),5.0066338,0.0464,1.84,4.57,682,4041,46.4488
Ross 458 c,Ross 458,2,1,2010,Imaging,Las Campanas Observatory,,1100,14.01125,1906.98,,,11.5094
Ross 508 b,Ross 508,1,1,2022,Radial Velocity,Subaru Telescope,10.77,0.05366,,4,,3071,11.2103
SPECULOOS-3 b,SPECULOOS-3,1,1,2024,Transit,SPECULOOS Southern Observatory,0.71912603,0.00733,0.977,,553,2800,
SR 12 AB c,SR 12 AB,2,1,2010,Imaging,Infrared Survey Facility,,,,4131.62,,,
SWEEPS-11 b,SWEEPS-11,1,1,2006,Transit,Hubble Space Telescope,1.796,0.03,12.666,3082.82,,,
SWEEPS-4 b,SWEEPS-4,1,1,2006,Transit,Hubble Space Telescope,4.2,0.055,9.079,1207.7,,,
TAP 26 b,TAP 26,1,1,2017,Radial Velocity,Multiple Facilities,10.79,0.0968,,527.5978,,4620,121.402
TCP J05074264+2447555 b,TCP J05074264+2447555,1,1,2018,Microlensing,Multiple Observatories,,0.94,,20,,,505
TIC 117642575 b,TIC 117642575,1,1,2026,Transit,Transiting Exoplanet Survey Satellite (TESS),4.944590602,,2.82716337,,,5719.98,188.758
TIC 139270665 b,TIC 139270665,1,2,2024,Transit,Transiting Exoplanet Survey Satellite (TESS),23.624,0.163,7.22979255,147.1545524,703,5844,189.875
TIC 139270665 c,TIC 139270665,1,2,2024,Radial Velocity,Lick Observatory,1010,2,,1554.18091,200,5844,189.875
TIC 139702105 b,TIC 139702105,1,1,2026,Transit,Transiting Exoplanet Survey Satellite (TESS),6.836019034,,2.45316949,,,5742.35,91.7884
TIC 142589416 b,TIC 142589416,1,1,2026,Transit,Transiting Exoplanet Survey Satellite (TESS),2.095184663,,2.67899519,,,4396.27,168.933
TIC 147027702 b,TIC 147027702,1,1,2026,Transit,Transiting Exoplanet Survey Satellite (TESS),44.40523,0.274,10.92875618,346.4329636,863,6410,457.186
TIC 150070085 b,TIC 150070085,1,1,2026,Transit,Transiting Exoplanet Survey Satellite (TESS),10.47423,,3.62,,945.06,5999,204.368
TIC 153919886 b,TIC 153919886,1,1,2026,Transit,Transiting Exoplanet Survey Satellite (TESS),2.105104923,,2.70601108,,,4137.16,132.33
TIC 154870955 b,TIC 154870955,1,1,2026,Transit,Transiting Exoplanet Survey Satellite (TESS),7.969874713,,3.09467466,,,4739.58,226.463
TIC 160113658 b,TIC 160113658,1,1,2026,Transit,Transiting Exoplanet Survey Satellite (TESS),6.729522621,,3.49015778,,,4817.31,200.156
TIC 161045582 b,TIC 161045582,1,1,2026,Transit,Transiting Exoplanet Survey Satellite (TESS),8.8557719,,2.24566738,,,5683.87,162.246
TIC 172900988 b,TIC 172900988 Aa,2,1,2021,Transit,Transiting Exoplanet Survey Satellite (TESS),200.452,0.90281,11.25,942,,6050,250.956
TIC 178172313 b,TIC 178172313,1,1,2026,Transit,Transiting Exoplanet Survey Satellite (TESS),4.373181614,,2.80405322,,,5405.59,178.137
TIC 183374187 b,TIC 183374187,1,1,2026,Transit,Transiting Exoplanet Survey Satellite (TESS),5.05907,,14.03364384,177.9839079,1379,5768,1208.75
TIC 188624430 b,TIC 188624430,1,1,2026,Transit,Transiting Exoplanet Survey Satellite (TESS),6.218604331,,3.64811843,,,5369.46,300.743
TIC 18942729 b,TIC 18942729,1,1,2026,Transit,Transiting Exoplanet Survey Satellite (TESS),0.998178381,,2.00021315,,,4360.11,115.169
TIC 198190129 b,TIC 198190129,1,1,2026,Transit,Transiting Exoplanet Survey Satellite (TESS),7.948049107,,2.92284949,,,4377.53,130.035
TIC 206466666 b,TIC 206466666,1,1,2026,Transit,Transiting Exoplanet Survey Satellite (TESS),9.104868652,,2.14817673,,,4620.3,127.837
TIC 231949697 b,TIC 231949697,1,1,2026,Transit,Transiting Exoplanet Survey Satellite (TESS),0.907204487,,1.52831855,,,3451.32,50.2408
TIC 237913194 b,TIC 237913194,1,1,2020,Transit,Transiting Exoplanet Survey Satellite (TESS),15.168865,0.1207,12.520453,617.22586,974,5788,306.063
TIC 241249530 b,TIC 241249530,2,1,2024,Transit,Transiting Exoplanet Survey Satellite (TESS),165.7719,0.641,13.29385111,1582.785467,,6166,324.448
TIC 245076932 b,TIC 245076932,1,1,2026,Transit,Transiting Exoplanet Survey Satellite (TESS),21.61389,0.157,10.87271128,162.0924876,845,6130,303.96
TIC 24750448 b,TIC 24750448,1,2,2026,Transit,Transiting Exoplanet Survey Satellite (TESS),3.59159193,,2.43722231,,,4545.43,178.146
TIC 24750448 c,TIC 24750448,1,2,2026,Transit,Transiting Exoplanet Survey Satellite (TESS),10.14385271,,3.09028272,,,4545.43,178.146
TIC 249022743 b,TIC 249022743,1,1,2026,Transit,Transiting Exoplanet Survey Satellite (TESS),2.257196815,,4.79568155,,,5567.58,396.46
TIC 257060897 b,TIC 257060897,1,1,2021,Transit,Transiting Exoplanet Survey Satellite (TESS),3.66003639,0.04922,17.26183028,201.50321,1775,5993,505.703
TIC 260969020 b,TIC 260969020,1,1,2026,Transit,Transiting Exoplanet Survey Satellite (TESS),8.48584502,,2.22686612,,,4572.94,121.222
TIC 270471727 b,TIC 270471727,1,1,2026,Transit,Transiting Exoplanet Survey Satellite (TESS),10.45623257,,2.75029559,,,5271.39,182.104
TIC 279401253 b,TIC 279401253,1,2,2023,Transit,Transiting Exoplanet Survey Satellite (TESS),76.8,0.369,11.2089807,1951.466419,,5951,285.584
TIC 279401253 c,TIC 279401253,1,2,2023,Transit,Multiple Observatories,155.3,0.591,,2548.983824,,5951,285.584
TIC 290487717 b,TIC 290487717,1,1,2026,Transit,Transiting Exoplanet Survey Satellite (TESS),3.400818229,,6.63777941,,,5328.97,395.574
TIC 294329732 b,TIC 294329732,1,1,2026,Transit,Transiting Exoplanet Survey Satellite (TESS),9.756587618,,2.07692266,,,5201.93,189.333
TIC 32032563 b,TIC 32032563,1,1,2026,Transit,Transiting Exoplanet Survey Satellite (TESS),13.83460488,,3.47739942,,,5567.93,507.858
TIC 320419023 b,TIC 320419023,1,1,2026,Transit,Transiting Exoplanet Survey Satellite (TESS),5.263756516,,2.77280763,,,5703.36,288.893
TIC 34085383 b,TIC 34085383,1,1,2026,Transit,Transiting Exoplanet Survey Satellite (TESS),3.477933685,,3.91982296,,,4694.84,149.12
TIC 349520724 b,TIC 349520724,1,1,2026,Transit,Transiting Exoplanet Survey Satellite (TESS),7.94044635,,2.82626313,,,5098.6,241.105
TIC 356227008 b,TIC 356227008,1,1,2026,Transit,Transiting Exoplanet Survey Satellite (TESS),2.961474487,,2.39024009,,,5731.86,387.609
TIC 365102760 b,TIC 365102760,1,1,2024,Transit,Transiting Exoplanet Survey Satellite (TESS),4.21285367,0.0622,6.21,19.2,,4900,555.546
TIC 38825265 b,TIC 38825265,1,1,2026,Transit,Transiting Exoplanet Survey Satellite (TESS),3.31336981,,2.18869476,,,4375.52,165.638
TIC 38828280 b,TIC 38828280,1,1,2026,Transit,Transiting Exoplanet Survey Satellite (TESS),4.855589848,,2.62701629,,,5046.63,286.415
TIC 390586021 b,TIC 390586021,1,1,2026,Transit,Transiting Exoplanet Survey Satellite (TESS),2.747037558,,2.86009388,,,4434.81,114.558
TIC 393818343 b,TIC 393818343,2,1,2024,Transit,Transiting Exoplanet Survey Satellite (TESS),16.24921,0.1291,12.18416202,1379.375286,805.5,5756,93.7345
TIC 423703298 b,TIC 423703298,1,1,2026,Transit,Transiting Exoplanet Survey Satellite (TESS),4.03712712,,2.77230429,,,4540.37,136.191
TIC 434398831 b,TIC 434398831,1,2,2025,Transit,Transiting Exoplanet Survey Satellite (TESS),3.685504,0.04641,3.51,,1250,5638,217.011
TIC 434398831 c,TIC 434398831,1,2,2025,Transit,Transiting Exoplanet Survey Satellite (TESS),6.210291,0.06572,5.63,,1050,5638,217.011
TIC 437041147 b,TIC 437041147,1,1,2026,Transit,Transiting Exoplanet Survey Satellite (TESS),3.823014215,,2.21526814,,,5224.36,246.6
TIC 445839811 b,TIC 445839811,1,1,2026,Transit,Transiting Exoplanet Survey Satellite (TESS),11.10862603,,2.47771211,,,5408.25,235.655
TIC 46432937 b,TIC 46432937,2,1,2024,Transit,Transiting Exoplanet Survey Satellite (TESS),1.44044527,0.02065,13.31626907,1017.050902,872,3572,90.5369
TIC 4672985 b,TIC 4672985,1,1,2024,Transit,Transiting Exoplanet Survey Satellite (TESS),69.048,0.33,11.5004142,4049.133905,517.2,5757,253.385
TIC 52059926 b,TIC 52059926,1,1,2026,Transit,Transiting Exoplanet Survey Satellite (TESS),175.532,0.553,10.71,5380,229.6,4505,216.581
TIC 62895484 b,TIC 62895484,1,1,2026,Transit,Transiting Exoplanet Survey Satellite (TESS),2.839854343,,3.49391667,,,5520.79,294.857
TIC 65612701 b,TIC 65612701,1,1,2026,Transit,Transiting Exoplanet Survey Satellite (TESS),10.22467975,,5.07802804,,,5692.29,151.624
TIC 67686059 b,TIC 67686059,1,1,2026,Transit,Transiting Exoplanet Survey Satellite (TESS),3.521635296,,2.59125922,,,5090.09,249.203
TIC 77319217 b,TIC 77319217,1,1,2026,Transit,Transiting Exoplanet Survey Satellite (TESS),7.548307651,,3.10879526,,,5961.52,267.62
TIC 77552382 b,TIC 77552382,1,1,2026,Transit,Transiting Exoplanet Survey Satellite (TESS),3.510259049,,5.69176189,,,4981.07,373.415
TIC 86380416 b,TIC 86380416,1,1,2026,Transit,Transiting Exoplanet Survey Satellite (TESS),6.040864346,,2.4123612,,,5723.74,244.68
TIC 87422071 b,TIC 87422071,1,1,2026,Transit,Transiting Exoplanet Survey Satellite (TESS),11.364929,0.106,10.8615023,409.998645,1110,6150,384.758
TIC 88692598 b,TIC 88692598,1,1,2026,Transit,Transiting Exoplanet Survey Satellite (TESS),2.649094368,,1.81295951,,,3483.17,73.5258
TIC 88785435 b,TIC 88785435,1,1,2025,Transit,Transiting Exoplanet Survey Satellite (TESS),10.508843,0.08432,5.03,,635,3998,122.386
TIC 9344899 b,TIC 9344899,1,1,2026,Transit,Transiting Exoplanet Survey Satellite (TESS),8.5821566,0.0815,9.16,6170,923,5800,532.228
TOI-1011 b,TOI-1011,1,1,2025,Transit,Transiting Exoplanet Survey Satellite (TESS),2.470498,,1.45,4.04,,5475,52.62
TOI-1036 b,TOI-1036,1,1,2026,Transit,Transiting Exoplanet Survey Satellite (TESS),3.779521255,,6.28499593,,,5664.68,184.015
TOI-1052 b,TOI-1052,1,2,2023,Transit,Transiting Exoplanet Survey Satellite (TESS),9.139703,0.09103,2.87,16.9,1135,6146,129.804
TOI-1052 c,TOI-1052,1,2,2023,Radial Velocity,Multiple Observatories,35.806,0.2263,,34.3,719,6146,129.804
TOI-1054.01,TOI-1054,1,1,2021,Transit,Transiting Exoplanet Survey Satellite (TESS),15.5077855,,2.43432,,853,6122,88.4343
TOI-1062 b,TOI-1062,1,2,2021,Transit,Transiting Exoplanet Survey Satellite (TESS),4.11296,0.052,2.265,10.15,1077,5328,82.1733
TOI-1062 c,TOI-1062,1,2,2021,Radial Velocity,La Silla Observatory,7.972,0.08,,9.78,859,5328,82.1733
TOI-1064 b,TOI-1064,1,2,2022,Transit,Transiting Exoplanet Survey Satellite (TESS),6.443868,0.06152,2.587,13.5,784,4734,68.0726
TOI-1064 c,TOI-1064,1,2,2022,Transit,Transiting Exoplanet Survey Satellite (TESS),12.226574,0.09429,2.651,2.5,634,4734,68.0726
TOI-1075 b,TOI-1075,1,1,2022,Transit,Transiting Exoplanet Survey Satellite (TESS),0.6047328,0.01159,1.791,9.95,1323,3875,61.4592
TOI-1080 b,TOI-1080,1,1,2026,Transit,Transiting Exoplanet Survey Satellite (TESS),3.9652482,0.0272,1.2,10.7,368,3065,25.559
TOI-1105 b,TOI-1105,1,1,2026,Transit,Transiting Exoplanet Survey Satellite (TESS),10.86818411,,3.05823658,,,4678.46,79.5225
TOI-1107 b,TOI-1107,1,1,2022,Transit,Transiting Exoplanet Survey Satellite (TESS),4.0782387,0.0561,14.57167491,1064.725163,1728,6311,281.314
TOI-1117 b,TOI-1117,1,3,2025,Transit,Transiting Exoplanet Survey Satellite (TESS),2.22816,0.033,2.46,8.9,1538,5635,167.598
TOI-1117 c,TOI-1117,1,3,2025,Radial Velocity,La Silla Observatory,4.579,0.0534,,8.78,1210,5635,167.598
TOI-1117 d,TOI-1117,1,3,2025,Radial Velocity,La Silla Observatory,8.665,0.0817,,10.71,978,5635,167.598
TOI-1130 b,TOI-1130,1,2,2020,Transit,Transiting Exoplanet Survey Satellite (TESS),4.074554,0.0453,3.66,19.8,825,4360,58.2609
TOI-1130 c,TOI-1130,1,2,2020,Transit,Transiting Exoplanet Survey Satellite (TESS),8.3501898,0.0731,13,336,650,4360,58.2609
TOI-1135 b,TOI-1135,1,1,2024,Transit,Transiting Exoplanet Survey Satellite (TESS),8.0277327,0.0815,9.91994792,58.79825529,1171,6320,114.048
TOI-1136 b,TOI-1136,1,6,2022,Transit,Transiting Exoplanet Survey Satellite (TESS),4.1727,0.05106,,3.5,1216,5770,84.5362
TOI-1136 c,TOI-1136,1,6,2022,Transit,Transiting Exoplanet Survey Satellite (TESS),6.2574,0.0669,,6.32,1062,5770,84.5362
TOI-1136 d,TOI-1136,1,6,2022,Transit,Transiting Exoplanet Survey Satellite (TESS),12.5199,0.1062,,8.35,843,5770,84.5362
TOI-1136 e,TOI-1136,1,6,2022,Transit,Transiting Exoplanet Survey Satellite (TESS),18.801,,,6.07,737,5770,84.5362
TOI-1136 f,TOI-1136,1,6,2022,Transit,Transiting Exoplanet Survey Satellite (TESS),26.321,0.174,,9.7,658,5770,84.5362
TOI-1136 g,TOI-1136,1,6,2022,Transit,Transiting Exoplanet Survey Satellite (TESS),39.545,0.229,,5.6,574,5770,84.5362
TOI-1173 b,TOI-1173,2,1,2024,Transit,Transiting Exoplanet Survey Satellite (TESS),7.0643971,,8.77663189,28.28672822,,,132.353
TOI-1174 b,TOI-1174,1,1,2024,Transit,Transiting Exoplanet Survey Satellite (TESS),8.953487683,0.07994,2.562,,,5030,94.6375
TOI-1180 b,TOI-1180,1,1,2024,Transit,Transiting Exoplanet Survey Satellite (TESS),9.686760378,0.080799,3.072,,,4738,72.0238
TOI-1181 b,TOI-1181,1,1,2022,Transit,Transiting Exoplanet Survey Satellite (TESS),2.103189,,17.02644168,374.7196919,,6054,302.819
TOI-1184 b,TOI-1184,1,1,2024,Transit,Transiting Exoplanet Survey Satellite (TESS),5.748433803,0.056027,2.39,,,4534,58.5946
TOI-1194 b,TOI-1194,1,1,2023,Transit,Transiting Exoplanet Survey Satellite (TESS),2.3106446,0.034,8.71664516,120,1264.29,5394,149.667
TOI-1199 b,TOI-1199,1,1,2024,Transit,Transiting Exoplanet Survey Satellite (TESS),3.671463,0.04988,10.5140239,75.96098927,1486,5710,248.427
TOI-1201 b,TOI-1201,2,1,2021,Transit,Transiting Exoplanet Survey Satellite (TESS),2.4919863,0.0287,2.415,6.28,703,3476,37.8871
TOI-1203 b,TOI-1203,1,4,2025,Radial Velocity,La Silla Observatory,4.1572888,0.04869,1.52,3.51,1361.2,5737,64.9943
TOI-1203 c,TOI-1203,1,4,2025,Radial Velocity,La Silla Observatory,13.0766,,,5.46,,5737,64.9943
TOI-1203 e,TOI-1203,1,4,2025,Radial Velocity,La Silla Observatory,204.59,,,42.1,,5737,64.9943
TOI-1203.01,TOI-1203,1,4,2021,Transit,Transiting Exoplanet Survey Satellite (TESS),25.502672,0.1632,2.918,7.39,743.6,5737,64.9943
TOI-122 b,TOI-122,1,1,2020,Transit,Transiting Exoplanet Survey Satellite (TESS),5.07803,0.0392,2.72,,471,3403,62.118
TOI-1221 b,TOI-1221,1,1,2023,Transit,Transiting Exoplanet Survey Satellite (TESS),91.68278,0.387,2.91,1112.399425,440,5592,138.411
TOI-1224 b,TOI-1224,1,2,2024,Transit,Transiting Exoplanet Survey Satellite (TESS),4.1782745,0.0355,2.104,,541,3326,37.3312
TOI-1224 c,TOI-1224,1,2,2024,Transit,Transiting Exoplanet Survey Satellite (TESS),17.945466,,2.884,,,3326,37.3312
TOI-1226 b,TOI-1226,1,1,2026,Transit,Transiting Exoplanet Survey Satellite (TESS),3.928808816,,2.4101112,,,5434.91,257.93
TOI-1227 b,TOI-1227,1,1,2022,Transit,Transiting Exoplanet Survey Satellite (TESS),27.36397,0.0886,9.57246952,,,3072,100.641
TOI-1230.01,TOI-1230,1,1,2021,Transit,Transiting Exoplanet Survey Satellite (TESS),25.05734662,,2.38627705,,1046.51,5696,143.138
TOI-1231 b,TOI-1231,1,1,2021,Transit,Transiting Exoplanet Survey Satellite (TESS),24.245586,0.1288,3.65,15.4,329.6,3553,27.6227
TOI-1232 b,TOI-1232,1,2,2026,Transit,Transiting Exoplanet Survey Satellite (TESS),14.256,0.117,10.92875618,220.5729145,,5823,328.604
TOI-1232 c,TOI-1232,1,2,2026,Transit Timing Variations,Transiting Exoplanet Survey Satellite (TESS),30.356,0.194,,58.48042689,,5823,328.604
TOI-1233.01,HD 108236,1,5,2021,Transit,Transiting Exoplanet Survey Satellite (TESS),14.175685,0.1074,2.539,,,5660,64.5978
TOI-1235 b,TOI-1235,1,1,2020,Transit,Transiting Exoplanet Survey Satellite (TESS),3.444714,,1.69,6.69,,3997,39.6345
TOI-1238 b,TOI-1238,1,2,2022,Transit,Transiting Exoplanet Survey Satellite (TESS),0.764597,0.0139,1.21,3.76,1133,4089,70.7145
TOI-1238 c,TOI-1238,1,2,2022,Transit,Transiting Exoplanet Survey Satellite (TESS),3.294736,0.037,2.11,8.32,695,4089,70.7145
TOI-1243 b,TOI-1243,1,1,2026,Transit,Transiting Exoplanet Survey Satellite (TESS),4.6594779,,2.33,7.7,450,3515,43.1865
TOI-1244 b,TOI-1244,1,1,2024,Transit,Transiting Exoplanet Survey Satellite (TESS),6.400316483,0.060694,2.467,,,4599,102.551
TOI-1246 b,TOI-1246,1,4,2022,Transit,Transiting Exoplanet Survey Satellite (TESS),4.30744,0.049,3.01,8.1,955,5151,169.422
TOI-1246 c,TOI-1246,1,4,2022,Transit,Transiting Exoplanet Survey Satellite (TESS),5.904137,0.061,2.45109846,9.1,862.49,5213,169.422
TOI-1246 d,TOI-1246,1,4,2022,Transit,Transiting Exoplanet Survey Satellite (TESS),18.654874,0.132,3.43139739,5.4,587.77,5213,169.422
TOI-1246 e,TOI-1246,1,4,2022,Transit,Transiting Exoplanet Survey Satellite (TESS),37.92548,0.212,3.5141875,14.5,463.98,5213,169.422
TOI-1248 b,TOI-1248,1,1,2024,Transit,Transiting Exoplanet Survey Satellite (TESS),4.3601561,0.051,6.8084859,27.4,952.09,5205,168.735
TOI-1249 b,TOI-1249,1,1,2024,Transit,Transiting Exoplanet Survey Satellite (TESS),13.079151,0.109,3.2710301,11.9,726.89,5497,139.49
TOI-125 b,TOI-125,1,3,2019,Transit,Transiting Exoplanet Survey Satellite (TESS),4.65382,0.05186,2.726,9.5,1037,5320,111.059
TOI-125 c,TOI-125,1,3,2019,Transit,Transiting Exoplanet Survey Satellite (TESS),9.15059,0.0814,2.759,6.63,827.8,5320,111.059
TOI-125 d,TOI-125,1,3,2020,Transit,Transiting Exoplanet Survey Satellite (TESS),19.98,0.137,2.93,13.6,638.1,5320,111.059
TOI-1259 A b,TOI-1259 A,2,1,2021,Transit,Transiting Exoplanet Survey Satellite (TESS),3.4779792,0.0408,11.6,141,,,118.106
TOI-1260 b,TOI-1260,1,3,2021,Transit,Transiting Exoplanet Survey Satellite (TESS),3.127463,0.0367,2.41,8.56,871,4227,73.5977
TOI-1260 c,TOI-1260,1,3,2021,Transit,Transiting Exoplanet Survey Satellite (TESS),7.493134,0.0657,2.76,13.2,651,4227,73.5977
TOI-1260 d,TOI-1260,1,3,2022,Transit,Transiting Exoplanet Survey Satellite (TESS),16.608164,0.1116,3.12,11.84,499,4227,73.5977
TOI-1266 b,TOI-1266,1,3,2020,Transit,Transiting Exoplanet Survey Satellite (TESS),10.8945,0.073,2.52,4.46,415,3563,36.0118
TOI-1266 c,TOI-1266,1,3,2020,Transit,Transiting Exoplanet Survey Satellite (TESS),18.8027,0.105,1.98,3.17,346,3563,36.0118
TOI-1266 d,TOI-1266,1,3,2025,Transit Timing Variations,Transiting Exoplanet Survey Satellite (TESS),32.509,0.1513,,3.68,288,3563,36.0118
TOI-1268 b,TOI-1268,1,1,2022,Transit,Transiting Exoplanet Survey Satellite (TESS),8.1577094,0.0711,9.1,96.4,918.9,5300,109.557
TOI-1269 b,TOI-1269,1,2,2024,Transit,Transiting Exoplanet Survey Satellite (TESS),4.2529913,0.0496,2.40144286,6.4,1004.9,5499,172.138
TOI-1269 c,TOI-1269,1,2,2026,Transit,Transiting Exoplanet Survey Satellite (TESS),9.237861442,,2.22999162,,,5554.02,172.138
TOI-1272 b,TOI-1272,1,1,2022,Transit,Transiting Exoplanet Survey Satellite (TESS),3.3159765,0.041,4.26,24.1,1051,4985,137.572
TOI-1273 b,TOI-1273,1,1,2024,Transit,Transiting Exoplanet Survey Satellite (TESS),4.631296,0.0549,11.09689089,70.55790635,1211,5690,177.118
TOI-1278 b,TOI-1278,1,1,2021,Transit,Transiting Exoplanet Survey Satellite (TESS),14.47567,0.095,12.21778896,5879.82553,,3799,75.5759
TOI-1279 b,TOI-1279,1,1,2024,Transit,Transiting Exoplanet Survey Satellite (TESS),9.61419,0.085,2.66146528,10.6,759,5457,107.055
TOI-128.01,TOI-128,1,1,2024,Transit,Transiting Exoplanet Survey Satellite (TESS),4.9404681,0.05381019,2.21898,,1344.51,6086,68.4727
TOI-1288 b,TOI-1288,1,2,2022,Transit,Transiting Exoplanet Survey Satellite (TESS),2.6998279,0.0374,4.96846551,44.1,1203.44,5388,114.865
TOI-1288 c,TOI-1288,1,2,2022,Radial Velocity,Multiple Observatories,416,1.07,,85.7,,5388,114.865
TOI-1291 b,TOI-1291,1,1,2026,Transit,Transiting Exoplanet Survey Satellite (TESS),7.162009755,,5.63826391,,,6139.95,428.123
TOI-1294 b,TOI-1294,1,2,2024,Transit,Transiting Exoplanet Survey Satellite (TESS),3.915292,0.051,10.12369881,63.9,1392.74,5718,332.648
TOI-1294 c,TOI-1294,1,2,2024,Radial Velocity,W. M. Keck Observatory,159.9,0.61,,147,,5718,332.648
TOI-1295 b,TOI-1295,1,1,2024,Transit,Transiting Exoplanet Survey Satellite (TESS),3.1968838,0.047,15.69257298,451.3163379,2360,6280,388.227
TOI-1296 b,TOI-1296,1,1,2021,Transit,Transiting Exoplanet Survey Satellite (TESS),3.9443736,0.051,14.11645916,95.3,1414.84,5567,323.265
TOI-1298 b,TOI-1298,1,1,2021,Transit,Transiting Exoplanet Survey Satellite (TESS),4.537143,0.057,9.65807033,99,1278,5752,319.036
TOI-1301.01,TOI-1301,1,1,2024,Transit,Transiting Exoplanet Survey Satellite (TESS),6.096407209,0.059866,2.477,,,4820,90.8693
TOI-132 b,TOI-132,1,1,2020,Transit,Transiting Exoplanet Survey Satellite (TESS),2.1097019,0.026,3.42,22.4,1395,5397,163.678
TOI-1333 b,TOI-1333,2,1,2021,Transit,Transiting Exoplanet Survey Satellite (TESS),4.720219,0.0626,15.647764,753.2571,1679,6274,200.492
TOI-1338 b,TOI-1338 A,2,2,2020,Transit,Transiting Exoplanet Survey Satellite (TESS),95.4001,,7.661,11.3,,,399.017
TOI-1338 c,TOI-1338 A,2,2,2023,Radial Velocity,Multiple Observatories,215.79,,,75.4,,,399.017
TOI-1346 b,TOI-1346,1,2,2025,Transit,Transiting Exoplanet Survey Satellite (TESS),1.7622538,,2.39,,1324,5099,115.45
TOI-1346 c,TOI-1346,1,2,2025,Transit,Transiting Exoplanet Survey Satellite (TESS),5.502558,,2.23,,928,5099,115.45
TOI-1347 b,TOI-1347,1,2,2024,Transit,Transiting Exoplanet Survey Satellite (TESS),0.84742346,,1.8,11.1,1400,5464,147.476
TOI-1347 c,TOI-1347,1,2,2024,Transit,Transiting Exoplanet Survey Satellite (TESS),4.841962,,1.6,6.4,1000,5464,147.476
TOI-1386 b,TOI-1386,1,2,2024,Transit,Transiting Exoplanet Survey Satellite (TESS),25.8401,0.173,6.2163865,45.8,615.03,5735,146.858
TOI-1386 c,TOI-1386,1,2,2024,Radial Velocity,W. M. Keck Observatory,232,0.75,,75.2,,5735,146.858
TOI-139 b,TOI-139,1,1,2023,Transit,Transiting Exoplanet Survey Satellite (TESS),11.07085,,2.4566,,561.17,4570,42.4061
TOI-1408 b,TOI-1408,1,2,2023,Transit,Transiting Exoplanet Survey Satellite (TESS),4.42587,0.05778,25,593,,6117,139.484
TOI-1408 c,TOI-1408,1,2,2024,Transit Timing Variations,Transiting Exoplanet Survey Satellite (TESS),2.1664,0.03587,2.22,7.6,,6117,139.484
TOI-1410 c,TOI-1410,1,2,2024,Radial Velocity,W. M. Keck Observatory,47.56,0.239,,27,,4635,72.7512
TOI-1410.01,TOI-1410,1,2,2024,Transit,Transiting Exoplanet Survey Satellite (TESS),1.21687,0.0207,3.10083009,12.5,1236.7,4635,72.7512
TOI-1411 b,TOI-1411,1,1,2022,Transit,Transiting Exoplanet Survey Satellite (TESS),1.4520527,0.02122,1.19880592,2,976.4,4115,32.4778
TOI-1416 b,TOI-1416,1,1,2023,Transit,Transiting Exoplanet Survey Satellite (TESS),1.0697568,0.019,1.62,3.48,1517,4884,55.0135
TOI-1420 b,TOI-1420,1,1,2023,Transit,Transiting Exoplanet Survey Satellite (TESS),6.9561063,0.071,11.89,25.1,957,5510,201.918
TOI-1422 b,TOI-1422,1,2,2022,Transit,Transiting Exoplanet Survey Satellite (TESS),12.99894,0.107,3.83,9.5,870,,155.141
TOI-1422 c,TOI-1422,1,2,2025,Radial Velocity,Roque de los Muchachos Observatory,34.5633,0.205,2.61,14,628,,155.141
TOI-1431 b,TOI-1431,1,1,2021,Transit,Transiting Exoplanet Survey Satellite (TESS),2.650237,0.046,16.70138124,991.6246298,2370,7690,148.925
TOI-1437 b,TOI-1437,1,1,2024,Transit,Transiting Exoplanet Survey Satellite (TESS),18.840942,0.14,2.24,9.6,,6008,103.297
TOI-1438 b,TOI-1438,1,2,2025,Transit,Transiting Exoplanet Survey Satellite (TESS),5.13967,0.0553,3.04,9.4,971,5230,110.513
TOI-1438 c,TOI-1438,1,2,2025,Transit,Transiting Exoplanet Survey Satellite (TESS),9.428089,0.083,2.75,10.6,794,5230,110.513
TOI-1439 b,TOI-1439,1,1,2024,Transit,Transiting Exoplanet Survey Satellite (TESS),27.644,0.192,4.2427861,38.5,748.4,5841,230.306
TOI-1442 b,TOI-1442,1,1,2022,Transit,Transiting Exoplanet Survey Satellite (TESS),0.4090677,0.0071,1.17,,1072,3330,41.1659
TOI-1443 b,TOI-1443,1,1,2024,Transit,Transiting Exoplanet Survey Satellite (TESS),23.540678,0.147,2.30381001,30,520.66,5224,85.8034
TOI-1444 b,TOI-1444,1,1,2021,Transit,Transiting Exoplanet Survey Satellite (TESS),0.4702743,0.0116,1.41792246,3.58,2130.02,5460,125.463
TOI-1448 b,TOI-1448,1,1,2024,Transit,Transiting Exoplanet Survey Satellite (TESS),8.112245,0.0567,2.749,19.5,426,3412,73.3345
TOI-1450 A b,TOI-1450 A,2,2,2024,Transit,Transiting Exoplanet Survey Satellite (TESS),2.0439274,,1.13,1.258,722,3437,22.4467
TOI-1450 A c,TOI-1450 A,2,2,2024,Transit,Gemini Observatory,5.0688,,,1.527,533,3437,22.4467
TOI-1451 b,TOI-1451,1,1,2024,Transit,Transiting Exoplanet Survey Satellite (TESS),16.537944,0.127,2.61143902,15.2,723.33,5801,91.9362
TOI-1452 b,TOI-1452,2,1,2022,Transit,Transiting Exoplanet Survey Satellite (TESS),11.06201,0.061,1.672,4.82,326,3185,30.5212
TOI-1453 b,TOI-1453,2,2,2025,Transit,Transiting Exoplanet Survey Satellite (TESS),4.3135225,,1.173,2.32,944.2,4975,78.7415
TOI-1453 c,TOI-1453,2,2,2025,Transit,Transiting Exoplanet Survey Satellite (TESS),6.5886982,,2.224,2.95,819.8,4975,78.7415
TOI-1466 b,TOI-1466,1,1,2026,Transit,Transiting Exoplanet Survey Satellite (TESS),1.871906022,,2.46741991,,,4435.39,86.5783
TOI-1467 b,TOI-1467,1,1,2024,Transit,Transiting Exoplanet Survey Satellite (TESS),5.97114713,0.050748,1.92,,,3834,37.4418
TOI-1468 b,TOI-1468,1,2,2022,Transit,Transiting Exoplanet Survey Satellite (TESS),1.8805201,0.02107,1.401,3.04,683.5,3376,24.7399
TOI-1468 c,TOI-1468,1,2,2022,Transit,Transiting Exoplanet Survey Satellite (TESS),15.532477,0.08608,2.126,4.1,338.1,3376,24.7399
TOI-1470 b,TOI-1470,1,2,2023,Transit,Transiting Exoplanet Survey Satellite (TESS),2.527093,0.0285,2.18,7.32,734,3709,51.9503
TOI-1470 c,TOI-1470,1,2,2023,Transit,Transiting Exoplanet Survey Satellite (TESS),18.08816,0.106,2.47,7.24,373,3709,51.9503
TOI-1472 b,TOI-1472,1,2,2024,Transit,Transiting Exoplanet Survey Satellite (TESS),6.36338574,0.064,4.058,18.05,891,5100,121.84
TOI-1472 c,TOI-1472,1,2,2025,Radial Velocity,Multiple Observatories,15.5381747,0.116,3.334,21.13,662,5100,121.84
TOI-1478 b,TOI-1478,1,1,2021,Transit,Transiting Exoplanet Survey Satellite (TESS),10.1802117,0.0818,11.99360935,279.6889982,,,152.892
TOI-150.01,TOI-150,1,1,2019,Transit,Transiting Exoplanet Survey Satellite (TESS),5.857487,0.07037,14.067295,797.7533,1404.5,6255,336.267
TOI-1516 b,TOI-1516,1,1,2022,Transit,Transiting Exoplanet Survey Satellite (TESS),2.056014,,15.24421375,1004.337766,,6520,247.054
TOI-1518 b,TOI-1518,1,1,2021,Transit,Multiple Observatories,1.90261131,0.03712,21.05046575,581.6259848,2546,7299,225.888
TOI-1533 b,TOI-1533,1,2,2026,Transit,Transiting Exoplanet Survey Satellite (TESS),3.6457974,0.0445,2.89,28.1,,5146,100.051
TOI-1533 c,TOI-1533,1,2,2026,Transit,Transiting Exoplanet Survey Satellite (TESS),8.0637926,0.076,7.5,36.6,,5146,100.051
TOI-157 b,TOI-157,1,1,2020,Transit,Transiting Exoplanet Survey Satellite (TESS),2.0845435,0.03138,14.414774,375.0394,1588,5404,355.683
TOI-159 b,TOI-159,2,1,2026,Transit,Transiting Exoplanet Survey Satellite (TESS),3.7628396,0.056,18.18,1110,1891,7287,347.593
TOI-1601 b,TOI-1601,1,1,2021,Transit,Transiting Exoplanet Survey Satellite (TESS),5.33175,0.069,14.19902343,387,1493.97,5982,336.608
TOI-163 b,TOI-163,1,1,2019,Transit,Transiting Exoplanet Survey Satellite (TESS),4.231306,0.058,16.690201,387.7526,1669,6495,411.719
TOI-1630.01,TOI-1630,1,1,2024,Transit,Transiting Exoplanet Survey Satellite (TESS),12.05573473,0.101151,2.417,,,5504,66.0929
TOI-1634 b,TOI-1634,2,2,2021,Transit,Transiting Exoplanet Survey Satellite (TESS),0.98934551,0.01544,1.759,4.9,900,3550,35.2736
TOI-1634 c,TOI-1634,2,2,2022,Radial Velocity,Multiple Observatories,103,,,,,3472,35.2736
TOI-1648 b,TOI-1648,1,1,2025,Transit,Transiting Exoplanet Survey Satellite (TESS),7.331602,0.0694,2.54,7.4,799,4850,69.835
TOI-1659.01,TOI-1659,1,1,2024,Transit,Transiting Exoplanet Survey Satellite (TESS),5.877556328,0.065757,2.255,,,5977,122.494
TOI-1669 b,TOI-1669,1,2,2023,Radial Velocity,W. M. Keck Observatory,500,1.27,,191,,5497,111.276
TOI-1669 c,TOI-1669,1,2,2024,Transit,Transiting Exoplanet Survey Satellite (TESS),2.6800535,0.0376,2.2963977,13,1285.16,5497,111.276
TOI-1670 b,TOI-1670,1,2,2022,Transit,Transiting Exoplanet Survey Satellite (TESS),10.98462,0.103,2.06,41.31769291,1062,6170,168.067
TOI-1670 c,TOI-1670,1,2,2022,Transit,Transiting Exoplanet Survey Satellite (TESS),40.74976,0.249,11.06326395,200.2318964,684,6170,168.067
TOI-1680 b,TOI-1680,1,1,2023,Transit,Transiting Exoplanet Survey Satellite (TESS),4.8026345,0.03144,1.466,,404,3225,37.2209
TOI-1683.01,TOI-1683,1,1,2024,Transit,Transiting Exoplanet Survey Satellite (TESS),3.0575356,0.036507593,2.6382,,929.25,4402,51.1884
TOI-1685 b,TOI-1685,1,1,2021,Transit,Transiting Exoplanet Survey Satellite (TESS),0.66913923,0.01164,1.421,3.07,1000,3470,37.6153
TOI-169 b,TOI-169,1,1,2020,Transit,Transiting Exoplanet Survey Satellite (TESS),2.2554477,0.03524,12.172974,251.40353,1715,5880,407.84
TOI-1691 b,TOI-1691,1,1,2024,Transit,Transiting Exoplanet Survey Satellite (TESS),16.73688894,0.129365,3.66,,,5759,111.445
TOI-1693 b,TOI-1693,1,1,2022,Transit,Transiting Exoplanet Survey Satellite (TESS),1.7666957,0.0226,1.41,,764,3499,30.7947
TOI-1694 b,TOI-1694,1,2,2023,Transit,Transiting Exoplanet Survey Satellite (TESS),3.7701389,0.0445,5.27,28.24,1037,5005,124.68
TOI-1694 c,TOI-1694,1,2,2023,Radial Velocity,W. M. Keck Observatory,386.25,0.974,,316.5570934,222,5005,124.68
TOI-1695 b,TOI-1695,1,1,2022,Transit,Transiting Exoplanet Survey Satellite (TESS),3.1342791,0.033548,1.9,6.36,698,3690,45.1309
TOI-1696 b,TOI-1696,1,1,2022,Transit,Transiting Exoplanet Survey Satellite (TESS),2.500311,0.0229,3.09,48.8,489,3185,64.9172
TOI-1710 b,TOI-1710,2,1,2022,Transit,Transiting Exoplanet Survey Satellite (TESS),24.28336,0.1652,5.06,19.1,,5775,81.2271
TOI-1716.01,TOI-1716,1,1,2024,Transit,Transiting Exoplanet Survey Satellite (TESS),8.082376554,0.080496,3.143,,,5879,104.158
TOI-1718 b,TOI-1718,1,1,2026,Transit,Transiting Exoplanet Survey Satellite (TESS),5.587037686,,4.10824994,,,5304.91,52.3044
TOI-172 b,TOI-172,1,1,2019,Transit,Transiting Exoplanet Survey Satellite (TESS),9.47725,0.0914,10.816685,1722.6386,1198,5645,342.831
TOI-1722 b,TOI-1722,1,1,2026,Transit,Transiting Exoplanet Survey Satellite (TESS),9.605232069,,4.38298108,,,5999.55,136.419
TOI-1723 b,TOI-1723,1,1,2024,Transit,Transiting Exoplanet Survey Satellite (TESS),13.72701264,0.113496,3.435,,,5777,100.727
TOI-1728 b,TOI-1728,1,1,2020,Transit,Transiting Exoplanet Survey Satellite (TESS),3.49151,0.0391,5.05,26.78,767,3980,60.798
TOI-1732 b,TOI-1732,1,1,2026,Transit,Transiting Exoplanet Survey Satellite (TESS),4.119236783,,2.49549787,,,4201.93,74.7599
TOI-1736 b,TOI-1736,1,2,2023,Transit,Transiting Exoplanet Survey Satellite (TESS),7.073076,0.073,3.18175535,12.3,1099.79,5636,88.9482
TOI-1736 c,TOI-1736,1,2,2023,Radial Velocity,Haute-Provence Observatory,571.25,1.37,,2441,,5636,88.9482
TOI-1739 b,TOI-1739,1,1,2024,Transit,Transiting Exoplanet Survey Satellite (TESS),8.303341406,0.073872,1.946,,,4814,70.9819
TOI-1742 b,TOI-1742,1,1,2024,Transit,Transiting Exoplanet Survey Satellite (TESS),21.269084,0.154,2.36507598,9.7,694.09,5815,72.8871
TOI-1743 b,TOI-1743,1,1,2025,Transit,Transiting Exoplanet Survey Satellite (TESS),4.266046,0.03589,1.83,,485,3277,41.2758
TOI-1744.01,TOI-1744,1,1,2024,Transit,Transiting Exoplanet Survey Satellite (TESS),22.34170293,0.164086,2.68,,,6179,114.39
TOI-1749 b,TOI-1749,1,3,2021,Transit,Transiting Exoplanet Survey Satellite (TESS),2.38839,0.0291,1.39,57,831,3985,99.5561
TOI-1749 c,TOI-1749,1,3,2021,Transit,Transiting Exoplanet Survey Satellite (TESS),4.4929,0.0443,2.12,14,673,3985,99.5561
TOI-1749 d,TOI-1749,1,3,2021,Transit,Transiting Exoplanet Survey Satellite (TESS),9.0497,0.0707,2.52,15,533,3985,99.5561
TOI-1750 b,TOI-1750,1,1,2026,Transit,Transiting Exoplanet Survey Satellite (TESS),11.3372713,,2.78943837,,,4683.75,162.46
TOI-1751 b,TOI-1751,1,1,2024,Transit,Transiting Exoplanet Survey Satellite (TESS),37.46852,0.215,2.9507845,19.5,651.64,5970,113.335
TOI-1752 b,TOI-1752,1,2,2026,Transit,Transiting Exoplanet Survey Satellite (TESS),0.9351861,0.01624,1.693,,1036,3762,103.021
TOI-1752 c,TOI-1752,1,2,2026,Transit,Transiting Exoplanet Survey Satellite (TESS),32.71443,0.1614,2.29,,291,3762,103.021
TOI-1753 b,TOI-1753,1,1,2024,Transit,Transiting Exoplanet Survey Satellite (TESS),5.3846104,0.059,2.47852533,16.6,1005.43,5621,226.671
TOI-1756 b,TOI-1756,1,1,2026,Transit,Transiting Exoplanet Survey Satellite (TESS),2.783017363,,1.94225664,,,3891.86,86.7159
TOI-1758 b,TOI-1758,1,1,2024,Transit,Transiting Exoplanet Survey Satellite (TESS),20.70507469,0.141409,3.62,,,5169,96.6215
TOI-1759 b,TOI-1759,1,1,2022,Transit,Transiting Exoplanet Survey Satellite (TESS),18.85019,0.1177,3.14,10.8,443,4065,40.0654
TOI-1768.01,TOI-1768,1,1,2024,Transit,Transiting Exoplanet Survey Satellite (TESS),7.337703649,0.076381,3.453,,,5994,157.597
TOI-1772.01,TOI-1772,1,1,2024,Transit,Transiting Exoplanet Survey Satellite (TESS),8.054246874,0.078375,2.905,,,5583,97.7562
TOI-1774.01,TOI-1774,1,2,2021,Transit,Transiting Exoplanet Survey Satellite (TESS),16.70988,,2.78,8.5,824,5746,53.974
TOI-1775 b,TOI-1775,1,1,2024,Transit,Transiting Exoplanet Survey Satellite (TESS),10.2405549,0.08,8.04728896,96,707.89,5284,149.234
TOI-1776 b,TOI-1776,1,1,2024,Transit,Transiting Exoplanet Survey Satellite (TESS),2.799868,0.0378,1.21612741,1.4,1269.21,5785,44.647
TOI-1777.01,TOI-1777,1,1,2024,Transit,Transiting Exoplanet Survey Satellite (TESS),14.65011197,0.119466,2.246,,,5859,79.7665
TOI-178 b,TOI-178,1,6,2021,Transit,Transiting Exoplanet Survey Satellite (TESS),1.9145601,,1.2,0.96,,4316,62.699
TOI-178 c,TOI-178,1,6,2021,Transit,Transiting Exoplanet Survey Satellite (TESS),3.238486,,1.754,4.64,,4316,62.699
TOI-178 d,TOI-178,1,6,2021,Transit,Transiting Exoplanet Survey Satellite (TESS),6.557569,,2.695,5.2,,4316,62.699
TOI-178 e,TOI-178,1,6,2021,Transit,Transiting Exoplanet Survey Satellite (TESS),9.96318,,2.301,3.48,,4316,62.699
TOI-178 f,TOI-178,1,6,2021,Transit,Multiple Observatories,15.23335,,2.417,5.63,,4316,62.699
TOI-178 g,TOI-178,1,6,2021,Transit,Transiting Exoplanet Survey Satellite (TESS),20.71663,,2.939,4.4,,4316,62.699
TOI-1782.01,TOI-1782,1,2,2024,Transit,Transiting Exoplanet Survey Satellite (TESS),4.987641028,0.05024,2.368,,,4336,95.2649
TOI-1782.02,TOI-1782,1,2,2024,Transit,Transiting Exoplanet Survey Satellite (TESS),1.829024227,0.025739,1.839,,,4336,95.2649
TOI-1789 b,TOI-1789,1,1,2021,Transit,Transiting Exoplanet Survey Satellite (TESS),3.208664,0.04882,16.14093221,222.4798849,1927,5991,229.067
TOI-1794 b,TOI-1794,1,1,2024,Transit,Transiting Exoplanet Survey Satellite (TESS),8.765528,0.082,3.29701268,8.7,992.91,5631,155.791
TOI-1798.01,TOI-1798,1,2,2024,Transit,Transiting Exoplanet Survey Satellite (TESS),8.021522331,0.074984,2.448,,,5165,113.181
TOI-1798.02,TOI-1798,1,2,2024,Transit,Transiting Exoplanet Survey Satellite (TESS),0.437811822,0.010789,1.464,,,5165,113.181
TOI-1799 b,TOI-1799,1,1,2024,Transit,Transiting Exoplanet Survey Satellite (TESS),7.094570865,0.072502,1.642,,,5690,62.1274
TOI-1801 b,TOI-1801,2,1,2023,Transit,Transiting Exoplanet Survey Satellite (TESS),10.64387,,2.079,5.738,493.7,3863,30.6796
TOI-1803 b,TOI-1803,1,2,2025,Transit,Transiting Exoplanet Survey Satellite (TESS),6.293287,0.06,2.99,10.32,747,4687,119.24
TOI-1803 c,TOI-1803,1,2,2025,Transit,Transiting Exoplanet Survey Satellite (TESS),12.885779,0.097,4.29,8,588,4687,119.24
TOI-1806.01,TOI-1806,1,1,2024,Transit,Transiting Exoplanet Survey Satellite (TESS),15.1454693,0.087735044,3.4095367,,337.47,3272,55.5211
TOI-1807 b,TOI-1807,1,1,2021,Transit,Transiting Exoplanet Survey Satellite (TESS),0.54937097,0.0122,1.49681583,2.44,1694.1,4914,42.5775
TOI-181 b,TOI-181,1,1,2023,Transit,Transiting Exoplanet Survey Satellite (TESS),4.532,0.0539,6.9559,46.1687,895.1,4994,96.2338
TOI-1811 b,TOI-1811,1,1,2023,Transit,Transiting Exoplanet Survey Satellite (TESS),3.7130765,0.04389,11.14172682,308.9292116,962.2,4766,128.23
TOI-1814 b,TOI-1814,1,1,2026,Transit,Transiting Exoplanet Survey Satellite (TESS),6.368610105,,5.18536642,,,4872.84,362.522
TOI-1820 b,TOI-1820,1,1,2022,Transit,Transiting Exoplanet Survey Satellite (TESS),4.860674,0.061,12.778238,731.0053361,1375,5734,248.504
TOI-1823 b,TOI-1823,1,1,2024,Transit,Transiting Exoplanet Survey Satellite (TESS),38.8,0.212,7.5406241,67.4,423.63,4927,71.6456
TOI-1824 b,TOI-1824,1,1,2024,Transit,Transiting Exoplanet Survey Satellite (TESS),22.808533,0.151,2.7438269,16,528.67,5165,59.4314
TOI-1836 b,TOI-1836,1,2,2024,Transit,Transiting Exoplanet Survey Satellite (TESS),20.380799,0.1597,8.00321222,38.45723725,966,6380,191.649
TOI-1836 c,TOI-1836,1,2,2024,Transit,Transiting Exoplanet Survey Satellite (TESS),1.7727471,0.03089,2.59987579,8,2007.6,6237,191.649
TOI-1839 b,TOI-1839,1,2,2026,Transit,Transiting Exoplanet Survey Satellite (TESS),1.423784409,,2.21895097,,,5315.91,116.086
TOI-1839 c,TOI-1839,1,2,2026,Transit,Transiting Exoplanet Survey Satellite (TESS),4.023938542,,2.40867246,,,5315.91,116.086
TOI-1842 b,TOI-1842,1,1,2021,Transit,Transiting Exoplanet Survey Satellite (TESS),9.5739181,0.1,12.3485023,89.4,1199.55,6039,223.465
TOI-1846 b,TOI-1846,1,1,2025,Transit,Transiting Exoplanet Survey Satellite (TESS),3.9306737,0.03646,1.792,,568.1,3568,47.2496
TOI-1853 b,TOI-1853,1,1,2023,Transit,Transiting Exoplanet Survey Satellite (TESS),1.2436258,0.0213,3.46,73.2,1479,4985,165.105
TOI-1855 b,TOI-1855,1,1,2024,Transit,Transiting Exoplanet Survey Satellite (TESS),1.36414864,0.02398,18.49481816,360.0995851,1701,5359,176.833
TOI-1859 b,TOI-1859,1,1,2023,Transit,Transiting Exoplanet Survey Satellite (TESS),63.48347,0.337,9.75181321,,,6341,224.385
TOI-1860 b,TOI-1860,1,1,2022,Transit,Transiting Exoplanet Survey Satellite (TESS),1.0662107,0.0204,1.31,,1885,5752,45.864
TOI-1873 b,TOI-1873,1,1,2026,Transit,Transiting Exoplanet Survey Satellite (TESS),7.005727088,,2.86356397,,,5597.99,182.014
TOI-1883 b,TOI-1883,1,1,2024,Transit,Transiting Exoplanet Survey Satellite (TESS),4.508,0.0423,5.65,13.7,544,3554,115.369
TOI-1898 b,TOI-1898,1,1,2024,Transit,Transiting Exoplanet Survey Satellite (TESS),45.52234,0.269,9.39553231,129,674.54,6241,79.6682
TOI-1899 b,TOI-1899,1,1,2020,Transit,Transiting Exoplanet Survey Satellite (TESS),29.090312,0.1525,11.09689089,212.9450327,378,3926,128.438
TOI-1937 A b,TOI-1937 A,2,1,2023,Transit,Transiting Exoplanet Survey Satellite (TESS),0.94667944,0.01932,13.97759893,638.8350981,2097,5814,415.135
TOI-198 b,TOI-198,1,1,2023,Transit,Transiting Exoplanet Survey Satellite (TESS),10.215213,0.0675,1.36,3.17,456,3801,23.7262
TOI-199 b,TOI-199,1,2,2023,Transit,Transiting Exoplanet Survey Satellite (TESS),104.854,0.4254,9.07927437,54.03082919,,5255,102.27
TOI-199 c,TOI-199,1,2,2023,Transit Timing Variations,Multiple Observatories,273.69,0.807,,88.99195396,,5255,102.27
TOI-1994 b,TOI-1994,1,1,2024,Transit,Transiting Exoplanet Survey Satellite (TESS),4.0337142,0.0613,13.67495645,7024.007795,2290,7700,515.603
TOI-2000 b,TOI-2000,1,2,2023,Transit,Transiting Exoplanet Survey Satellite (TESS),3.09833,0.04271,2.7,11,1488,5611,175.713
TOI-2000 c,TOI-2000,1,2,2023,Transit,Transiting Exoplanet Survey Satellite (TESS),9.127055,0.0878,8.14,81.7,1038,5611,175.713
TOI-2005 b,TOI-2005,1,1,2025,Transit,Transiting Exoplanet Survey Satellite (TESS),17.305904,0.16,11.99360935,2034.101805,,7130,328.475
TOI-201 b,TOI-201,1,3,2021,Transit,Transiting Exoplanet Survey Satellite (TESS),52.9786,0.303,11.4,164,,6423,113.825
TOI-201 c,TOI-201,1,3,2025,Transit Timing Variations,Transiting Exoplanet Survey Satellite (TESS),2890,4.37,10.4,4990,,6423,113.825
TOI-201 d,TOI-201,1,3,2026,Transit,Transiting Exoplanet Survey Satellite (TESS),5.84889,0.0698,1.39,5.8,,6423,113.825
TOI-2010 b,TOI-2010,1,1,2023,Transit,Transiting Exoplanet Survey Satellite (TESS),141.834025,0.5516,11.81426566,408.7273314,400.2,5929,109.19
TOI-2015 b,TOI-2015,1,2,2023,Transit,Transiting Exoplanet Survey Satellite (TESS),3.348237,0.029322,3.309,9.2,530.9,3297,47.3444
TOI-2015 c,TOI-2015,1,2,2025,Transit Timing Variations,Multiple Observatories,5.582796,0.041232,,8.91,448,3297,47.3444
TOI-2018 b,TOI-2018,1,1,2023,Transit,Transiting Exoplanet Survey Satellite (TESS),7.435583,,2.268,9.2,,4174,27.9956
TOI-2019 b,TOI-2019,1,1,2024,Transit,Transiting Exoplanet Survey Satellite (TESS),15.3444,0.128,5.33275337,34.4,917.46,5626,198.007
TOI-2025 b,TOI-2025,1,1,2022,Transit,Transiting Exoplanet Survey Satellite (TESS),8.8720982,0.0892,11.89272852,1144.182265,1166,5977,335.985
TOI-2031 A b,TOI-2031 A,2,1,2025,Transit,Transiting Exoplanet Survey Satellite (TESS),5.71548654,0.066,14.20177855,254.2627256,1358,6490,276.105
TOI-2040 b,TOI-2040,1,1,2026,Transit,Transiting Exoplanet Survey Satellite (TESS),3.8608576,0.0473,10.32347122,248.2239859,1070,5132,144.717
TOI-2046 b,TOI-2046,1,1,2022,Transit,Transiting Exoplanet Survey Satellite (TESS),1.4971842,,16.14093221,731.0053361,,6250,289.668
TOI-2048 b,TOI-2048,1,1,2022,Transit,Transiting Exoplanet Survey Satellite (TESS),13.79019,,2.61,,,5185,116.567
TOI-2049 b,TOI-2049,1,1,2026,Transit,Transiting Exoplanet Survey Satellite (TESS),5.303468,0.06919,16.64533634,486.2774627,1869,6164,571.487
TOI-205 b,TOI-205,1,1,2026,Transit,Transiting Exoplanet Survey Satellite (TESS),4.253007738,,2.50121142,,,6302.74,177.759
TOI-206 b,TOI-206,1,1,2022,Transit,Transiting Exoplanet Survey Satellite (TESS),0.7363104,0.0112,1.3,,910,3383,47.7465
TOI-2068 b,TOI-2068,1,1,2024,Transit,Transiting Exoplanet Survey Satellite (TESS),7.768915,0.0632,1.821,,520.62,3710,52.9328
TOI-2071 b,TOI-2071,1,1,2026,Transit,Transiting Exoplanet Survey Satellite (TESS),5.67395387,,2.56484195,,,5755.41,231.311
TOI-2076 b,TOI-2076,1,4,2021,Transit,Transiting Exoplanet Survey Satellite (TESS),10.35504,0.08781,2.59,6.7,736,,41.9091
TOI-2076 c,TOI-2076,1,4,2021,Transit,Transiting Exoplanet Survey Satellite (TESS),21.01447,0.1407,3.54,7.2,581,,41.9091
TOI-2076 d,TOI-2076,1,4,2021,Transit,Transiting Exoplanet Survey Satellite (TESS),35.12803,0.1982,3.27,7.3,490,,41.9091
TOI-2076 e,TOI-2076,1,4,2025,Transit,Transiting Exoplanet Survey Satellite (TESS),3.0223753,0.03863,1.301,4.7,1110,,41.9091
TOI-2081 b,TOI-2081,1,1,2022,Transit,Transiting Exoplanet Survey Satellite (TESS),10.50534,0.0752,2.04,,488,3800,62.3446
TOI-2084 b,TOI-2084,2,1,2023,Transit,Transiting Exoplanet Survey Satellite (TESS),6.0784247,0.05006,2.47,,527,3551,114.549
TOI-2088 b,TOI-2088,1,1,2024,Transit,Transiting Exoplanet Survey Satellite (TESS),124.72997,0.472,3.6831179,37,300.33,5081,126.46
TOI-209 b,TOI-209,1,1,2026,Transit,Transiting Exoplanet Survey Satellite (TESS),4.379435874,,2.3947209,,,4806.66,113.387
TOI-2092 b,TOI-2092,1,1,2026,Transit,Transiting Exoplanet Survey Satellite (TESS),4.303255281,,2.94892961,,,5842.06,176.759
TOI-2093 b,TOI-2093,1,2,2025,Radial Velocity,Calar Alto Observatory,12.836,0.097,,10.6,535,4426,82.7982
TOI-2093 c,TOI-2093,1,2,2025,Transit,Transiting Exoplanet Survey Satellite (TESS),53.81149,0.257,2.3,15.8,329,4426,82.7982
TOI-2094 b,TOI-2094,1,1,2026,Transit,Transiting Exoplanet Survey Satellite (TESS),18.793193,0.136,1.9,,276,3435,50.0248
TOI-2095 b,TOI-2095,1,2,2023,Transit,Transiting Exoplanet Survey Satellite (TESS),17.66484,0.101,1.25,4.1,347,3759,41.9176
TOI-2095 c,TOI-2095,1,2,2023,Transit,Transiting Exoplanet Survey Satellite (TESS),28.17232,0.137,1.33,7.4,297,3759,41.9176
TOI-2096 b,TOI-2096,1,2,2023,Transit,Transiting Exoplanet Survey Satellite (TESS),3.1190633,0.025,1.243,,445,3300,48.4809
TOI-2096 c,TOI-2096,1,2,2023,Transit,Transiting Exoplanet Survey Satellite (TESS),6.38784,0.04,1.914,,349,3300,48.4809
TOI-2104 b,TOI-2104,1,1,2026,Transit,Transiting Exoplanet Survey Satellite (TESS),5.904370457,,1.52898127,,,4856.13,76.7418
TOI-2107 b,TOI-2107,1,1,2024,Transit,Transiting Exoplanet Survey Satellite (TESS),2.4545467,0.03515,13.57407563,263.7975778,1397,5627,236.705
TOI-2109 b,TOI-2109,1,1,2021,Transit,Transiting Exoplanet Survey Satellite (TESS),0.67247414,0.01791,15.098497,1595.498603,3646,6540,262.041
TOI-2114 b,TOI-2114,1,1,2026,Transit,Transiting Exoplanet Survey Satellite (TESS),6.209959,0.076,14.54925695,324.1849751,1472,6400,317.845
TOI-2120 b,TOI-2120,1,1,2024,Transit,Transiting Exoplanet Survey Satellite (TESS),5.7998164,0.0377,2.122,6.8,384,3131,32.1755
TOI-2128 b,TOI-2128,1,1,2024,Transit,Transiting Exoplanet Survey Satellite (TESS),16.34136,0.127,2.08874836,4.5,780.53,5968,36.578
TOI-2133 b,TOI-2133,1,1,2026,Transit,Transiting Exoplanet Survey Satellite (TESS),3.8266472,0.041,2.37,,798,4250,75.1973
TOI-2134 b,TOI-2134,1,2,2023,Transit,Transiting Exoplanet Survey Satellite (TESS),9.229198,0.07803,2.735,9.37,660,4580,22.6202
TOI-2134 c,TOI-2134,1,2,2023,Transit,Transiting Exoplanet Survey Satellite (TESS),95.85284,0.3715,7.35,58.3,302,4580,22.6202
TOI-2136 b,TOI-2136,1,1,2022,Transit,Transiting Exoplanet Survey Satellite (TESS),7.851928,0.057,2.19,6.37,395,3342,33.3631
TOI-2141 b,TOI-2141,1,3,2023,Transit,Transiting Exoplanet Survey Satellite (TESS),18.261608,0.1322,3.147,20.1,728,5635,77.682
TOI-2141 c,TOI-2141,1,3,2025,Radial Velocity,Roque de los Muchachos Observatory,5.4624,0.0585,,6.14,1095,5635,77.682
TOI-2141 d,TOI-2141,1,3,2025,Radial Velocity,Roque de los Muchachos Observatory,60.45,0.2906,,14.9,491.4,5635,77.682
TOI-2145 b,TOI-2145,1,1,2023,Transit,Transiting Exoplanet Survey Satellite (TESS),10.261128,0.1117,12.24020692,1805.265352,,6206,224.731
TOI-2147 b,TOI-2147,1,1,2026,Transit,Transiting Exoplanet Survey Satellite (TESS),26.20518,0.172,10.5,116,820,5983,282.108
TOI-2152 A b,TOI-2152,3,1,2023,Transit,Transiting Exoplanet Survey Satellite (TESS),3.3773512,0.05064,14.35870428,899.4543918,1802,6630,303.006
TOI-2154 b,TOI-2154,1,1,2023,Transit,Transiting Exoplanet Survey Satellite (TESS),3.8240801,0.0513,16.28664896,292.4021344,1580,6280,296.46
TOI-2158 b,TOI-2158,1,1,2022,Transit,Transiting Exoplanet Survey Satellite (TESS),8.60077,0.075,10.76062147,260.6192937,1188,5673,198.473
TOI-216.01,TOI-216,1,2,2019,Transit,Transiting Exoplanet Survey Satellite (TESS),34.525528,,10.1,177.9839079,,,177.945
TOI-216.02,TOI-216,1,2,2019,Transit,Transiting Exoplanet Survey Satellite (TESS),17.16073,,8,18.75187601,,,177.945
TOI-2169 A b,TOI-2169 A,2,1,2025,Transit,Transiting Exoplanet Survey Satellite (TESS),8.2148282,0.0896,12.50922246,329.5880581,1364,6270,351.487
TOI-2180 b,TOI-2180,1,1,2022,Transit,Transiting Exoplanet Survey Satellite (TESS),260.79,0.828,11.32107051,875.6172613,348,5695,116.685
TOI-2184 b,TOI-2184,1,1,2022,Transit,Transiting Exoplanet Survey Satellite (TESS),6.90683,,11.39953337,206.5884646,,5966,788.317
TOI-2193 A b,TOI-2193 A,2,1,2022,Transit,Transiting Exoplanet Survey Satellite (TESS),2.1225735,0.03319,19.83989584,298.7587026,1763,5966,337.064
TOI-2194 b,TOI-2194,1,1,2023,Transit,Transiting Exoplanet Survey Satellite (TESS),15.337597,,1.9892,,590.88,4756,19.5711
TOI-2196 b,TOI-2196,1,1,2022,Transit,Transiting Exoplanet Survey Satellite (TESS),1.1947268,0.02234,3.51,26,1860,5634,259.947
TOI-220 b,TOI-220,1,1,2021,Transit,Transiting Exoplanet Survey Satellite (TESS),10.695264,0.08911,3.03,13.8,805,5298,90.7402
TOI-2200 b,TOI-2200,1,1,2026,Transit,Transiting Exoplanet Survey Satellite (TESS),2.936028365,,6.96310517,,,5036.17,251.245
TOI-2202 b,TOI-2202,1,2,2021,Transit,Transiting Exoplanet Survey Satellite (TESS),11.9126075,,10.95117414,287.3168799,,5169,235.933
TOI-2202 c,TOI-2202,1,2,2021,Transit Timing Variations,Multiple Observatories,24.6744,0.15544,,117.2786822,,5144,235.933
TOI-2207 b,TOI-2207,1,1,2022,Transit,Transiting Exoplanet Survey Satellite (TESS),8.001968,0.0854,11.1529358,203.4101805,1259,6101,373.345
TOI-2211.01,TOI-2211,1,1,2024,Transit,Transiting Exoplanet Survey Satellite (TESS),3.092686757,0.04011,1.561,,,5253,70.2932
TOI-2227 b,TOI-2227,1,1,2026,Transit,Transiting Exoplanet Survey Satellite (TESS),4.221758156,,3.09885187,,,5889.54,165.441
TOI-2236 b,TOI-2236,1,1,2022,Transit,Transiting Exoplanet Survey Satellite (TESS),3.5315902,0.05009,14.36991326,502.1688831,1688,6248,355.59
TOI-2257 b,TOI-2257,1,1,2021,Transit,Transiting Exoplanet Survey Satellite (TESS),35.189346,0.145,2.194,,256,3430,57.7911
TOI-2260 b,TOI-2260,1,1,2022,Transit,Transiting Exoplanet Survey Satellite (TESS),0.3524728,0.0097,1.62,,2609,5534,101.251
TOI-2266 b,TOI-2266,1,1,2024,Transit,Transiting Exoplanet Survey Satellite (TESS),2.326318,0.02,1.54,,550,3200,51.6004
TOI-2267 b,TOI-2267 A,2,3,2025,Transit,Transiting Exoplanet Survey Satellite (TESS),2.28909,0.0205,1,,424,3030,
TOI-2267 c,TOI-2267 A,2,3,2025,Transit,Transiting Exoplanet Survey Satellite (TESS),3.4950412,0.0263,1.14,,374,3030,
TOI-2267 d,TOI-2267 B,2,3,2025,Transit,Transiting Exoplanet Survey Satellite (TESS),2.0344671,0.0145,1.77,,422,,
TOI-2274 b,TOI-2274,1,1,2024,Transit,Transiting Exoplanet Survey Satellite (TESS),2.67963,0.05,2.45,,771.46,3943,48.876
TOI-2285 b,TOI-2285,1,1,2021,Transit,Transiting Exoplanet Survey Satellite (TESS),13.635109,,1.77,,358,3491,42.409
TOI-2295 b,TOI-2295,1,2,2024,Transit,Transiting Exoplanet Survey Satellite (TESS),30.033302,0.1992,16.47720163,278.0998561,747,5730,126.279
TOI-2295 c,TOI-2295,1,2,2024,Radial Velocity,Haute-Provence Observatory,966.5,2.018,,1783.017363,234.9,5730,126.279
TOI-2322 b,TOI-2322,1,2,2025,Transit,Transiting Exoplanet Survey Satellite (TESS),11.30717,0.0924,0.994,2.31,603.1,4664,59.861
TOI-2322 c,TOI-2322,1,2,2025,Transit,Transiting Exoplanet Survey Satellite (TESS),20.225528,0.1362,1.874,18.1,496.8,4664,59.861
TOI-2328 b,TOI-2328,1,1,2025,Transit,Transiting Exoplanet Survey Satellite (TESS),17.10197,0.127,9.97599282,50.85254512,842,5525,231.782
TOI-2337 b,TOI-2337,1,1,2022,Transit,Transiting Exoplanet Survey Satellite (TESS),2.99432,,10.08808263,508.5254512,,4780,536.046
TOI-2338 b,TOI-2338,1,1,2023,Transit,Transiting Exoplanet Survey Satellite (TESS),22.65398,0.158,11.2089807,1900.613874,799,5581,313.996
TOI-2345 b,TOI-2345,1,2,2025,Transit,Transiting Exoplanet Survey Satellite (TESS),1.0528573,0.01705,1.504,3.49,1478,4687,81.6541
TOI-2345 c,TOI-2345,1,2,2025,Transit,Transiting Exoplanet Survey Satellite (TESS),21.064302,0.1257,2.451,7.27,544,4687,81.6541
TOI-2346 b,TOI-2346,1,1,2025,Transit,Transiting Exoplanet Survey Satellite (TESS),3.3312029,0.0473,16.11851425,394.1072247,1689,6480,437.484
TOI-2364 b,TOI-2364,1,1,2023,Transit,Transiting Exoplanet Survey Satellite (TESS),4.0197517,0.04871,8.60849718,71.51139158,1091,5306,219.614
TOI-2368 b,TOI-2368,1,1,2024,Transit,Transiting Exoplanet Survey Satellite (TESS),5.1750073,0.05649,10.83908434,206.5884646,1000,5360,210.915
TOI-237 b,TOI-237,1,2,2020,Transit,Transiting Exoplanet Survey Satellite (TESS),5.436098,0.0341,1.44,,388,3212,38.0749
TOI-237 c,TOI-237,1,2,2026,Transit,La Silla Observatory,1.74486147,0.016,1.206,,515,3226,38.0749
TOI-2373 b,TOI-2373,1,1,2023,Transit,Transiting Exoplanet Survey Satellite (TESS),13.33668,0.112,10.42435205,2955.804185,860,5651,508.686
TOI-2374 b,TOI-2374,2,1,2024,Transit,Transiting Exoplanet Survey Satellite (TESS),4.3136193,0.04818,7.48759911,61.65871096,926,5002,134.655
TOI-2379 b,TOI-2379,1,1,2024,Transit,Transiting Exoplanet Survey Satellite (TESS),5.4693827,0.05263,11.72459381,1830.691624,624,3707,211.247
TOI-238 b,TOI-238,1,2,2024,Transit,Transiting Exoplanet Survey Satellite (TESS),1.273099,0.0212,1.559,3.37,1378,5059,80.5407
TOI-238 c,TOI-238,1,2,2024,Radial Velocity,Multiple Observatories,8.465651,0.0749,2.18,6.7,696,5059,80.5407
TOI-2382 b,TOI-2382,1,1,2025,Transit,Transiting Exoplanet Survey Satellite (TESS),4.6612061,0.059,12.25141591,235.1930212,1426,6033,434.92
TOI-2384 b,TOI-2384,2,1,2024,Transit,Transiting Exoplanet Survey Satellite (TESS),2.13570304,0.02793,11.48920522,624.8506482,889.7,3943,191.51
TOI-2406 b,TOI-2406,1,1,2021,Transit,Transiting Exoplanet Survey Satellite (TESS),3.0766891,0.02267,2.86,15.6,449,3100,55.419
TOI-2407 b,TOI-2407,1,1,2025,Transit,Transiting Exoplanet Survey Satellite (TESS),2.702969,0.033,4.26,,705,3530,92.4366
TOI-2411 b,TOI-2411,1,1,2022,Transit,Transiting Exoplanet Survey Satellite (TESS),0.7826942,0.0144,1.68,,1355,4099,59.5362
TOI-2416 b,TOI-2416,1,1,2023,Transit,Transiting Exoplanet Survey Satellite (TESS),8.275479,0.0831,9.86390302,953.485221,1080,5808,557.733
TOI-2420 b,TOI-2420,1,1,2024,Transit,Transiting Exoplanet Survey Satellite (TESS),5.842641,0.0684,15.02003414,294.6269333,1571.6,,435.174
TOI-2421 b,TOI-2421,1,1,2022,Transit,Transiting Exoplanet Survey Satellite (TESS),4.3474032,0.0543,10.36830715,105.8368595,1534,5607,327.927
TOI-2427 b,TOI-2427,1,1,2022,Transit,Transiting Exoplanet Survey Satellite (TESS),1.3060011,0.0202,1.8,,1117,4072,28.5147
TOI-2431 b,TOI-2431,1,1,2026,Transit,Transiting Exoplanet Survey Satellite (TESS),0.22419578,0.0063,1.534,6.2,2063,4109,36.0559
TOI-244 b,TOI-244,1,1,2023,Transit,Transiting Exoplanet Survey Satellite (TESS),7.397225,0.0559,1.52,2.68,458,3433,22.0337
TOI-2443 b,TOI-2443,1,1,2023,Transit,Transiting Exoplanet Survey Satellite (TESS),15.66858,0.105,2.363,4.8,519,4375,23.9258
TOI-2445 b,TOI-2445,1,1,2022,Transit,Transiting Exoplanet Survey Satellite (TESS),0.3711281,0.0064,1.25,,1060,3333,48.582
TOI-2447 b,TOI-2447,1,1,2024,Transit,Transiting Exoplanet Survey Satellite (TESS),69.33684,0.347,9.60609646,124.906564,414,5730,148.987
TOI-2449 b,TOI-2449,1,1,2025,Transit,Transiting Exoplanet Survey Satellite (TESS),106.14468,0.45,11.24,222,400,6021,156.786
TOI-2453 b,TOI-2453,1,1,2026,Transit,Transiting Exoplanet Survey Satellite (TESS),4.441434632,,3.24380341,,,3720.23,81.9043
TOI-2458 b,TOI-2458,1,2,2024,Transit,Transiting Exoplanet Survey Satellite (TESS),3.73659,0.0482,2.83,13.31,1509.4,6005,112.958
TOI-2458 c,TOI-2458,1,2,2024,Radial Velocity,La Silla Observatory,16.553,0.129,,10.22,,6005,112.958
TOI-2459 b,TOI-2459,1,1,2023,Transit,Transiting Exoplanet Survey Satellite (TESS),19.104718,,2.9531,,445.01,4195,36.6113
TOI-2485 b,TOI-2485,1,1,2024,Transit,Transiting Exoplanet Survey Satellite (TESS),11.23479,0.1093,12.1393261,766.6021177,1134,,397.953
TOI-2497 b,TOI-2497,1,1,2023,Transit,Transiting Exoplanet Survey Satellite (TESS),10.655669,0.1166,11.14172682,1531.932922,1595,7360,285.289
TOI-2498 b,TOI-2498,1,1,2023,Transit,Transiting Exoplanet Survey Satellite (TESS),3.738252,0.0491,6.06,34.62,1443,5905,275.265
TOI-251 b,TOI-251,1,1,2021,Transit,Transiting Exoplanet Survey Satellite (TESS),4.93777,0.05741,2.74,317.83,,5875,99.523
TOI-2518 b,TOI-2518,1,1,2026,Transit,Transiting Exoplanet Survey Satellite (TESS),6.897974252,,2.26838675,,,5751.2,160.825
TOI-2524 b,TOI-2524,1,1,2023,Transit,Transiting Exoplanet Survey Satellite (TESS),7.18585,0.073,11.2089807,203.4101805,1100,5831,438.842
TOI-2525 b,TOI-2525,1,2,2023,Transit,Transiting Exoplanet Survey Satellite (TESS),23.2856,0.1511,8.67575106,26.69758619,,5096,395.398
TOI-2525 c,TOI-2525,1,2,2023,Transit,Transiting Exoplanet Survey Satellite (TESS),49.2519,0.249,10.13291855,208.8132634,,5096,395.398
TOI-2529 b,TOI-2529,1,1,2024,Transit,Transiting Exoplanet Survey Satellite (TESS),64.5949,0.327,11.54525012,743.7184724,636,5802,296.271
TOI-2537 b,TOI-2537,1,2,2024,Transit,Transiting Exoplanet Survey Satellite (TESS),94.1022,0.3715,11.25381662,415.401728,338,4870,184.986
TOI-2537 c,TOI-2537,1,2,2024,Radial Velocity,Multiple Observatories,1920,2.78,,2297.899383,123.1,4870,184.986
TOI-2545 b,TOI-2545,1,1,2022,Transit,Transiting Exoplanet Survey Satellite (TESS),7.994037,,2.75,,,5846.29,107.118
TOI-2567 b,TOI-2567,1,1,2022,Transit,Transiting Exoplanet Survey Satellite (TESS),5.983944,0.0672,10.92875618,63.88350981,1352,5611,504.775
TOI-257 b,TOI-257,1,1,2021,Transit,Transiting Exoplanet Survey Satellite (TESS),18.38818,0.1528,7.16253867,43.86032017,1027,6095,76.9028
TOI-2570 b,TOI-2570,1,1,2022,Transit,Transiting Exoplanet Survey Satellite (TESS),2.9887615,0.04145,13.64132951,260.6192937,1431,5771,361.857
TOI-2578 b,TOI-2578,1,1,2026,Transit,Transiting Exoplanet Survey Satellite (TESS),3.4579667,0.0495,19.66055215,167.1777421,1778,6333,285.53
TOI-2580 b,TOI-2580,1,1,2024,Transit,Transiting Exoplanet Survey Satellite (TESS),3.39775,0.048,17.37392009,200.2318964,2410,6120,379.253
TOI-2583 A b,TOI-2583 A,2,1,2023,Transit,Transiting Exoplanet Survey Satellite (TESS),4.5207265,0.0571,14.4595851,79.45710175,1456,5936,566.189
TOI-2587 A b,TOI-2587 A,2,1,2023,Transit,Transiting Exoplanet Survey Satellite (TESS),5.45664,0.0635,12.07207221,69.28659273,1445,5760,373.675
TOI-2589 b,TOI-2589,1,1,2023,Transit,Transiting Exoplanet Survey Satellite (TESS),61.6277,0.3,12.10569916,1112.399425,592,5579,200.273
TOI-260 b,TOI-260,1,1,2024,Transit,Transiting Exoplanet Survey Satellite (TESS),13.475853,0.0943,1.71,4.23,493,4026,20.1852
TOI-261.01,TOI-261,1,2,2021,Transit,Transiting Exoplanet Survey Satellite (TESS),3.3639254,0.034792189,3.0449863,,1722.49,5890.3,114.495
TOI-261.02,TOI-261,1,2,2021,Transit,Transiting Exoplanet Survey Satellite (TESS),13.03935862,,3.34822227,,1007.53,5890.3,114.495
TOI-262 b,TOI-262,1,1,2023,Transit,Transiting Exoplanet Survey Satellite (TESS),11.14529,0.163,2.07,,584,5310,43.932
TOI-2641 b,TOI-2641,1,1,2023,Transit,Transiting Exoplanet Survey Satellite (TESS),4.880974,0.0607,18.10250383,122.6817651,1387,6100,344.045
TOI-2654 b,TOI-2654,1,1,2026,Transit,Transiting Exoplanet Survey Satellite (TESS),2.967604259,,7.94454164,,,4594.08,248.964
TOI-2669 b,TOI-2669,1,1,2022,Transit,Transiting Exoplanet Survey Satellite (TESS),6.2034,,19.72780603,193.8753283,,4800,393.443
TOI-269 b,TOI-269,1,1,2021,Transit,Transiting Exoplanet Survey Satellite (TESS),3.6977104,0.0345,2.77,8.8,531,3514,57.0225
TOI-270 b,TOI-270,1,3,2019,Transit,Transiting Exoplanet Survey Satellite (TESS),3.35992,,1.28,1.48,600,3506,22.4793
TOI-270 c,TOI-270,1,3,2019,Transit,Transiting Exoplanet Survey Satellite (TESS),5.66051,,2.33,6.2,489,3506,22.4793
TOI-270 d,TOI-270,1,3,2019,Transit,Transiting Exoplanet Survey Satellite (TESS),11.38194,,2,4.2,383,3506,22.4793
TOI-2714 b,TOI-2714,1,1,2024,Transit,Transiting Exoplanet Survey Satellite (TESS),2.499387,0.036,13.72,228,1603,5665,597.873
TOI-2719 b,TOI-2719,1,1,2025,Transit,Transiting Exoplanet Survey Satellite (TESS),3.37594,,5.98,,1710,5762,588.368
TOI-2768 b,TOI-2768,1,1,2024,Transit,Transiting Exoplanet Survey Satellite (TESS),1.50801,0.027,2.63,,855,4008,78.4525
TOI-277 b,TOI-277,1,1,2022,Transit,Transiting Exoplanet Survey Satellite (TESS),3.994,0.0269,2.65,,,4031,64.6692
TOI-2796 b,TOI-2796,1,1,2023,Transit,Transiting Exoplanet Survey Satellite (TESS),4.8084983,0.0569,17.26183028,139.8444991,1205,5764,350.343
TOI-2803 A b,TOI-2803 A,2,1,2023,Transit,Transiting Exoplanet Survey Satellite (TESS),1.96229325,0.03185,18.11371281,309.8826968,1893,6280,494.818
TOI-2818 b,TOI-2818,1,1,2023,Transit,Transiting Exoplanet Survey Satellite (TESS),4.039709,0.0493,15.27784069,225.658169,1376,5721,312.674
TOI-283 b,TOI-283,1,1,2025,Transit,Transiting Exoplanet Survey Satellite (TESS),17.61745,0.123,2.34,6.54,661,5213,82.7013
TOI-2842 b,TOI-2842,1,1,2023,Transit,Transiting Exoplanet Survey Satellite (TESS),3.5514058,0.0475,12.84549188,117.5965106,1471,5910,460.995
TOI-286 b,TOI-286,1,2,2024,Transit,Transiting Exoplanet Survey Satellite (TESS),4.5117244,0.0503,1.42,4.53,979,5152,59.2293
TOI-286 c,TOI-286,1,2,2024,Transit,Transiting Exoplanet Survey Satellite (TESS),39.361826,0.213,1.88,3.72,475,5152,59.2293
TOI-2876 b,TOI-2876,1,1,2025,Transit,Transiting Exoplanet Survey Satellite (TESS),6.2996431,0.0654,9.6397234,54.03082919,929,5271,225.744
TOI-2886 b,TOI-2886,1,1,2025,Transit,Transiting Exoplanet Survey Satellite (TESS),1.60200105,0.02871,18.6405349,444.9597698,1978,6240,413.673
TOI-2969 b,TOI-2969,1,1,2025,Transit,Transiting Exoplanet Survey Satellite (TESS),1.8237146,0.0261,12.32987877,368.6809521,1186,4738,163.996
TOI-2977 b,TOI-2977,1,1,2023,Transit,Transiting Exoplanet Survey Satellite (TESS),2.3505614,0.03386,13.15934334,533.9517238,1544,5691,
TOI-2981 b,TOI-2981,1,1,2024,Transit,Transiting Exoplanet Survey Satellite (TESS),3.601501,0.048,13.4,638,1358,5940,527.789
TOI-2986 b,TOI-2986,1,1,2025,Transit,Transiting Exoplanet Survey Satellite (TESS),3.2783662,0.04489,9.292245,96.61983573,1622,5906,563.149
TOI-2989 b,TOI-2989,1,1,2025,Transit,Transiting Exoplanet Survey Satellite (TESS),3.122832,0.0384,12.55405838,953.485221,1001,4672,195.795
TOI-2992 b,TOI-2992,1,1,2025,Transit,Transiting Exoplanet Survey Satellite (TESS),3.007812,0.0434,13.75341932,1058.368595,1726,6000,542.026
TOI-3023 b,TOI-3023,1,1,2023,Transit,Transiting Exoplanet Survey Satellite (TESS),3.9014971,0.0505,16.43236571,197.0536123,1596,5760,389.916
TOI-3053 b,TOI-3053,1,1,2026,Transit,Transiting Exoplanet Survey Satellite (TESS),2.9919987,0.039,13.56286665,270.154146,1290,5378,337.627
TOI-3071 b,TOI-3071,1,1,2024,Transit,Transiting Exoplanet Survey Satellite (TESS),1.266938,0.0249,7.16,68.2,2155,6177,485.219
TOI-3082 b,TOI-3082,1,1,2023,Transit,Transiting Exoplanet Survey Satellite (TESS),1.926907,,3.6621,,1032.78,4263,113.048
TOI-3135 b,TOI-3135,1,1,2025,Transit,Transiting Exoplanet Survey Satellite (TESS),3.7065585,0.04756,13.65253849,327.3632592,1292,5890,221.673
TOI-3160 A b,TOI-3160 A,2,1,2025,Transit,Transiting Exoplanet Survey Satellite (TESS),3.971281,0.0505,13.7646283,378.2158043,1539,6190,567.678
TOI-3235 b,TOI-3235,1,1,2023,Transit,Transiting Exoplanet Survey Satellite (TESS),2.59261842,0.02709,11.39953337,211.3558907,604,3388.8,72.811
TOI-3261 b,TOI-3261,1,1,2024,Transit,Transiting Exoplanet Survey Satellite (TESS),0.8831331,0.01714,3.82,30.3,1722,5068,300.141
TOI-3278 b,TOI-3278,1,1,2026,Transit,Transiting Exoplanet Survey Satellite (TESS),3.246456,0.043,13.89913607,95.3485221,1561,5720,904.752
TOI-3288 b,TOI-3288,2,1,2025,Transit,Transiting Exoplanet Survey Satellite (TESS),1.4338647,0.02285,12.24020692,536.1765226,973,4072,200.5
TOI-329 b,TOI-329,1,1,2024,Transit,Transiting Exoplanet Survey Satellite (TESS),5.70439,0.0638,4.94057819,40.4,1213.02,5614,284.388
TOI-332 b,TOI-332,1,1,2023,Transit,Transiting Exoplanet Survey Satellite (TESS),0.777038,0.0159,3.2,57.2,1871,5251,222.852
TOI-3321 b,TOI-3321,1,1,2024,Transit,Transiting Exoplanet Survey Satellite (TESS),3.6525145,0.047,15.55806521,176.0769375,1616,5850,285.895
TOI-333 b,TOI-333,1,1,2025,Transit,Transiting Exoplanet Survey Satellite (TESS),3.7852503,0.049,4.26,20.1,1445,6241,352.269
TOI-3331 A b,TOI-3331 A,2,1,2022,Transit,Transiting Exoplanet Survey Satellite (TESS),2.0180231,0.03144,12.97999965,721.4704839,1488,5609,217.193
TOI-3353.01,TOI-3353,1,1,2024,Transit,Transiting Exoplanet Survey Satellite (TESS),4.6657965,0.060118218,2.6667555,,1264.36,6365,78.7577
TOI-3362 b,TOI-3362,1,1,2021,Transit,Transiting Exoplanet Survey Satellite (TESS),18.09547,0.153,12.80065596,1598.359059,,6532,366.987
TOI-3364 b,TOI-3364,1,1,2023,Transit,Transiting Exoplanet Survey Satellite (TESS),5.8768918,0.0675,12.22899794,530.7734397,1264,5706,277.899
TOI-3457 b,TOI-3457,1,1,2026,Transit,Transiting Exoplanet Survey Satellite (TESS),32.600268,0.2001,10.64,797.7493016,824.2,6300,370.666
TOI-3464 b,TOI-3464,1,1,2025,Transit,Transiting Exoplanet Survey Satellite (TESS),3.6515568,0.0515,13.7646283,397.2855088,1693,6370,597.774
TOI-3474 b,TOI-3474,1,1,2025,Transit,Transiting Exoplanet Survey Satellite (TESS),3.8795105,0.0502,14.67255574,193.8753283,1451,6020,420.123
TOI-3486 b,TOI-3486,1,1,2025,Transit,Transiting Exoplanet Survey Satellite (TESS),2.21778105,0.03138,10.5700688,99.16246298,1190,4930,154.715
TOI-3493 b,TOI-3493,1,1,2025,Transit,Transiting Exoplanet Survey Satellite (TESS),8.1594667,,3.22,8.97,1102,5844,96.7224
TOI-3523 A b,TOI-3523 A,3,1,2025,Transit,Transiting Exoplanet Survey Satellite (TESS),2.30458952,0.03559,15.9727975,435.4249176,1984,6450,645.294
TOI-3540 A b,TOI-3540 A,2,1,2022,Transit,Transiting Exoplanet Survey Satellite (TESS),3.119999,0.04289,23.53885947,375.0375203,1498,5810,
TOI-3568 b,TOI-3568,1,1,2024,Transit,Transiting Exoplanet Survey Satellite (TESS),4.417965,0.0485,5.3,26.4,899,4969,197.906
TOI-3593 b,TOI-3593,1,1,2025,Transit,Transiting Exoplanet Survey Satellite (TESS),3.8212867,0.0481,11.02963701,565.7345645,1170,5550,226.63
TOI-3629 b,TOI-3629,1,1,2022,Transit,Transiting Exoplanet Survey Satellite (TESS),3.936551,0.043,8.29464572,82.63538582,690,3870,130.091
TOI-3664 b,TOI-3664,1,1,2026,Transit,Transiting Exoplanet Survey Satellite (TESS),3.2974839,0.0431,13.69737442,114.4182265,1232,5593,464.748
TOI-3682 b,TOI-3682,1,1,2025,Transit,Transiting Exoplanet Survey Satellite (TESS),3.3462406,0.048,12.80065596,69.28659273,1657,5703,404.211
TOI-3688 A b,TOI-3688 A,2,1,2023,Transit,Transiting Exoplanet Survey Satellite (TESS),3.246075,0.0456,13.08088048,311.4718389,1534,5950,396.378
TOI-3693 b,TOI-3693,1,1,2022,Transit,Transiting Exoplanet Survey Satellite (TESS),9.088516,0.0813,12.59889431,324.1849751,801,5321,176.436
TOI-3714 b,TOI-3714,2,1,2022,Transit,Transiting Exoplanet Survey Satellite (TESS),2.154849,0.027,11.32107051,222.4798849,750,3660,112.71
TOI-375 b,TOI-375,1,3,2026,Transit,Transiting Exoplanet Survey Satellite (TESS),9.45469,0.099,10.77183045,236.7821632,1373,5259.9,396.213
TOI-375 c,TOI-375,1,3,2026,Radial Velocity,Multiple Observatories,115.5,0.524,,669.3466251,596,5259.9,396.213
TOI-375 d,TOI-375,1,3,2026,Radial Velocity,Multiple Observatories,297.9,0.984,,445.5954266,434,5259.9,396.213
TOI-3757 b,TOI-3757,1,1,2022,Transit,Transiting Exoplanet Survey Satellite (TESS),3.438753,0.03845,12,85.3,759,3913,181.139
TOI-3785 b,TOI-3785,1,1,2023,Transit,Transiting Exoplanet Survey Satellite (TESS),4.6747373,0.043,5.14,14.95,582,3576,79.7634
TOI-3807 b,TOI-3807,1,1,2023,Transit,Transiting Exoplanet Survey Satellite (TESS),2.8989727,0.0421,18.49481816,330.5415433,1646,5772,421.745
TOI-3819 b,TOI-3819,1,1,2023,Transit,Transiting Exoplanet Survey Satellite (TESS),3.2443141,0.04611,13.13692538,352.7895318,1633,5859,558.141
TOI-3837 b,TOI-3837,1,1,2025,Transit,Transiting Exoplanet Survey Satellite (TESS),11.88865,0.099,10.87271128,187.5187601,1178,5905,311.705
TOI-3856 b,TOI-3856,1,1,2025,Transit,Transiting Exoplanet Survey Satellite (TESS),2.04360352,0.0325,13.59649359,171.6273398,1544,5622,314.443
TOI-3862 b,TOI-3862,1,1,2026,Transit,Transiting Exoplanet Survey Satellite (TESS),1.55745774,0.02539,5.53,53.7,1539,5300,249.02
TOI-3877 b,TOI-3877,1,1,2025,Transit,Transiting Exoplanet Survey Satellite (TESS),4.123596,0.0529,11.67975789,99.7981198,1445,5731,493.77
TOI-3884 b,TOI-3884,1,1,2022,Transit,Transiting Exoplanet Survey Satellite (TESS),4.5445828,0.0361,6.43,32.59,441,3180,43.1448
TOI-3894 b,TOI-3894,1,1,2024,Transit,Transiting Exoplanet Survey Satellite (TESS),4.33454,0.05354,15.27784069,260.6192937,1531,6000,417.365
TOI-3896 b,TOI-3896,1,1,2026,Transit,Transiting Exoplanet Survey Satellite (TESS),4.377303697,,3.14949237,,,5110.91,181.653
TOI-3912 b,TOI-3912,1,1,2023,Transit,Transiting Exoplanet Survey Satellite (TESS),3.4936264,0.0463,14.28024141,129.0383332,1512,5725,465.992
TOI-3919 b,TOI-3919,1,1,2024,Transit,Transiting Exoplanet Survey Satellite (TESS),7.433234,0.0795,12.31866979,1233.174219,1198,6100,604.591
TOI-3976 A b,TOI-3976 A,2,1,2023,Transit,Transiting Exoplanet Survey Satellite (TESS),6.607662,0.0743,12.27383387,55.61997123,1295,5975,516.087
TOI-3980 b,TOI-3980,1,1,2025,Transit,Transiting Exoplanet Survey Satellite (TESS),3.6089254,0.0494,14.4595851,187.5187601,1621,5840,486.721
TOI-3984 A b,TOI-3984 A,2,1,2023,Transit,Transiting Exoplanet Survey Satellite (TESS),4.353326,0.041,7.9,44,563,3476,108.883
TOI-4010 b,TOI-4010,1,4,2023,Transit,Transiting Exoplanet Survey Satellite (TESS),1.348335,0.0229,3.02,11,1441,4960,177.504
TOI-4010 c,TOI-4010,1,4,2023,Transit,Transiting Exoplanet Survey Satellite (TESS),5.414654,0.058,5.93,20.31,907,4960,177.504
TOI-4010 d,TOI-4010,1,4,2023,Transit,Transiting Exoplanet Survey Satellite (TESS),14.70886,0.113,6.18,38.15,650,4960,177.504
TOI-4010 e,TOI-4010,1,4,2023,Radial Velocity,Roque de los Muchachos Observatory,762,1.57,,692,174,4960,177.504
TOI-4029 b,TOI-4029,1,1,2026,Transit,Transiting Exoplanet Survey Satellite (TESS),5.884982346,,6.73756618,,,5662.53,274.436
TOI-4030 b,TOI-4030,1,1,2026,Transit,Transiting Exoplanet Survey Satellite (TESS),2.509001995,,5.8462559,,,5640.37,571.615
TOI-4034 b,TOI-4034,1,1,2026,Transit,Transiting Exoplanet Survey Satellite (TESS),1.8020932,0.03289,17.71018951,276.5107141,1907,5891,745.145
TOI-406 c,TOI-406,1,2,2024,Transit,Transiting Exoplanet Survey Satellite (TESS),3.307441,0.0322,1.32,2.08,584,3392,31.0597
TOI-406.01,TOI-406,1,2,2024,Transit,Transiting Exoplanet Survey Satellite (TESS),13.175682,0.0809,2.08,6.57,368,3392,31.0597
TOI-4087 b,TOI-4087,1,1,2023,Transit,Transiting Exoplanet Survey Satellite (TESS),3.1774835,0.04469,13.04725353,232.0147371,1458,6060,301.676
TOI-411 b,HD 22946,1,3,2022,Transit,Transiting Exoplanet Survey Satellite (TESS),4.040295,0.05727,1.362,13.71,1241,6169,62.7792
TOI-411 c,HD 22946,1,3,2022,Transit,Transiting Exoplanet Survey Satellite (TESS),9.573083,0.1017,2.328,9.72,931,6169,62.7792
TOI-4127 b,TOI-4127,1,1,2023,Transit,Transiting Exoplanet Survey Satellite (TESS),56.3987,0.303,12.07,743.7184724,556,6096,319.632
TOI-4137 b,TOI-4137,1,1,2022,Transit,Transiting Exoplanet Survey Satellite (TESS),3.8016122,0.05222,13.57407563,457.6729061,1570,6202,334.993
TOI-4145 A b,TOI-4145 A,2,1,2023,Transit,Transiting Exoplanet Survey Satellite (TESS),4.0664428,0.04823,13.30506009,136.666215,1074,5281,205.387
TOI-4153 b,TOI-4153,1,1,2024,Transit,Transiting Exoplanet Survey Satellite (TESS),4.6174141,0.06311,16.11851425,365.5026681,1669,6860,423.84
TOI-4155 b,TOI-4155,1,1,2025,Transit,Transiting Exoplanet Survey Satellite (TESS),3.320729,,3.21,,1255,5724,240.737
TOI-4156 b,TOI-4156,1,2,2026,Transit,Transiting Exoplanet Survey Satellite (TESS),4.461890341,,2.53823825,,,5971.64,213.719
TOI-4156 c,TOI-4156,1,2,2026,Transit,Transiting Exoplanet Survey Satellite (TESS),12.82282706,,2.92303762,,,5971.64,213.719
TOI-4184 b,TOI-4184,1,1,2023,Transit,Transiting Exoplanet Survey Satellite (TESS),4.9019804,0.0336,2.43,,412,3238,69.3649
TOI-4201 b,TOI-4201,1,1,2023,Transit,Transiting Exoplanet Survey Satellite (TESS),3.5819194,0.04,13.67495645,788.2144494,725,3794,189.011
TOI-421 b,TOI-421,2,2,2020,Transit,Transiting Exoplanet Survey Satellite (TESS),5.197576,0.0554,2.64,6.7,922,5291,74.7969
TOI-421 c,TOI-421,2,2,2020,Transit,Transiting Exoplanet Survey Satellite (TESS),16.067541,0.117,5.09,14.1,635,5291,74.7969
TOI-4214 b,TOI-4214,1,1,2025,Transit,Transiting Exoplanet Survey Satellite (TESS),3.4913885,0.05018,10.68215861,165.2707716,1642,6370,346.881
TOI-4308 b,TOI-4308,1,1,2023,Transit,Transiting Exoplanet Survey Satellite (TESS),9.151201,,2.4189,,763.05,5243,108.932
TOI-431 b,TOI-431,1,3,2021,Transit,Transiting Exoplanet Survey Satellite (TESS),0.490047,0.0113,1.28,3.07,1862,4850,32.5686
TOI-431 c,TOI-431,1,3,2021,Radial Velocity,La Silla Observatory,4.8494,0.052,,2.83,867,4850,32.5686
TOI-431 d,TOI-431,1,3,2021,Transit,Transiting Exoplanet Survey Satellite (TESS),12.46103,0.098,3.29,9.9,633,4850,32.5686
TOI-4311 b,TOI-4311,1,2,2026,Transit,Transiting Exoplanet Survey Satellite (TESS),0.9902738,0.01817,1.376,4.5,1664,5063,134.988
TOI-4311 c,TOI-4311,1,2,2026,Transit,Transiting Exoplanet Survey Satellite (TESS),15.070425,0.1116,2.47,13.58,671,5063,134.988
TOI-4329 b,TOI-4329,1,1,2022,Transit,Transiting Exoplanet Survey Satellite (TESS),2.9223,,16.81347105,143.0227832,,6000,717.128
TOI-4336 A b,TOI-4336 A,3,2,2024,Transit,Transiting Exoplanet Survey Satellite (TESS),16.336351,0.0849,2.137,3.33,309.4,3307,22.5455
TOI-4336 A c,TOI-4336 A,3,2,2026,Transit,Multiple Observatories,7.587266,0.05092,1.251,1.55,399.5,3307,22.5455
TOI-4342 b,TOI-4342,1,2,2023,Transit,Transiting Exoplanet Survey Satellite (TESS),5.5382592,0.0519,2.329,7.3,639,3866,61.5204
TOI-4342 c,TOI-4342,1,2,2023,Transit,Transiting Exoplanet Survey Satellite (TESS),10.688662,0.0804,2.349,4.8,514,3866,61.5204
TOI-4363 b,TOI-4363,1,1,2026,Transit,Transiting Exoplanet Survey Satellite (TESS),2.118675923,,1.76689273,,,4278.45,77.7751
TOI-4364 b,TOI-4364,1,1,2025,Transit,Transiting Exoplanet Survey Satellite (TESS),5.424019,0.04753,2.01,,488,3528,43.9662
TOI-4377 b,TOI-4377,1,1,2023,Transit,Transiting Exoplanet Survey Satellite (TESS),4.378081,0.0579,15.10970598,304.1617855,,4974,455.82
TOI-4379 b,TOI-4379,1,1,2024,Transit,Transiting Exoplanet Survey Satellite (TESS),3.25352,,16.69017226,353.743017,,6020,645.158
TOI-4405 b,TOI-4405,1,1,2026,Transit,Transiting Exoplanet Survey Satellite (TESS),5.921439953,,2.55505441,,,4467.38,155.501
TOI-4406 b,TOI-4406,1,1,2023,Transit,Transiting Exoplanet Survey Satellite (TESS),30.08364,0.201,11.2089807,95.3485221,904,6219,261.834
TOI-4409 b,TOI-4409,1,1,2026,Transit,Transiting Exoplanet Survey Satellite (TESS),92.491789,,7.44,14.93793513,,4928,179.419
TOI-4427 b,TOI-4427,1,1,2026,Transit,Transiting Exoplanet Survey Satellite (TESS),4.6182621,0.05389,13.09208946,87.72064033,1040,5347,198.251
TOI-4438 b,TOI-4438,1,1,2024,Transit,Transiting Exoplanet Survey Satellite (TESS),7.446295,0.0523,2.4,4.11,446,3501,30.0346
TOI-444 b,TOI-444,1,1,2023,Transit,Transiting Exoplanet Survey Satellite (TESS),17.9636,0.133,2.77,,609,5225,57.3973
TOI-4443.01,TOI-4443,1,1,2024,Transit,Transiting Exoplanet Survey Satellite (TESS),1.8498567,0.029962645,1.7193265,,1638.82,5834,56.0739
TOI-4458 b,TOI-4458,1,1,2026,Transit,Transiting Exoplanet Survey Satellite (TESS),3.9393792,0.0522,12.40834163,552.067943,1759,6151,505.432
TOI-4463 A b,TOI-4463 A,2,1,2023,Transit,Transiting Exoplanet Survey Satellite (TESS),2.8807198,0.04036,13.26022417,252.3557552,1395,5640,173.117
TOI-4465 b,TOI-4465,1,1,2025,Transit,Transiting Exoplanet Survey Satellite (TESS),101.94054,0.416,14.01122587,1872.009317,427,5545,121.139
TOI-4479 b,TOI-4479,1,1,2022,Transit,Transiting Exoplanet Survey Satellite (TESS),1.1589,0.0164,2.82,,861,3400,80.6532
TOI-4487 A b,TOI-4487 A,2,1,2025,Transit,Transiting Exoplanet Survey Satellite (TESS),3.9540709,0.05448,14.60530185,397.2855088,1639,6206,479.145
TOI-4492 b,TOI-4492,1,1,2026,Transit,Transiting Exoplanet Survey Satellite (TESS),4.4331824,0.0535,11.78063872,1881.544169,1207,5711,143.184
TOI-4495 b,TOI-4495,1,2,2026,Transit,Transiting Exoplanet Survey Satellite (TESS),2.56699,0.03957,2.483,7.7,1735,6210,132.214
TOI-4495 c,TOI-4495,1,2,2024,Transit,Transiting Exoplanet Survey Satellite (TESS),5.18553,0.06323,4.03,23.2,1365,6210,132.214
TOI-4504 b,TOI-4504,1,3,2024,Transit,Transiting Exoplanet Survey Satellite (TESS),2.4261516,0.0338,2.65,140,1345,,342.605
TOI-4504 c,TOI-4504,1,3,2024,Transit,Transiting Exoplanet Survey Satellite (TESS),82.819093,0.3593,11.17,821,412.5,,342.605
TOI-4504 d,TOI-4504,1,3,2024,Transit Timing Variations,Multiple Observatories,41.2871975,0.2219,11.26,643,524.8,,342.605
TOI-4507 b,TOI-4507,1,1,2025,Transit,Transiting Exoplanet Survey Satellite (TESS),104.61611,0.456,8.2,20,,6260,178.26
TOI-451 b,TOI-451,2,3,2020,Transit,Transiting Exoplanet Survey Satellite (TESS),1.8587033,0.0274,1.84,4.7,1474,5490,123.739
TOI-451 c,TOI-451,2,3,2020,Transit,Transiting Exoplanet Survey Satellite (TESS),9.192463,0.0795,2.93,3.7,865,5490,123.739
TOI-451 d,TOI-451,2,3,2020,Transit,Transiting Exoplanet Survey Satellite (TESS),16.364962,0.1168,3.93,10.2,714,5490,123.739
TOI-4511 b,TOI-4511,1,1,2026,Transit,Transiting Exoplanet Survey Satellite (TESS),10.98090969,,2.75304932,,,5418.77,121.832
TOI-4513 b,TOI-4513,1,1,2026,Transit,Transiting Exoplanet Survey Satellite (TESS),9.760422537,,2.34587608,,,5623.93,102.609
TOI-4515 b,TOI-4515,1,1,2024,Transit,Transiting Exoplanet Survey Satellite (TESS),15.266446,0.118,12.17,637,705,5433,193.499
TOI-4527.01,TOI-4527,1,1,2024,Transit,Transiting Exoplanet Survey Satellite (TESS),0.3994445,0.008332353,0.9086617,,1362.93,3702,18.1037
TOI-4529 b,TOI-4529,1,1,2026,Transit,Transiting Exoplanet Survey Satellite (TESS),5.879577,,1.77,4.9,511,3697,28.384
TOI-4551 b,TOI-4551,1,1,2023,Transit,Transiting Exoplanet Survey Satellite (TESS),9.95581,0.0994,11.85910158,473.5643264,,4896,215.986
TOI-4552 b,TOI-4552,1,1,2026,Transit,Transiting Exoplanet Survey Satellite (TESS),0.30110032,0.0056255,1.11,1.83,1122,3258,27.2684
TOI-4559 b,TOI-4559,1,1,2024,Transit,Transiting Exoplanet Survey Satellite (TESS),3.965991,0.0359,1.415,,554.16,3558,31.6354
TOI-4561 b,TOI-4561,1,1,2026,Transit,Transiting Exoplanet Survey Satellite (TESS),8.935479367,,1.77789214,,,5537.93,179.008
TOI-4562 b,TOI-4562,1,2,2023,Transit,Transiting Exoplanet Survey Satellite (TESS),225.1064,,,,,6096,339.605
TOI-4562 c,TOI-4562,1,2,2024,Transit Timing Variations,Multiple Observatories,3990,5.219,,1833.869908,,6096,339.605
TOI-4578 b,TOI-4578,1,1,2026,Transit,Transiting Exoplanet Survey Satellite (TESS),8.623926304,,2.26974262,,,5951.32,182.249
TOI-4582 b,TOI-4582,1,1,2023,Transit,Transiting Exoplanet Survey Satellite (TESS),31.034,,10.53644186,168.4490557,,5190,383.846
TOI-4588 b,TOI-4588,1,1,2026,Transit,Kepler,13.11881174,,2.92922558,,,7746.12,225.181
TOI-4600 b,TOI-4600,1,2,2023,Transit,Transiting Exoplanet Survey Satellite (TESS),82.6869,0.349,6.8,959.8417891,347,5170,216.056
TOI-4600 c,TOI-4600,1,2,2023,Transit,Transiting Exoplanet Survey Satellite (TESS),482.8191,1.152,9.42,2946.269333,191,5170,216.056
TOI-4602.01,TOI-4602,1,1,2024,Transit,Transiting Exoplanet Survey Satellite (TESS),3.9812999,0.04747,2.45,5.53,1344,5966,63.0637
TOI-4603 b,TOI-4603,1,1,2023,Transit,Transiting Exoplanet Survey Satellite (TESS),7.24599,0.0888,11.67975789,4096.808166,1677,6264,225.643
TOI-4633 c,TOI-4633,2,1,2024,Transit,Transiting Exoplanet Survey Satellite (TESS),271.9445,0.847,3.2,123,,5800,95.2016
TOI-4638.01,TOI-4638,1,1,2024,Transit,Transiting Exoplanet Survey Satellite (TESS),10.28391879,0.093013,2.933,,,5700,168.248
TOI-4640 b,TOI-4640,1,1,2026,Transit,Transiting Exoplanet Survey Satellite (TESS),2.685660152,,2.84326517,,,5743.01,245.089
TOI-4641 b,TOI-4641,1,1,2023,Transit,Transiting Exoplanet Survey Satellite (TESS),22.09341,0.173,8.18255591,1229.995935,,6560,86.3501
TOI-4662 b,TOI-4662,1,1,2026,Transit,Transiting Exoplanet Survey Satellite (TESS),4.703437646,,2.87998299,,,4520.41,111.047
TOI-4666 b,TOI-4666,1,1,2025,Transit,Transiting Exoplanet Survey Satellite (TESS),2.9089165,0.034,12.53164042,155.418091,695,3793,154.749
TOI-469.01,TOI-469,1,3,2021,Transit,Transiting Exoplanet Survey Satellite (TESS),13.6308205,0.111,3.41,9.1,716,5289,68.192
TOI-470 b,TOI-470,1,1,2023,Transit,Transiting Exoplanet Survey Satellite (TESS),12.19148,0.119,4.34,,660,5190,130.46
TOI-4734 b,TOI-4734,1,1,2025,Transit,Transiting Exoplanet Survey Satellite (TESS),6.235633,0.074,10.9175472,61.65871096,1468,6070,563.068
TOI-4747 b,TOI-4747,1,1,2026,Transit,Transiting Exoplanet Survey Satellite (TESS),5.219241586,,3.95803201,,,5595.08,304.615
TOI-4773 b,TOI-4773,1,1,2025,Transit,Transiting Exoplanet Survey Satellite (TESS),1.7452851,0.03216,15.22179579,1687.668841,2255,6740,492.888
TOI-4791 b,TOI-4791,1,1,2023,Transit,Transiting Exoplanet Survey Satellite (TESS),4.28088,0.0555,12.44196858,734.1836202,1472,6058,328.802
TOI-4794 b,TOI-4794,1,1,2025,Transit,Transiting Exoplanet Survey Satellite (TESS),3.5658116,0.0492,14.35870428,308.2935548,1673,6390,543.008
TOI-480 b,TOI-480,1,1,2024,Transit,Transiting Exoplanet Survey Satellite (TESS),6.866196,0.077,2.85372018,20.8,1198.94,6174,54.5306
TOI-481 b,TOI-481,1,1,2020,Transit,Transiting Exoplanet Survey Satellite (TESS),10.33111,0.097,11.09691,486.2799,1370,5735,179.366
TOI-4860 b,TOI-4860,1,1,2023,Transit,Transiting Exoplanet Survey Satellite (TESS),1.5227591,0.01808,8.7,86.7,694,3260,80.1423
TOI-4898 b,TOI-4898,1,1,2026,Transit,Transiting Exoplanet Survey Satellite (TESS),2.765204702,,3.7197954,,,4201.57,98.5958
TOI-4914 b,TOI-4914,1,1,2024,Transit,Transiting Exoplanet Survey Satellite (TESS),10.60057,0.098,12.87,227,894,5805,299.89
TOI-4930 b,TOI-4930,1,1,2026,Transit,Transiting Exoplanet Survey Satellite (TESS),6.781302415,,6.93277225,,,5624.72,413.757
TOI-4940 b,TOI-4940,1,1,2025,Transit,Transiting Exoplanet Survey Satellite (TESS),25.867811,0.165,6.61,89,643,5504,345.659
TOI-4961 b,TOI-4961,1,1,2025,Transit,Transiting Exoplanet Survey Satellite (TESS),7.479182,0.0726,12.34108775,572.0911326,919,5380,213.073
TOI-4994 b,TOI-4994,1,1,2024,Transit,Transiting Exoplanet Survey Satellite (TESS),21.491984,0.1515,8.54124329,88.99195396,717.6,5640,329.304
TOI-500 b,TOI-500,1,4,2022,Transit,Transiting Exoplanet Survey Satellite (TESS),0.548177,0.01189,1.166,1.42,1617,4440,47.3924
TOI-500 c,TOI-500,1,4,2022,Radial Velocity,La Silla Observatory,6.6356,,,5.03,,4440,47.3924
TOI-500 d,TOI-500,1,4,2022,Radial Velocity,La Silla Observatory,26.233,,,33.12,,4440,47.3924
TOI-500 e,TOI-500,1,4,2022,Radial Velocity,La Silla Observatory,61.3,,,15.05,,4440,47.3924
TOI-5005 b,TOI-5005,1,1,2024,Transit,Transiting Exoplanet Survey Satellite (TESS),6.3085044,0.06614,6.25,32.7,1040,5749,207.891
TOI-5007 b,TOI-5007,1,1,2026,Transit,Transiting Exoplanet Survey Satellite (TESS),2.543371,0.0307,11.07447293,211.0380623,774,3793,203.352
TOI-5027 b,TOI-5027,1,1,2025,Transit,Transiting Exoplanet Survey Satellite (TESS),10.24368,0.093,10.76062147,642.0133821,1056,5909,204.429
TOI-5076 b,TOI-5076,2,1,2024,Transit,Transiting Exoplanet Survey Satellite (TESS),23.443162,0.1481,3.48935569,16.14568308,550,4780,82.857
TOI-5082.01,TOI-5082,1,1,2024,Transit,Transiting Exoplanet Survey Satellite (TESS),4.240122,0.051204842,2.54811,,1164.91,5670,43.1406
TOI-5108 b,TOI-5108,1,1,2025,Transit,Transiting Exoplanet Survey Satellite (TESS),6.753581,0.073,6.6,32,1180,5808,130.919
TOI-5110 b,TOI-5110,1,1,2024,Transit,Transiting Exoplanet Survey Satellite (TESS),30.158577,0.2157,11.98240037,921.7023803,976,6160,392.259
TOI-512 b,TOI-512,1,1,2025,Transit,Transiting Exoplanet Survey Satellite (TESS),7.18886,,1.54,3.57,1009,5277,67.3975
TOI-5126 b,TOI-5126,1,2,2023,Transit,Transiting Exoplanet Survey Satellite (TESS),5.4588385,0.06519,4.74,,1442,6150,160.414
TOI-5126 c,TOI-5126,1,2,2023,Transit,Transiting Exoplanet Survey Satellite (TESS),17.8999,0.1439,3.86,,971,6150,160.414
TOI-5143 c,TOI-5143,1,1,2025,Transit,Transiting Exoplanet Survey Satellite (TESS),5.2097118,0.05602,16.25302201,,,5183,181.38
TOI-5153 b,TOI-5153,1,1,2022,Transit,Transiting Exoplanet Survey Satellite (TESS),20.33003,0.158,11.88151954,1036.120607,906,6300,390.484
TOI-5159 b,TOI-5159,1,1,2026,Transit,Transiting Exoplanet Survey Satellite (TESS),5.836394288,,1.54732112,,,5156.16,55.1788
TOI-5160 b,TOI-5160,1,1,2026,Transit,Transiting Exoplanet Survey Satellite (TESS),4.280773256,,2.39729851,,,5622.14,151.465
TOI-5174 b,TOI-5174,1,1,2022,Transit,Transiting Exoplanet Survey Satellite (TESS),12.214286,,5.351,,,5643.77,197.243
TOI-5181 A b,TOI-5181 A,2,1,2025,Transit,Transiting Exoplanet Survey Satellite (TESS),3.8922295,0.0522,13.34989601,330.5415433,1585,6060,480.155
TOI-519 b,TOI-519,1,1,2021,Transit,Transiting Exoplanet Survey Satellite (TESS),1.2652328,0.0159,11.54525012,147.1545524,687,3322,115.557
TOI-5205 b,TOI-5205,1,1,2023,Transit,Transiting Exoplanet Survey Satellite (TESS),1.630757,0.0199,11.6,343,737,3430,86.4493
TOI-521 b,TOI-521,1,1,2025,Transit,Transiting Exoplanet Survey Satellite (TESS),1.54285047,0.0195,1.98,5.3,794,3544,60.9425
TOI-5210 b,TOI-5210,1,1,2025,Transit,Transiting Exoplanet Survey Satellite (TESS),4.5661061,0.0557,10.72699453,81.99972901,1286,5723,302.086
TOI-5218 b,TOI-5218,1,1,2024,Transit,Transiting Exoplanet Survey Satellite (TESS),4.291452,0.0469,9.86,657,783,4230,377.483
TOI-5232 b,TOI-5232,1,1,2024,Transit,Transiting Exoplanet Survey Satellite (TESS),4.0966692,0.05593,12.778238,743.7184724,1772,6500,609.388
TOI-5238 b,TOI-5238,1,1,2022,Transit,Transiting Exoplanet Survey Satellite (TESS),4.872171,,5.22,,,5631,290.646
TOI-5261 b,TOI-5261,1,1,2025,Transit,Transiting Exoplanet Survey Satellite (TESS),4.1509768,0.05134,11.60129502,3651.848396,1244,5790,377.054
TOI-5292 A b,TOI-5292 A,2,1,2026,Transit,Transiting Exoplanet Survey Satellite (TESS),2.02191,0.0279,12.64373023,412.8591007,809,3919,337.095
TOI-5293 A b,TOI-5293 A,2,1,2023,Transit,Transiting Exoplanet Survey Satellite (TESS),2.930289,0.034,11.9,170.4,675,3586,162.229
TOI-530 b,TOI-530,1,1,2021,Transit,Transiting Exoplanet Survey Satellite (TESS),6.387597,0.052,9.30345398,127.1313628,565,3659,148.762
TOI-5300 b,TOI-5300,1,1,2025,Transit,Transiting Exoplanet Survey Satellite (TESS),2.262196,0.0295,9.86390302,190.6970442,1043,4610,162.51
TOI-5301 b,TOI-5301,1,1,2024,Transit,Transiting Exoplanet Survey Satellite (TESS),5.858858,0.073,13.09208946,1182.321674,1648,6240,629.161
TOI-5319 b,TOI-5319,1,1,2024,Transit,Transiting Exoplanet Survey Satellite (TESS),4.07853,0.0506,2.83,,695,3580,61.171
TOI-532 b,TOI-532,1,1,2021,Transit,Transiting Exoplanet Survey Satellite (TESS),2.3266508,0.0296,5.82,61.5,867,3927,135.047
TOI-5322 b,TOI-5322,1,1,2025,Transit,Transiting Exoplanet Survey Satellite (TESS),5.4233207,0.0604,16.6117094,184.0226477,1350,5692,476.899
TOI-5335 b,TOI-5335,1,1,2026,Transit,Transiting Exoplanet Survey Satellite (TESS),3.613659884,,4.02422162,,,5528.92,331.289
TOI-5340 b,TOI-5340,1,1,2025,Transit,Transiting Exoplanet Survey Satellite (TESS),4.9394392,0.0628,15.07607904,270.154146,1566,5990,532.629
TOI-5344 b,TOI-5344,1,1,2023,Transit,Transiting Exoplanet Survey Satellite (TESS),3.792622,0.04041,10.60369574,130.9453037,689,3747,138.367
TOI-5349 b,TOI-5349,1,1,2026,Transit,Transiting Exoplanet Survey Satellite (TESS),3.317921,0.0369,10.2,127.4,719,3751,188.336
TOI-5350 b,TOI-5350,1,1,2025,Transit,Transiting Exoplanet Survey Satellite (TESS),7.581367,0.0796,12.41955062,2094.489202,1195,6220,277.419
TOI-5380 b,TOI-5380,1,1,2026,Transit,Transiting Exoplanet Survey Satellite (TESS),3.772292479,,3.48093238,,,6400.78,286.781
TOI-5386 A b,TOI-5386 A,2,1,2025,Transit,Transiting Exoplanet Survey Satellite (TESS),3.62156552,0.04856,14.70618268,155.1002626,1488,6094,394.486
TOI-5388.01,TOI-5388,1,1,2024,Transit,Transiting Exoplanet Survey Satellite (TESS),2.5946748,,0.99,2.2,488,3440,18.5226
TOI-5398 b,TOI-5398,1,2,2022,Transit,Transiting Exoplanet Survey Satellite (TESS),10.590547,0.098,10.3,58.7,947,6000,130.855
TOI-5398 c,TOI-5398,1,2,2023,Transit,Transiting Exoplanet Survey Satellite (TESS),4.77271,0.057,3.52,11.8,1242,6000,130.855
TOI-540 b,TOI-540,1,1,2020,Transit,Transiting Exoplanet Survey Satellite (TESS),1.2391491,0.01223,0.903,,611,3216,14.0022
TOI-5422 b,TOI-5422,1,1,2026,Transit,Transiting Exoplanet Survey Satellite (TESS),5.377219,0.0619,9.10169233,8899.195396,1369,5820,346.141
TOI-544 b,TOI-544,1,2,2022,Transit,Transiting Exoplanet Survey Satellite (TESS),1.548352,0.0225,2.018,2.89,999,4169,41.1166
TOI-544 c,TOI-544,1,2,2023,Radial Velocity,La Silla Observatory,50.089,,,21.5,,4169,41.1166
TOI-5486 b,TOI-5486,1,1,2026,Transit,Transiting Exoplanet Survey Satellite (TESS),2.024700732,,3.96824928,,,3750.17,89.6811
TOI-5489 b,TOI-5489,1,2,2025,Transit,Transiting Exoplanet Survey Satellite (TESS),3.15222,,1.4,,624,3547,45.0907
TOI-5489 c,TOI-5489,1,2,2025,Transit,Transiting Exoplanet Survey Satellite (TESS),4.92126,,1.28,,536,3547,45.0907
TOI-5502 b,TOI-5502,1,1,2026,Transit,Transiting Exoplanet Survey Satellite (TESS),11.62592988,,4.1287378,,,6088.71,248.654
TOI-5515 b,TOI-5515,1,1,2026,Transit,Transiting Exoplanet Survey Satellite (TESS),8.592258108,,2.65362762,,,5483.65,135.459
TOI-5532 b,TOI-5532,1,1,2026,Transit,Transiting Exoplanet Survey Satellite (TESS),5.653965943,,2.52763693,,,4208.45,90.9985
TOI-5542 b,TOI-5542,1,1,2022,Transit,Transiting Exoplanet Survey Satellite (TESS),75.12375,0.332,11.30986153,419.5334972,441,5700,348.849
TOI-5573 b,TOI-5573,1,1,2025,Transit,Transiting Exoplanet Survey Satellite (TESS),8.79758977,0.0712,9.75,112,528,3790,186.562
TOI-558 b,TOI-558,1,1,2021,Transit,Transiting Exoplanet Survey Satellite (TESS),14.574071,0.1291,12.17295304,1147.360549,1061,6466,402.63
TOI-559 b,TOI-559,1,1,2021,Transit,Transiting Exoplanet Survey Satellite (TESS),6.9839095,0.0723,12.22899794,1910.148726,1180,5925,233.266
TOI-5592 b,TOI-5592,1,1,2025,Transit,Transiting Exoplanet Survey Satellite (TESS),2.6085846,0.03935,17.14974047,285.7277379,1789,6237,597.026
TOI-5595 b,TOI-5595,1,1,2026,Transit,Transiting Exoplanet Survey Satellite (TESS),5.990025539,,4.73740402,,,4417.3,136.955
TOI-5599 b,TOI-5599,1,1,2026,Transit,Transiting Exoplanet Survey Satellite (TESS),5.436915039,,7.1888212,,,6137.02,547.948
TOI-5605 b,TOI-5605,1,1,2026,Transit,Transiting Exoplanet Survey Satellite (TESS),5.913404548,,2.52611303,,,4583.79,95.0735
TOI-561 b,TOI-561,1,4,2020,Transit,Transiting Exoplanet Survey Satellite (TESS),0.4465697,0.01064,1.397,2.02,2319,,85.799
TOI-561 c,TOI-561,1,4,2020,Transit,Transiting Exoplanet Survey Satellite (TESS),10.778838,0.0889,2.865,5.93,802,,85.799
TOI-561 d,TOI-561,1,4,2020,Transit,Transiting Exoplanet Survey Satellite (TESS),25.71268,0.1587,2.615,13.33,600,,85.799
TOI-561 e,TOI-561,1,4,2020,Transit,Transiting Exoplanet Survey Satellite (TESS),77.144,0.33,2.517,12.4,416,,85.799
TOI-5614 b,TOI-5614,1,1,2026,Transit,Transiting Exoplanet Survey Satellite (TESS),4.172213289,,3.21759316,,,4553,223.016
TOI-5616 b,TOI-5616,1,1,2024,Transit,Transiting Exoplanet Survey Satellite (TESS),2.002849,0.0272,10.78,624,939,3996,390.415
TOI-5624 b,TOI-5624,1,5,2026,Transit,Transiting Exoplanet Survey Satellite (TESS),3.3903473,0.04201,2.314,9.4,1136,5327,101.913
TOI-5624 c,TOI-5624,1,5,2026,Transit,Transiting Exoplanet Survey Satellite (TESS),7.885385,0.07374,2.474,4.8,857,5327,101.913
TOI-5624 d,TOI-5624,1,5,2026,Transit,Transiting Exoplanet Survey Satellite (TESS),13.731468,0.1067,3.584,4.9,712.6,5327,101.913
TOI-5624 e,TOI-5624,1,5,2026,Transit,Transiting Exoplanet Survey Satellite (TESS),21.489936,0.1439,3.247,8.9,613.8,5327,101.913
TOI-5624 f,TOI-5624,1,5,2026,Transit Timing Variations,Multiple Observatories,45.37,0.2366,,13,478.5,5327,101.913
TOI-5628 A b,TOI-5628 A,2,1,2026,Transit,Transiting Exoplanet Survey Satellite (TESS),4.3416612,0.0368,8.29464572,28.60455663,492,3310,110.03
TOI-5630 b,TOI-5630,1,1,2026,Transit,Transiting Exoplanet Survey Satellite (TESS),3.221184525,,2.37117553,,,5385.64,134.047
TOI-5634 A b,TOI-5634 A,2,1,2024,Transit,Transiting Exoplanet Survey Satellite (TESS),2.2035373,0.0272,10.42,588,837,3896,306.144
TOI-564 b,TOI-564,1,1,2020,Transit,Transiting Exoplanet Survey Satellite (TESS),1.651144,0.02734,11.43318,464.98529,1714,5640,199.581
TOI-5678 b,TOI-5678,1,1,2023,Transit,Transiting Exoplanet Survey Satellite (TESS),47.73022,0.249,4.91,20,513,5485,165.393
TOI-5688 A b,TOI-5688 A,2,1,2024,Transit,Transiting Exoplanet Survey Satellite (TESS),2.94815527,0.03379,10.3,124,742,3713,226.318
TOI-5704 b,TOI-5704,1,1,2023,Transit,Transiting Exoplanet Survey Satellite (TESS),3.771116,,3.2274,,949.07,4590,89.637
TOI-5713 b,TOI-5713,1,1,2024,Transit,Transiting Exoplanet Survey Satellite (TESS),10.441989,0.06008,1.77,,347.2,3225,40.8668
TOI-5716 b,TOI-5716,1,1,2025,Transit,Transiting Exoplanet Survey Satellite (TESS),6.7663,,0.96,,400,3436,39.4122
TOI-5720 b,TOI-5720,1,1,2024,Transit,Transiting Exoplanet Survey Satellite (TESS),1.4344555,0.018288,1.09,4.3,708,3325,35.8256
TOI-5726.01,TOI-5726,1,1,2024,Transit,Transiting Exoplanet Survey Satellite (TESS),5.491125215,0.062186,2.554,,,5874,108.848
TOI-5728 b,TOI-5728,1,1,2025,Transit,Transiting Exoplanet Survey Satellite (TESS),11.49761,,1.31,,382,3419,54.7045
TOI-5734 b,TOI-5734,1,1,2026,Transit,Transiting Exoplanet Survey Satellite (TESS),6.1841876,0.05921,2.1,9.1,688,4750,32.5102
TOI-5736 b,TOI-5736,1,1,2025,Transit,Transiting Exoplanet Survey Satellite (TESS),0.64899,,1.56,,1311,3949,92.3604
TOI-5777 b,TOI-5777,1,1,2026,Transit,Transiting Exoplanet Survey Satellite (TESS),6.917161774,,3.09551273,,,4408.03,114.277
TOI-5786 b,TOI-5786,2,1,2025,Transit,Transiting Exoplanet Survey Satellite (TESS),12.779107,0.114,8.54,73,1040,6235,192.475
TOI-5788 b,TOI-5788,1,2,2026,Transit,Transiting Exoplanet Survey Satellite (TESS),6.340758,0.064,1.528,3.72,910,5615,97.614
TOI-5788 c,TOI-5788,1,2,2026,Transit,Transiting Exoplanet Survey Satellite (TESS),16.213362,0.1197,2.272,6.4,667,5615,97.614
TOI-5789 b,TOI-5789,1,4,2026,Radial Velocity,Multiple Observatories,2.76369,0.03608,,2.12,1201,5185,20.4581
TOI-5789 c,TOI-5789,1,4,2026,Transit,Transiting Exoplanet Survey Satellite (TESS),12.927748,0.1009,2.86,5,718,5185,20.4581
TOI-5789 d,TOI-5789,1,4,2026,Radial Velocity,Multiple Observatories,29.65,0.1756,,4.29,545,5185,20.4581
TOI-5789 e,TOI-5789,1,4,2026,Radial Velocity,Multiple Observatories,62.98,0.2901,,11.61,424,5185,20.4581
TOI-5795 b,TOI-5795,1,1,2025,Transit,Transiting Exoplanet Survey Satellite (TESS),6.1406325,0.064,5.62,23.66,1136.78,5715,156.53
TOI-5799 b,TOI-5799,1,2,2024,Transit,Transiting Exoplanet Survey Satellite (TESS),4.164507,0.0348,1.733,,505,3452,27.8123
TOI-5799 c,TOI-5799,1,2,2025,Transit,Transiting Exoplanet Survey Satellite (TESS),14.010449,0.0782,1.76,,337,3452,27.8123
TOI-5800 b,TOI-5800,1,1,2025,Transit,Transiting Exoplanet Survey Satellite (TESS),2.6278838,0.0344,2.46,9.5,1108,4850,42.9052
TOI-5803 b,TOI-5803,1,1,2023,Transit,Transiting Exoplanet Survey Satellite (TESS),5.38305,,3.2732,,678.87,5134,84.0126
TOI-5806 b,TOI-5806,2,1,2026,Transit,Transiting Exoplanet Survey Satellite (TESS),3.1856381,0.0484,15.13212395,721.4704839,1621,6730,119.199
TOI-5811 B b,TOI-5811 B,3,1,2026,Transit,Multiple Observatories,6.25663,0.0731,21.96960217,257.4410097,1530,4840,170.135
TOI-5817 b,TOI-5817,2,1,2025,Transit,Transiting Exoplanet Survey Satellite (TESS),15.61031,0.1223,3.08,10.3,950,5770,80.7542
TOI-5882 b,TOI-5882,1,1,2025,Transit,Transiting Exoplanet Survey Satellite (TESS),7.148972,0.0804,11.46678726,6995.403238,1515,5920,416.104
TOI-5916 b,TOI-5916,1,1,2026,Transit,Transiting Exoplanet Survey Satellite (TESS),2.36712341,0.02789,11.8,219,716,3541,199.724
TOI-5926 b,TOI-5926,1,1,2026,Transit,Transiting Exoplanet Survey Satellite (TESS),3.811227942,,7.56807148,,,5388.92,275.103
TOI-5938 b,TOI-5938,1,1,2026,Transit,Transiting Exoplanet Survey Satellite (TESS),2.260424,0.0308,3.82,,1077,4650,114.035
TOI-6000 b,TOI-6000,1,1,2025,Transit,Transiting Exoplanet Survey Satellite (TESS),0.448959,,0.94,,1120,3419,75.7664
TOI-6002 b,TOI-6002,1,1,2024,Transit,Transiting Exoplanet Survey Satellite (TESS),10.904821,0.05722,1.65,,321.4,3229,32.0266
TOI-6008 b,TOI-6008,1,1,2024,Transit,Transiting Exoplanet Survey Satellite (TESS),0.8574347,0.010777,1.03,4,707,3075,23.1008
TOI-6016 b,TOI-6016,1,1,2024,Transit,Transiting Exoplanet Survey Satellite (TESS),4.023687,0.055,13.67495645,371.8592362,1890,6110,364.715
TOI-6019 b,TOI-6019,1,1,2026,Transit,Transiting Exoplanet Survey Satellite (TESS),14.547952,0.1212,12.3,149,1095,5561,260.342
TOI-6029 b,TOI-6029,1,1,2024,Transit,Transiting Exoplanet Survey Satellite (TESS),5.7987,,14.39233122,519.6494454,,6223,603.119
TOI-603 b,TOI-603,1,1,2026,Transit,Transiting Exoplanet Survey Satellite (TESS),16.179846,0.1282,7.37,33,899,6027,205.924
TOI-6034 b,TOI-6034,2,1,2024,Transit,Transiting Exoplanet Survey Satellite (TESS),2.576184,0.02949,11.92,254,714,3635,117.992
TOI-6038 A b,TOI-6038 A,2,1,2025,Transit,Transiting Exoplanet Survey Satellite (TESS),5.8267311,0.069,6.41,78.5,1439,6110,179.147
TOI-6041 b,TOI-6041,1,2,2025,Transit,Transiting Exoplanet Survey Satellite (TESS),26.04945,0.1651,4.55,28.9,605.6,5445,72.4731
TOI-6041 c,TOI-6041,1,2,2025,Radial Velocity,Multiple Observatories,88,0.3721,,77.9,403.5,5445,72.4731
TOI-6054.01,TOI-6054,1,2,2024,Transit,Transiting Exoplanet Survey Satellite (TESS),7.501428,0.0763,2.64,12.5,1360,6047,79.407
TOI-6054.02,TOI-6054,1,2,2024,Transit,Transiting Exoplanet Survey Satellite (TESS),12.563636,0.1079,2.82,9.3,1143,6047,79.407
TOI-6080 b,TOI-6080,1,1,2026,Transit,Transiting Exoplanet Survey Satellite (TESS),8.055623481,,3.32424168,,,5775.46,188.183
TOI-6086 b,TOI-6086,1,1,2024,Transit,Transiting Exoplanet Survey Satellite (TESS),1.3888725,0.01541,1.18,,634,3200,31.4566
TOI-6109 b,TOI-6109,1,2,2025,Transit,Transiting Exoplanet Survey Satellite (TESS),5.690476,0.0599,4.8704,,,5660,151.738
TOI-6109 c,TOI-6109,1,2,2025,Transit,Transiting Exoplanet Survey Satellite (TESS),8.538878,0.0786,4.8326,,,5660,151.738
TOI-6130 b,TOI-6130,1,1,2024,Transit,Transiting Exoplanet Survey Satellite (TESS),2.392679,0.036,14.3474953,333.7198274,1750,6110,220.882
TOI-615 b,TOI-615,1,1,2023,Transit,Transiting Exoplanet Survey Satellite (TESS),4.6615983,0.0678,18.97680433,138.2553571,1666,6850,360.408
TOI-6158 b,TOI-6158,1,1,2026,Transit,Transiting Exoplanet Survey Satellite (TESS),3.0446899,0.03275,10.4,135,636,3467,180.96
TOI-620 b,TOI-620,1,1,2022,Transit,Transiting Exoplanet Survey Satellite (TESS),5.0988179,0.04825,3.76,,603.6,3708,33.0231
TOI-622 b,TOI-622,1,1,2023,Transit,Transiting Exoplanet Survey Satellite (TESS),6.402513,0.0708,9.2362001,96.30200732,1388,6400,123.297
TOI-6223 b,TOI-6223,1,1,2025,Transit,Transiting Exoplanet Survey Satellite (TESS),3.855219,0.04018,5.07,,714,3895,133.122
TOI-6255 b,TOI-6255,1,1,2024,Transit,Transiting Exoplanet Survey Satellite (TESS),0.23818244,,1.079,1.44,,3421,20.3167
TOI-628 b,TOI-628,1,1,2021,Transit,Transiting Exoplanet Survey Satellite (TESS),3.4095675,0.0486,11.88154,2011.8639,1586,6250,178.68
TOI-6281 b,TOI-6281,1,1,2026,Transit,Transiting Exoplanet Survey Satellite (TESS),1.054262442,,1.92416074,,,4533.23,57.7451
TOI-6303 b,TOI-6303,1,1,2025,Transit,Transiting Exoplanet Survey Satellite (TESS),9.485236,0.0761,11.59,2493,541,3977,152.219
TOI-6324 b,TOI-6324,1,1,2025,Transit,Transiting Exoplanet Survey Satellite (TESS),0.279221,,1.059,1.17,1216,3247,20.5488
TOI-6330 b,TOI-6330,1,1,2025,Transit,Transiting Exoplanet Survey Satellite (TESS),6.8500246,0.05763,10.89,3179,495,3539,139.042
TOI-6383 A b,TOI-6383 A,2,1,2024,Transit,Transiting Exoplanet Survey Satellite (TESS),1.79058695,0.02292,11.29,331,745,3444,171.319
TOI-6393 b,TOI-6393,1,1,2026,Transit,Transiting Exoplanet Survey Satellite (TESS),9.531761103,,2.75958542,,,5008.2,186.229
TOI-640 b,TOI-640,1,1,2021,Transit,Transiting Exoplanet Survey Satellite (TESS),5.003777,,19.2794468,181.162192,1816,6460,341.997
TOI-6420 b,TOI-6420,1,1,2025,Transit,Transiting Exoplanet Survey Satellite (TESS),6.961508,0.0753,11.93756445,2606.192937,1213,6020,634.712
TOI-6448 b,TOI-6448,1,1,2025,Transit,Transiting Exoplanet Survey Satellite (TESS),14.844261,0.131,8.47398941,,745,5910,386.879
TOI-6478 b,TOI-6478,2,1,2025,Transit,Transiting Exoplanet Survey Satellite (TESS),34.005019,0.1136,4.6,,204.4,3230,38.6057
TOI-654.01,TOI-654,1,1,2024,Transit,Transiting Exoplanet Survey Satellite (TESS),1.527561,0.01944,2.378,8.71,794,3521,57.7553
TOI-6564 b,TOI-6564,1,1,2026,Transit,Transiting Exoplanet Survey Satellite (TESS),3.985413,0.0542,16.39873876,222.1620565,1445,5943,191.372
TOI-6628 b,TOI-6628,1,1,2025,Transit,Transiting Exoplanet Survey Satellite (TESS),18.18424,0.134,10.98480109,235.1930212,833,5463,320.527
TOI-663 b,TOI-663,1,3,2024,Transit,Transiting Exoplanet Survey Satellite (TESS),2.598902,0.0295,2.27,4.45,674,3681,64.2308
TOI-663 c,TOI-663,1,3,2024,Transit,Transiting Exoplanet Survey Satellite (TESS),4.6955507,0.0437,2.26,3.65,553,3681,64.2308
TOI-663 d,TOI-663,1,3,2024,Transit,Transiting Exoplanet Survey Satellite (TESS),7.1027268,0.0576,1.92,5.2,482,3681,64.2308
TOI-6651 b,TOI-6651,1,1,2024,Transit,Transiting Exoplanet Survey Satellite (TESS),5.056973,0.0633,5.09,61,1493,5940,212.128
TOI-6677 b,TOI-6677,1,1,2026,Transit,Transiting Exoplanet Survey Satellite (TESS),5.450606616,,5.83507112,,,6572.28,340.52
TOI-669 b,TOI-669,1,1,2023,Transit,Transiting Exoplanet Survey Satellite (TESS),3.945152,0.048,2.58606487,10,1124.85,5597,142.867
TOI-6692 b,TOI-6692,1,1,2026,Transit,Transiting Exoplanet Survey Satellite (TESS),131.125,0.512,11.67975789,197.0536123,467,5890,312.903
TOI-6695 b,TOI-6695,1,2,2025,Transit,Transiting Exoplanet Survey Satellite (TESS),80.389,0.402,9.52763359,66.74396547,599,6400,282.536
TOI-6695 c,TOI-6695,1,2,2025,Radial Velocity,Multiple Observatories,242.4,0.838,,460.8511902,415,6400,282.536
TOI-6699 b,TOI-6699,1,1,2026,Transit,Transiting Exoplanet Survey Satellite (TESS),5.320059268,,2.32645266,,,4705.1,85.8463
TOI-6707 b,TOI-6707,1,1,2026,Transit,Transiting Exoplanet Survey Satellite (TESS),3.834793638,,5.72673066,,,6289.49,641.467
TOI-6716 b,TOI-6716,1,1,2026,Transit,Transiting Exoplanet Survey Satellite (TESS),4.7185898,0.0319,0.982,,369,3110,18.8873
TOI-672 b,TOI-672,1,1,2023,Transit,Transiting Exoplanet Survey Satellite (TESS),3.633581,0.0376,5.31,50.9,699.5,3810,66.9071
TOI-674 b,TOI-674,1,1,2021,Transit,Transiting Exoplanet Survey Satellite (TESS),1.977143,0.025,5.25,23.6,635,3514,46.0851
TOI-677 b,TOI-677,1,1,2020,Transit,Transiting Exoplanet Survey Satellite (TESS),11.2365985,0.1041,13.11450742,392.2002542,,6295,141.812
TOI-682.01,TOI-682,1,1,2021,Transit,Transiting Exoplanet Survey Satellite (TESS),6.8392388,,3.74186,,1090,5085,83.1548
TOI-6884 b,TOI-6884,1,1,2026,Transit,Transiting Exoplanet Survey Satellite (TESS),4.808264,0.0629,10.39072511,8365.243672,1652,6330,562.376
TOI-6894 b,TOI-6894,1,1,2025,Transit,Transiting Exoplanet Survey Satellite (TESS),3.37077196,0.02604,9.5836785,53.39517238,417.9,3007,73.8131
TOI-6954 b,TOI-6954,1,1,2026,Transit,Transiting Exoplanet Survey Satellite (TESS),4.020741274,,3.63524486,,,5170.87,190.042
TOI-697 b,TOI-697,1,1,2026,Transit,Transiting Exoplanet Survey Satellite (TESS),8.607887136,,2.35859364,,,5681.95,93.7714
TOI-700 b,TOI-700,1,4,2020,Transit,Transiting Exoplanet Survey Satellite (TESS),9.977219,0.0677,0.914,,,3459,31.1265
TOI-700 c,TOI-700,1,4,2020,Transit,Transiting Exoplanet Survey Satellite (TESS),16.051137,0.0929,2.6,,,3459,31.1265
TOI-700 d,TOI-700,1,4,2020,Transit,Transiting Exoplanet Survey Satellite (TESS),37.42396,0.1633,1.073,,,3459,31.1265
TOI-700 e,TOI-700,1,4,2023,Transit,Transiting Exoplanet Survey Satellite (TESS),27.80978,0.134,0.953,,,3459,31.1265
TOI-7008 b,TOI-7008,1,1,2026,Transit,Transiting Exoplanet Survey Satellite (TESS),0.840690414,,4.94735276,,,5116.06,410.467
TOI-7009 b,TOI-7009,1,1,2026,Transit,Transiting Exoplanet Survey Satellite (TESS),2.3206612,0.0287,3.71,,872,4080,184.12
TOI-7041 b,TOI-7041,1,1,2025,Transit,Transiting Exoplanet Survey Satellite (TESS),9.691,,11.43316031,114.4182265,,4700,439.52
TOI-707 b,TOI-707,1,1,2026,Transit,Transiting Exoplanet Survey Satellite (TESS),52.79918,0.275,2.416,,491.7,5424,130.959
TOI-712 b,TOI-712,1,3,2022,Transit,Transiting Exoplanet Survey Satellite (TESS),9.531361,0.07928,2.049,,650,4622,58.6212
TOI-712 c,TOI-712,1,3,2022,Transit,Transiting Exoplanet Survey Satellite (TESS),51.69906,0.2447,2.701,,369.9,4622,58.6212
TOI-712 d,TOI-712,1,3,2022,Transit,Transiting Exoplanet Survey Satellite (TESS),84.8396,0.3405,2.474,,313.6,4622,58.6212
TOI-7149 b,TOI-7149,1,1,2025,Transit,Transiting Exoplanet Survey Satellite (TESS),2.65206166,0.02603,13.2,224,593,3363,126.126
TOI-715 b,TOI-715,1,1,2023,Transit,Transiting Exoplanet Survey Satellite (TESS),19.288004,0.083,1.55,,234,3075,42.4048
TOI-7155 b,TOI-7155,1,1,2026,Transit,Transiting Exoplanet Survey Satellite (TESS),3.89489712,,2.40821473,,,4673.03,144.751
TOI-7166 b,TOI-7166,1,1,2025,Transit,Transiting Exoplanet Survey Satellite (TESS),12.92063621,0.06191,2.01,,249,3099,35.4153
TOI-7169 b,TOI-7169,1,1,2026,Transit,Transiting Exoplanet Survey Satellite (TESS),3.4373125,0.0428,16.53324653,130.3096469,1631,5714,467.151
TOI-7189 b,TOI-7189,1,1,2026,Transit,Transiting Exoplanet Survey Satellite (TESS),2.89055,0.03294,10.9,159.04,738,3775,192.09
TOI-7265 B b,TOI-7265 B,2,1,2026,Transit,Transiting Exoplanet Survey Satellite (TESS),4.17232,0.04007,10.7,224.95,571,3503,143.97
TOI-733 b,TOI-733,1,1,2023,Transit,Transiting Exoplanet Survey Satellite (TESS),4.884765,0.0618,1.992,5.72,1055.8,5585,75.2092
TOI-7333 b,TOI-7333,1,1,2026,Transit,Transiting Exoplanet Survey Satellite (TESS),6.264498037,,2.09469416,,,4586.87,157.217
TOI-7384 b,TOI-7384,1,1,2026,Transit,Transiting Exoplanet Survey Satellite (TESS),6.2340258,0.0439,3.56,,378,3185,66.7902
TOI-7393 b,TOI-7393,1,1,2026,Transit,Transiting Exoplanet Survey Satellite (TESS),3.33708,0.03664,11.3,194.78,747,3927,189.038
TOI-7394 B b,TOI-7394 B,2,1,2026,Transit,Transiting Exoplanet Survey Satellite (TESS),1.252995,0.01913,11.5,668.74,986,3717,189.986
TOI-7510 b,TOI-7510,1,3,2025,Transit,Transiting Exoplanet Survey Satellite (TESS),11.530869,0.1019,7.31,18.1,878,5720,249.006
TOI-7510 c,TOI-7510,1,3,2025,Transit,Transiting Exoplanet Survey Satellite (TESS),22.5687423,0.1595,10.81,131,702,5720,249.006
TOI-7510 d,TOI-7510,1,3,2025,Transit,Transiting Exoplanet Survey Satellite (TESS),48.864468,0.2672,10.52,190,542.4,5720,249.006
TOI-756 b,TOI-756,1,2,2025,Transit,Transiting Exoplanet Survey Satellite (TESS),1.2392495,0.018,2.81,9.83,934,3657,86.1759
TOI-756 c,TOI-756,1,2,2025,Radial Velocity,La Silla Observatory,149.4,0.439,,1287.205048,194,3657,86.1759
TOI-757 b,TOI-757,1,1,2024,Transit,Transiting Exoplanet Survey Satellite (TESS),17.46819,0.122,2.5,10.5,641,5278,60.3418
TOI-762 A b,TOI-762 A,2,1,2024,Transit,Transiting Exoplanet Survey Satellite (TESS),3.4716826,0.03418,8.33948164,79.77493016,555.4,3266,98.4458
TOI-763 b,TOI-763,1,2,2020,Transit,Transiting Exoplanet Survey Satellite (TESS),5.6057,0.06,2.28,9.79,1038,5450,95.1274
TOI-763 c,TOI-763,1,2,2020,Transit,Transiting Exoplanet Survey Satellite (TESS),12.2737,0.1011,2.63,9.32,800,5450,95.1274
TOI-771 b,TOI-771,1,2,2024,Transit,Transiting Exoplanet Survey Satellite (TESS),2.3260155,0.0208,1.36,2.47,543,3370,25.2788
TOI-771 c,TOI-771,1,2,2025,Radial Velocity,Paranal Observatory,7.61,0.046,,2.87,365,3370,25.2788
TOI-776 b,TOI-776,1,2,2020,Transit,Transiting Exoplanet Survey Satellite (TESS),8.24662,0.0653,1.798,5,520,3725,27.1701
TOI-776 c,TOI-776,1,2,2020,Transit,Transiting Exoplanet Survey Satellite (TESS),15.665323,0.1001,2.047,6.9,420,3725,27.1701
TOI-778 b,TOI-778,1,1,2023,Transit,Transiting Exoplanet Survey Satellite (TESS),4.633611,0.06,15.4,878,1561,6643,161.743
TOI-782 b,TOI-782,1,1,2024,Transit,Transiting Exoplanet Survey Satellite (TESS),8.0240015,0.0578,2.734,19.1,435,3370,52.5122
TOI-784 b,HD 307842,1,1,2023,Transit,Transiting Exoplanet Survey Satellite (TESS),2.7970365,0.038,1.93,9.67,,5558,64.5997
TOI-791 b,TOI-791,1,2,2026,Transit,Transiting Exoplanet Survey Satellite (TESS),139.29931,0.602,11.13051784,9.5,434.3,6294,341.221
TOI-791 c,TOI-791,1,2,2026,Transit,Transiting Exoplanet Survey Satellite (TESS),232.0157,0.863,12.94637271,18.6,362.8,6294,341.221
TOI-799 b,TOI-799,1,1,2026,Transit,Transiting Exoplanet Survey Satellite (TESS),5.545191397,,2.06631784,,,5662.81,158.526
TOI-808 b,TOI-808,1,1,2026,Transit,Transiting Exoplanet Survey Satellite (TESS),9.73944854,,2.20344362,,,5078.2,98.1848
TOI-813 b,TOI-813,1,1,2020,Transit,Transiting Exoplanet Survey Satellite (TESS),83.8911,0.423,6.71,,610,5907,263.145
TOI-815 b,TOI-815,2,2,2024,Transit,Transiting Exoplanet Survey Satellite (TESS),11.197259,0.0903,2.94,7.6,686,4869,59.7117
TOI-815 c,TOI-815,2,2,2024,Transit,Transiting Exoplanet Survey Satellite (TESS),34.976145,0.193,2.62,23.5,469,4869,59.7117
TOI-824 b,TOI-824,1,1,2020,Transit,Transiting Exoplanet Survey Satellite (TESS),1.392978,0.02177,2.926,18.467,1253,4600,63.9262
TOI-833 b,TOI-833,1,1,2022,Transit,Transiting Exoplanet Survey Satellite (TESS),1.0418777,0.0171,1.27,,1118,3920,41.7148
TOI-836 b,TOI-836,1,2,2023,Transit,Transiting Exoplanet Survey Satellite (TESS),3.81673,0.0422,1.704,4.53,871,4552,27.5024
TOI-836.01,TOI-836,1,2,2021,Transit,Transiting Exoplanet Survey Satellite (TESS),8.59545,0.075,2.587,9.6,665,4552,27.5024
TOI-837 b,TOI-837,1,1,2020,Transit,Transiting Exoplanet Survey Satellite (TESS),8.3249113,0.0888,9.16894621,120.4569663,995.3,5995,142.488
TOI-849 b,TOI-849,1,1,2020,Transit,Transiting Exoplanet Survey Satellite (TESS),0.765548,0.0155,3.64,41.8,,5257,225.734
TOI-858 B b,TOI-858 B,2,1,2023,Transit,Transiting Exoplanet Survey Satellite (TESS),3.2797178,0.04435,14.06727078,349.6112477,1529,5842,250.489
TOI-871 b,TOI-871,1,1,2024,Transit,Transiting Exoplanet Survey Satellite (TESS),14.362565,0.1054,1.664,,621,4929,68.0473
TOI-880 c,TOI-880,1,2,2025,Transit,Transiting Exoplanet Survey Satellite (TESS),6.3872703,0.0635,4.95,,805,5050,60.6679
TOI-880.02,TOI-880,1,2,2024,Transit,Transiting Exoplanet Survey Satellite (TESS),2.57571,0.0349,2.19,,1085,5050,60.6679
TOI-883 b,TOI-883,1,1,2026,Transit,Transiting Exoplanet Survey Satellite (TESS),10.05771849,,7.17166228,,,5713.15,102.637
TOI-892 b,TOI-892,1,1,2020,Transit,Transiting Exoplanet Survey Satellite (TESS),10.62656,0.092,11.99363,301.9385,1397,6261,340.543
TOI-904 b,TOI-904,1,2,2023,Transit,Transiting Exoplanet Survey Satellite (TESS),10.8772,0.056,2.426,,429.43,3770.2,46.0891
TOI-904 c,TOI-904,1,2,2023,Transit,Transiting Exoplanet Survey Satellite (TESS),83.9997,0.312,2.167,,217.26,3770.2,46.0891
TOI-905 b,TOI-905,1,1,2020,Transit,Transiting Exoplanet Survey Satellite (TESS),3.739494,0.04666,13.125739,211.99261,1192,5570,158.649
TOI-907.01,TOI-907,1,1,2024,Transit,Transiting Exoplanet Survey Satellite (TESS),4.5849129,0.055225481,9.6158851,,1846.6,6272,312.529
TOI-908 b,TOI-908,1,1,2023,Transit,Transiting Exoplanet Survey Satellite (TESS),3.183792,0.041657,3.186,16.137,1317,5626,175.748
TOI-912 b,TOI-912,1,1,2025,Transit,Transiting Exoplanet Survey Satellite (TESS),4.6780691,0.041,1.93,5.1,551,3572,26.1072
TOI-913 b,TOI-913,1,1,2023,Transit,Transiting Exoplanet Survey Satellite (TESS),11.098644,,2.4528,,712.01,4969,65.1769
TOI-921 b,TOI-921,1,1,2026,Transit,Transiting Exoplanet Survey Satellite (TESS),5.128719076,,3.53409617,,,6011.66,294.015
TOI-929 b,TOI-929,1,1,2026,Transit,Transiting Exoplanet Survey Satellite (TESS),5.830153669,,2.68983343,,,4457.16,114.421
TOI-938 b,TOI-938,1,1,2026,Transit,Transiting Exoplanet Survey Satellite (TESS),8.807338822,,4.82401567,,,5829.42,215.034
TOI-941 b,TOI-941,1,1,2026,Transit,Transiting Exoplanet Survey Satellite (TESS),8.514608888,,6.51165317,,,5745.88,263.386
TOI-942 b,TOI-942,1,2,2020,Transit,Transiting Exoplanet Survey Satellite (TESS),4.32421,0.04866,3.89,,,,152.601
TOI-942 c,TOI-942,1,2,2020,Transit,Transiting Exoplanet Survey Satellite (TESS),10.156272,0.08598,4.67,,,,152.601
TOI-954 b,TOI-954,1,1,2020,Transit,Transiting Exoplanet Survey Satellite (TESS),3.6849729,0.04963,9.550068,55.30242,1526,5710,238.768
TOI-969 b,TOI-969,1,2,2022,Transit,Transiting Exoplanet Survey Satellite (TESS),1.8237305,0.02636,2.765,9.1,941,4435,77.2554
TOI-969 c,TOI-969,1,2,2022,Radial Velocity,Multiple Observatories,1700,2.52,,3591.460999,96.4,4435,77.2554
TRAPPIST-1 b,TRAPPIST-1,1,7,2016,Transit,La Silla Observatory,1.510826,0.01154,1.116,1.374,,2566,
TRAPPIST-1 c,TRAPPIST-1,1,7,2016,Transit,La Silla Observatory,2.421937,0.0158,1.097,1.308,,2566,
TRAPPIST-1 d,TRAPPIST-1,1,7,2016,Transit,La Silla Observatory,4.049219,0.02227,0.788,0.388,,2566,
TRAPPIST-1 e,TRAPPIST-1,1,7,2017,Transit,Multiple Observatories,6.101013,0.02925,0.92,0.692,,2566,
TRAPPIST-1 f,TRAPPIST-1,1,7,2017,Transit,Multiple Observatories,9.20754,0.03849,1.045,1.039,,2566,
TRAPPIST-1 g,TRAPPIST-1,1,7,2017,Transit,Multiple Observatories,12.352446,0.04683,1.129,1.321,,2566,
TRAPPIST-1 h,TRAPPIST-1,1,7,2017,Transit,Multiple Observatories,18.772866,0.06189,0.755,0.326,,2566,
TWA 7 b,TWA 7,1,1,2025,Imaging,James Webb Space Telescope (JWST),,52,,108.0616584,316,,33.9958
TYC 0434-04538-1 b,TYC 0434-04538-1,1,1,2021,Radial Velocity,Multiple Observatories,193.2,0.66,,1938.763,,4679,613.422
TYC 1422-614-1 b,TYC 1422-614-1,1,2,2014,Radial Velocity,Multiple Observatories,198.4,0.69,,794.5,,4806,672.41
TYC 1422-614-1 c,TYC 1422-614-1,1,2,2014,Radial Velocity,Multiple Observatories,559.3,1.37,,3178,,4806,672.41
TYC 2187-512-1 b,TYC 2187-512-1,1,1,2022,Radial Velocity,Calar Alto Observatory,691.9,1.22,,104.8833743,,3734,15.4744
TYC 3318-01333-1 b,TYC 3318-01333-1,1,1,2018,Radial Velocity,Multiple Observatories,562,1.414,,1086.9786,,4776,490.61
TYC 3667-1280-1 b,TYC 3667-1280-1,1,1,2016,Radial Velocity,McDonald Observatory,26.468,0.21,,1716.282,1350,5130,477.516
TYC 4282-00605-1 b,TYC 4282-00605-1,1,1,2017,Radial Velocity,Roque de los Muchachos Observatory,101.54,0.422,,3426.2074,,4300,464.128
TYC 8998-760-1 b,TYC 8998-760-1,1,2,2020,Imaging,Paranal Observatory,,146,,,,,94.6177
TYC 8998-760-1 c,TYC 8998-760-1,1,2,2020,Imaging,Paranal Observatory,,320,12.3299,1906.98,1240,,94.6177
Teegarden's Star b,Teegarden's Star,1,3,2019,Radial Velocity,Calar Alto Observatory,4.90634,0.0259,,1.16,277,3034,3.83078
Teegarden's Star c,Teegarden's Star,1,3,2019,Radial Velocity,Calar Alto Observatory,11.416,0.0455,,1.05,209,3034,3.83078
Teegarden's Star d,Teegarden's Star,1,3,2024,Radial Velocity,Multiple Observatories,26.13,0.0791,,0.82,159,3034,3.83078
TrES-1 b,TrES-1,2,1,2004,Transit,TrES,3.03007,,12.66617,266.9772,,5230,159.658
TrES-2 b,TrES-2,2,1,2006,Transit,TrES,2.47063,,15.24424,473.5667,,5850,215.32
TrES-3 b,TrES-3,1,1,2007,Transit,TrES,1.30618581,0.02282,14.975,607.03,,5650,231.337
TrES-4 b,TrES-4,2,1,2007,Transit,TrES,3.55395,,18.04649,247.9074,,6200,515.98
TrES-5 b,TrES-5,1,1,2011,Transit,TrES,1.48224686,0.02459,13.383546,568.9157,1480,5171,360.313
UCAC3 113-933 b,UCAC3 113-933,1,1,2024,Imaging,Multiple Observatories,,6100,,6674.396547,,,52.5829
UCAC4 328-061594 b,UCAC4 328-061594,1,1,2024,Imaging,Multiple Observatories,,19000,,6674.396547,,,39.9089
UKIRT-2017-BLG-001L b,UKIRT-2017-BLG-001L,1,1,2018,Microlensing,Mauna Kea Observatory,,4.18,,407,,,6300
USco CTIO 108 b,USco CTIO 108,1,1,2008,Imaging,Teide Observatory,,670,,4449.62,,2700,144.019
USco1556 b,USco1556 A,1,1,2019,Imaging,Multiple Observatories,,3500,,4767.45,2240,3410,140.635
USco1621 b,USco1621 A,1,1,2019,Imaging,Multiple Observatories,,2880,,5085.28,2270,3460,137.901
UZ For b,UZ For,2,2,2011,Eclipse Timing Variations,Multiple Observatories,5840,5.9,,2002.2,,,
UZ For c,UZ For,2,2,2011,Eclipse Timing Variations,Multiple Observatories,1916.25,2.8,,2447.2,,,
V0391 Peg b,V0391 Peg,1,1,2007,Pulsation Timing Variations,Multiple Observatories,1170,1.7,,1017.056,,29300,1195.98
V1298 Tau b,V1298 Tau,3,4,2019,Transit,K2,24.140006,0.1685,9.41,13.1,666,4970,108.199
V1298 Tau c,V1298 Tau,3,4,2019,Transit,K2,8.249164,0.0824,5.08,4.7,953,4970,108.199
V1298 Tau d,V1298 Tau,3,4,2019,Transit,K2,12.401394,0.1081,6.53,6,831,4970,108.199
V1298 Tau e,V1298 Tau,3,4,2019,Transit,K2,48.677714,0.2689,10.17,15.3,527,4970,108.199
V2376 Ori b,V2376 Ori,1,1,2025,Imaging,Multiple Observatories,,71,87.20586985,6356.56814,2100,,
V830 Tau b,V830 Tau,1,1,2016,Radial Velocity,Multiple Observatories,4.927,0.057,,222.481,,4250,130.111
VHS J125601.92-125723.9 b,VHS J125601.92-125723.9,2,1,2015,Imaging,Paranal Observatory,5800000.00000000000,350,13.67495645,5085.254512,1194,,
WASP-1 b,WASP-1,2,1,2007,Transit,SuperWASP,2.5199454,0.03889,16.623,271.415,,,393.072
WASP-10 b,WASP-10,1,1,2008,Transit,SuperWASP,3.0927616,0.03781,12.106,1001.12,1370,4675,140.998
WASP-100 b,WASP-100,2,1,2014,Transit,SuperWASP,2.84938,,14.90797,400.4658,,6900,364.411
WASP-101 b,WASP-101,1,1,2014,Transit,SuperWASP,3.58572,,16.02887,162.0933,,6380,201.224
WASP-102 b,WASP-102,1,1,2025,Transit,SuperWASP,2.709813,0.041,14.90794433,197.6892692,1671,5990,535.689
WASP-103 b,WASP-103,1,1,2014,Transit,SuperWASP,0.925542,0.01985,17.127,473.547,2508,6110,375.647
WASP-104 b,WASP-104,2,1,2014,Transit,SuperWASP,1.7554137,0.02918,12.745,404.263,1516,5475,185.932
WASP-105 b,WASP-105,1,1,2017,Transit,SuperWASP-South,7.87288,0.075,10.76064,572.094,900,5070,169.272
WASP-106 b,WASP-106,1,1,2014,Transit,SuperWASP,9.28969,0.0901,12.10569916,613.4088255,,6002,352.181
WASP-107 b,WASP-107,1,2,2017,Transit,SuperWASP-South,5.7214875,,10.48039695,33.02237149,,,64.7414
WASP-107 c,WASP-107,1,2,2020,Radial Velocity,Multiple Observatories,1091,,,,,,64.7414
WASP-108 b,WASP-108,1,1,2020,Transit,Transiting Exoplanet Survey Satellite (TESS),,,15.13212395,,1589,,258.777
WASP-11 b,WASP-11,3,1,2008,Transit,SuperWASP,3.72247,,12.44199,251.0857,,4800,124.73
WASP-110 b,WASP-110,1,1,2021,Transit,Paranal Observatory,3.7784022,,13.19297028,154.7824342,1158,5392,274.96
WASP-113 b,WASP-113,1,1,2016,Transit,SuperWASP-North,4.542168745,0.05885,15.793481,150.96925,1496,5890,435.156
WASP-114 b,WASP-114,2,1,2016,Transit,SuperWASP-North,1.5487743,0.02851,15.008851,562.24127,2043,5940,523.337
WASP-116 b,WASP-116,1,1,2025,Transit,SuperWASP,6.6132,0.065,13.67495645,203.4101805,1414,6250,559.243
WASP-117 b,WASP-117,1,1,2014,Transit,SuperWASP,10.02165,,11.88154,95.349,,6040,157.963
WASP-118 b,WASP-118,1,1,2016,Transit,SuperWASP,4.0460435,0.05453,16.14096,163.36462,1729,6410,376.658
WASP-119 b,WASP-119,1,1,2016,Transit,SuperWASP-South,2.49979,0.0363,15.6926,390.9309,1600,5650,302.448
WASP-12 b,WASP-12,3,1,2008,Transit,SuperWASP,1.091418901,0.0234,22.02564708,,,6265,427.246
WASP-120 b,WASP-120,1,1,2016,Transit,SuperWASP,,,15.58048317,,1749,,381.174
WASP-121 b,WASP-121,1,1,2016,Transit,SuperWASP,1.27492504,0.02571,19.52604438,371.8592362,2409,6628,269.898
WASP-123 b,WASP-123,2,1,2016,Transit,SuperWASP,,,15.13212395,,1500,,197.996
WASP-124 b,WASP-124,1,1,2016,Transit,SuperWASP-South,3.37265,0.0449,13.89916,190.698,1400,6050,448.637
WASP-126 b,WASP-126,1,1,2016,Transit,SuperWASP-South,3.28883,,,90.3,,5800,216.526
WASP-127 b,WASP-127,2,1,2016,Transit,SuperWASP,4.17806203,0.0484,14.694999,52.346601,,,159.507
WASP-129 b,WASP-129,2,1,2016,Transit,SuperWASP-South,5.748145,0.0628,10.42437,317.83,1100,5900,301.462
WASP-13 b,WASP-13,1,1,2009,Transit,SuperWASP,4.35301,,13.67498,114.4188,,5950,227.537
WASP-130 b,WASP-130,1,1,2016,Transit,SuperWASP-South,11.55098,0.1012,9.97601,390.9309,833,5625,172.256
WASP-131 b,WASP-131,1,1,2016,Transit,SuperWASP-South,5.3220125,0.0608,13.74221034,86.76715511,,5990,200.075
WASP-132 b,WASP-132,1,3,2016,Transit,SuperWASP-South,7.1335164,0.0674,10.09929161,136.0305582,682,4686,122.91
WASP-132 c,WASP-132,1,3,2022,Transit,Transiting Exoplanet Survey Satellite (TESS),1.01153624,0.01833,1.841,6.26,1329,4686,122.91
WASP-132 d,WASP-132,1,3,2024,Radial Velocity,Multiple Observatories,1816.6,2.71,,1639.99458,107,4686,122.91
WASP-133 b,WASP-133,1,1,2016,Transit,SuperWASP-South,2.176423,0.0345,13.56289,368.6828,1790,5700,559.084
WASP-135 b,WASP-135,1,1,2015,Transit,SuperWASP,1.4013794,0.0243,14.5717,603.877,,5675,298.214
WASP-136 b,WASP-136,1,1,2016,Transit,SuperWASP,,,16.81347105,,1630,,275.587
WASP-138 b,WASP-138,1,1,2016,Transit,SuperWASP,3.634433,0.0494,12.21781,387.7526,1590,6272,414.234
WASP-139 b,WASP-139,2,1,2016,Transit,SuperWASP-South,5.924262,0.062,8.9672,37.18611,910,5310,212.472
WASP-14 b,WASP-14,3,1,2008,Transit,SuperWASP,2.24375,,15.46842,2809.6172,,6475,161.997
WASP-140 b,WASP-140,2,1,2016,Transit,SuperWASP-South,,,14.23540549,,1270,5300,117.598
WASP-141 b,WASP-141,1,1,2016,Transit,SuperWASP-South,3.310651,0.0469,13.56289,854.9627,1540,5900,516.543
WASP-142 b,WASP-142,1,1,2016,Transit,SuperWASP-South,2.052868,0.0347,17.14977,266.9772,2000,6010,730.933
WASP-144 b,WASP-144,1,1,2018,Transit,SuperWASP-South,2.2783152,0.0316,9.52765,139.8452,1260,5200,355.513
WASP-145 A b,WASP-145 A,2,1,2018,Transit,SuperWASP-South,1.7690381,0.0261,10.0881,282.8687,1200,4900,91.299
WASP-147 b,WASP-147,1,1,2018,Transit,SuperWASP-South,4.60273,0.0549,12.498035,87.40325,1404,5702,436.098
WASP-148 b,WASP-148,1,2,2020,Transit,SuperWASP-North,8.803809,0.08215,8.47398941,91.21675281,,5555,246.353
WASP-148 c,WASP-148,1,2,2020,Radial Velocity,Haute-Provence Observatory,34.524,0.2044,,124.5887355,,5555,246.353
WASP-149 b,WASP-149,1,1,2025,Transit,SuperWASP,1.332813,0.024,15.24421375,314.9679513,1855,5750,211.73
WASP-15 b,WASP-15,1,1,2009,Transit,SuperWASP,3.7521,,15.80469,171.6282,,6300,282.091
WASP-150 b,WASP-150,1,1,2020,Transit,SuperWASP-North,5.644207,0.0694,11.99363,2688.8418,1460,6218,527.995
WASP-151 b,WASP-151,1,1,2017,Transit,SuperWASP-South,4.5334775,0.055,13.30506009,100.4337766,1312,,453.099
WASP-153 b,WASP-153,1,1,2017,Transit,SuperWASP,3.332609,0.048,17.37395,123.9537,1700,5914,610.176
WASP-154 b,WASP-154,1,1,2025,Transit,SuperWASP,3.811678,0.044,10.76062147,198.9605828,994,4774,215.501
WASP-155 b,WASP-155,1,1,2025,Transit,SuperWASP,3.110413,0.043,13.45077684,276.8285425,1468,5660,399.63
WASP-156 b,WASP-156,1,1,2017,Transit,SuperWASP,3.8361629,0.046,6.15,42,,5036,122.066
WASP-157 b,WASP-157,1,1,2016,Transit,SuperWASP,3.951623,0.0499,11.19,,1193,5772,334.037
WASP-158 b,WASP-158,1,1,2018,Transit,SuperWASP-South,3.656333,0.0517,11.99363,886.7457,1590,6350,524.993
WASP-159 b,WASP-159,1,1,2018,Transit,SuperWASP-South,3.840401,0.0538,15.46842,174.8065,1850,6120,715.383
WASP-16 b,WASP-16,1,1,2009,Transit,SuperWASP,3.1186,,13.67498,394.1092,,5700,194.134
WASP-160 B b,WASP-160 B,2,1,2018,Transit,SuperWASP-South,3.7684952,0.0452,12.21781,88.35674,1119,5298,288.326
WASP-161 b,WASP-161,1,1,2018,Transit,SuperWASP-South,5.4060425,0.0673,12.811887,791.3967,1557,6400,343.08
WASP-162 b,WASP-162,1,1,2018,Transit,SuperWASP-South,9.62468,0.0871,11.209,1652.716,910,5300,310.841
WASP-163 b,WASP-163,1,1,2018,Transit,SuperWASP-South,1.6096884,0.0266,13.473218,594.3421,1638,5500,261.386
WASP-164 b,WASP-164,1,1,2018,Transit,SuperWASP-South,1.7771255,0.02818,12.643752,676.9779,1610,5806,327.506
WASP-165 b,WASP-165,1,1,2018,Transit,SuperWASP-South,3.465509,0.04823,14.12334,209.13214,1624,5599,602.236
WASP-166 b,WASP-166,1,1,2019,Transit,WASP-South,5.44354,0.0641,7.06167,32.10083,1270,6050,114.173
WASP-167 b,WASP-167,1,1,2017,Transit,Multiple Observatories,2.0219596,0.0365,17.71022,2542.64,2329,7000,423.552
WASP-168 b,WASP-168,2,1,2018,Transit,SuperWASP-South,4.153658,0.0519,16.8135,133.4886,1340,6000,303.941
WASP-169 b,WASP-169,1,1,2019,Transit,WASP-South,5.6114118,0.0681,14.616536,178.30263,1604,6110,627.066
WASP-17 b,WASP-17,1,1,2009,Transit,SuperWASP,3.73543,,20.96083,247.9074,,6550,405.908
WASP-170 b,WASP-170,1,1,2018,Transit,SuperWASP-South,2.34478022,0.0337,12.285064,508.528,1422,5600,305.603
WASP-171 b,WASP-171,1,1,2019,Transit,WASP-South,3.8186244,0.0504,10.98482,344.52772,1642,5965,757.84
WASP-172 b,WASP-172,1,1,2018,Transit,SuperWASP-South,5.477433,0.0694,17.59813,149.3801,1740,6900,538.11
WASP-173 A b,WASP-173 A,2,1,2018,Transit,SuperWASP-South,1.38665318,0.0248,13.4508,1172.7927,1880,5800,232.98
WASP-174 b,WASP-174,1,1,2018,Transit,SuperWASP-South,4.2337005,0.05503,16.10730527,104.8833743,1528,6399,410.149
WASP-175 b,WASP-175,1,1,2019,Transit,WASP-South,3.0652907,0.04403,13.540472,314.6517,1571,6229,539.36
WASP-176 b,WASP-176,1,1,2020,Transit,SuperWASP-North,3.899052,0.0535,16.869545,271.74465,1721,5941,568.42
WASP-177 b,WASP-177,1,1,2019,Transit,SuperWASP,3.071722,0.03957,17.71022,161.45764,1142,5017,176.818
WASP-178 b,WASP-178,1,1,2019,Transit,WASP-South,3.3448285,0.0558,20.28829,527.5978,2470,9360,427.678
WASP-18 b,WASP-18,2,1,2009,Transit,SuperWASP,0.94145223,0.02024,13.89913607,3241.849751,2429,6432,123.483
WASP-180 A b,WASP-180 A,2,1,2019,Transit,SuperWASP,3.409264,0.048,13.89916,286.047,1540,6600,253.985
WASP-181 b,WASP-181,1,1,2019,Transit,SuperWASP,4.5195064,0.05427,13.271456,95.03117,1186,5839,437.495
WASP-182 b,WASP-182,1,1,2019,Transit,WASP-South,3.3769848,0.0451,9.52765,47.03884,1479,5638,327.602
WASP-183 b,WASP-183,1,1,2019,Transit,SuperWASP,4.1117771,0.04632,16.47723,159.55066,1111,5313,325.377
WASP-184 b,WASP-184,1,1,2019,Transit,WASP-South,5.1817,0.0627,14.90797,181.1631,1480,6000,663.231
WASP-185 b,WASP-185,1,1,2019,Transit,WASP-South,9.38755,0.0904,14.01125,311.4734,1160,5900,279.35
WASP-186 b,WASP-186,1,1,2020,Transit,SuperWASP,5.026799,0.06,12.44199,1341.2426,,6361,278.514
WASP-187 b,WASP-187,1,1,2020,Transit,SuperWASP,5.147878,0.0653,18.38276,254.264,,6150,371.414
WASP-188 b,WASP-188,1,1,2025,Transit,SuperWASP,5.748916,0.072,14.81827249,458.6263913,1666,6850,675.281
WASP-189 b,WASP-189,1,1,2020,Transit,CHaracterising ExOPlanets Satellite (CHEOPS),2.724033,0.05053,18.14733975,632.4785299,3353,8000,99.731
WASP-19 b,WASP-19,1,1,2009,Transit,SuperWASP,0.78883852,0.01652,15.86070769,366.7739817,2113,5616,268.325
WASP-190 b,WASP-190,1,1,2019,Transit,WASP-South,5.367753,0.0663,12.89035,317.83,1500,6400,542.251
WASP-192 b,WASP-192,1,1,2019,Transit,WASP-South,2.8786765,0.0408,13.78707,731.009,1620,5910,508.885
WASP-193 b,WASP-193,2,1,2023,Transit,WASP-South,6.2463475,0.0668,14.78464554,35.59678158,1250,6080,362.087
WASP-194 b,WASP-194,1,1,2025,Transit,SuperWASP,3.183387,0.047,15.47960235,373.1305498,1693,6405,476.831
WASP-195 b,WASP-195,1,1,2025,Transit,SuperWASP,5.051928,0.063,10.31226224,33.05415433,1522,6300,484.852
WASP-197 b,WASP-197,1,1,2025,Transit,SuperWASP,5.167228,0.065,14.44837612,403.3242485,1665,6050,483.675
WASP-2 b,WASP-2,2,1,2007,Transit,SuperWASP,2.152175,0.03144,12.116929,295.89973,1311,5180,153.242
WASP-20 b,WASP-20,2,1,2015,Transit,SuperWASP,,,15.46839337,,1362,,211.877
WASP-21 b,WASP-21,1,1,2010,Transit,SuperWASP,4.322482,0.052,11.99,95.345,,,258.426
WASP-22 b,WASP-22,1,1,2010,Transit,SuperWASP,3.53269,,13.78707,212.9461,,6000,317.652
WASP-23 b,WASP-23,1,1,2010,Transit,SuperWASP,2.9444256,0.0376,10.783,280.95,,5150,207.49
WASP-24 b,WASP-24,3,1,2010,Transit,SuperWASP,2.34121,,15.46842,394.1092,,6075,322.114
WASP-25 b,WASP-25,1,1,2010,Transit,SuperWASP,3.7648337,,13.80946422,179.2552216,1217,5697,211.416
WASP-26 b,WASP-26,2,1,2010,Transit,SuperWASP,2.7566,,13.56289,270.1555,,6034,252.759
WASP-28 b,WASP-28,1,1,2014,Transit,SuperWASP,3.40883495,0.0442,13.66374747,282.5494538,1456,,348.494
WASP-29 b,WASP-29,1,1,2010,Transit,SuperWASP,3.92273,,8.63093,73.1009,,4800,87.5953
WASP-3 b,WASP-3,3,1,2007,Transit,SuperWASP,1.84683,,15.91678,772.3269,,6400,231.161
WASP-31 b,WASP-31,1,1,2010,Transit,SuperWASP,3.4059096,0.04659,17.363,151.916,,6302,383.829
WASP-32 b,WASP-32,1,1,2010,Transit,SuperWASP,2.71866,,10.76064,835.8929,,6140,275.994
WASP-33 b,WASP-33,2,1,2010,Transit,SuperWASP,1.21987,0.0239,17.855937,665.21819,2781.7,7430,121.944
WASP-34 b,WASP-34,1,1,2010,Transit,SuperWASP,4.31768,,11.209,177.9848,,5700,132.096
WASP-35 b,WASP-35,1,1,2011,Transit,SuperWASP,3.16158,,14.5717,225.6593,,5990,202.218
WASP-36 b,WASP-36,2,1,2011,Transit,SuperWASP,1.53736596,0.02677,14.874343,750.39663,1733,5959,386.346
WASP-37 b,WASP-37,1,1,2010,Transit,SuperWASP,3.577469,0.0446,13.002,572.07,,5800,392.791
WASP-38 b,WASP-38,1,1,2010,Transit,SuperWASP,6.87188,,13.78707,1093.3352,,6180,136.24
WASP-39 b,WASP-39,1,1,2011,Transit,SuperWASP,4.0552941,0.04828,14.336311,89.31023,1166,5485,213.982
WASP-4 b,WASP-4,1,1,2007,Transit,SuperWASP,1.338230994,0.02261,15.12091496,381.3940884,1653,,267.206
WASP-41 b,WASP-41,1,2,2011,Transit,SuperWASP,3.0524,,12.3299,270.1555,,5545,163.371
WASP-41 c,WASP-41,1,2,2015,Radial Velocity,La Silla Observatory,421,1.07,,1010.6994,241,5545,163.371
WASP-42 b,WASP-42,1,1,2012,Transit,SuperWASP,4.9816819,0.0561,12.576498,167.49641,1021,5315,177.291
WASP-43 b,WASP-43,1,1,2011,Transit,SuperWASP,0.813475,0.0142,10.424,565.714,,4400,86.7467
WASP-44 b,WASP-44,1,1,2011,Transit,SuperWASP,2.423804,0.03453,12.3299,276.5121,1337,5420,364.512
WASP-45 b,WASP-45,2,1,2011,Transit,SuperWASP,3.126089,0.03963,10.603714,306.38812,1153,5150,211.196
WASP-46 b,WASP-46,1,1,2011,Transit,SuperWASP,1.43036763,0.02335,13.159366,607.0553,1636,5600,375.31
WASP-47 b,WASP-47,1,4,2012,Transit,SuperWASP,4.159151,,12.86,374,,,264.78
WASP-47 c,WASP-47,1,4,2015,Radial Velocity,La Silla Observatory,589.57,,,447,,,264.78
WASP-47 d,WASP-47,1,4,2015,Transit,K2,9.030501,,3.65,15.5,,,264.78
WASP-47 e,WASP-47,1,4,2015,Transit,K2,0.78961,,1.83,9,,,264.78
WASP-48 b,WASP-48,1,1,2011,Transit,SuperWASP,2.14363,,16.8135,254.264,,5920,454.144
WASP-49 b,WASP-49,2,1,2012,Transit,SuperWASP,2.78174,,12.44199,117.5971,,5600,194.553
WASP-5 b,WASP-5,1,1,2008,Transit,SuperWASP,1.6284279,0.0267,12.184,502.15,1706,5700,309.137
WASP-50 b,WASP-50,1,1,2011,Transit,SuperWASP,1.9551,0.0293,13.069694,466.828704,1394.84,5400,184.848
WASP-52 b,WASP-52,1,1,2012,Transit,SuperWASP,1.7497798,0.0272,14.24,146.2,1315,5000,174.818
WASP-53 b,WASP-53,1,2,2017,Transit,Multiple Facilities,3.3098443,0.04101,12.038466,677.61356,1053,4953,201.338
WASP-53 c,WASP-53,1,2,2017,Radial Velocity,Multiple Facilities,2840,3.73,,5196.5205,,4953,201.338
WASP-54 b,WASP-54,2,1,2012,Transit,SuperWASP,3.69364,,17.71022,187.5197,,6100,251.303
WASP-55 b,WASP-55,2,1,2012,Transit,SuperWASP,4.465631,,14.72860064,186.2474465,1342,6096,297.462
WASP-56 b,WASP-56,2,1,2012,Transit,SuperWASP,4.6171,,10.53646,143.0235,,5600,321.084
WASP-57 b,WASP-57,1,1,2012,Transit,SuperWASP,2.83891856,0.03769,11.76945,204.68252,1338,5600,398.276
WASP-58 b,WASP-58,2,1,2012,Transit,SuperWASP,5.01718,,16.02887,308.2951,,5800,290.404
WASP-59 b,WASP-59,1,1,2012,Transit,SuperWASP,7.919585,0.0697,8.687,274.276,670,4650,115.936
WASP-6 b,WASP-6,1,1,2009,Transit,SuperWASP,3.3610026,,12.5428494,148.4258661,1167,5438,197.119
WASP-60 b,WASP-60,1,1,2012,Transit,SuperWASP,4.305,,9.86392,174.8065,,5900,431.052
WASP-61 b,WASP-61,1,1,2012,Transit,SuperWASP,3.8559,,15.80469,851.7844,,6250,488.66
WASP-62 b,WASP-62,1,1,2012,Transit,SuperWASP,4.41195,,14.79588,165.2716,,6230,175.631
WASP-63 b,WASP-63,1,1,2012,Transit,SuperWASP,4.37808,,15.80469,117.5971,,5550,290.684
WASP-64 b,WASP-64,2,1,2012,Transit,SuperWASP,1.5732918,0.02648,14.247,403.945,1689,5400,369.926
WASP-65 b,WASP-65,1,1,2013,Transit,SuperWASP,2.3114243,0.0334,12.464,492.62,1480,5600,273.703
WASP-66 b,WASP-66,1,1,2012,Transit,SuperWASP,4.08605,,15.6926,746.9005,,6600,500.258
WASP-67 b,WASP-67,1,1,2012,Transit,SuperWASP,4.61442,,12.89035,136.6669,,5200,189.469
WASP-68 b,WASP-68,2,1,2014,Transit,SuperWASP,5.0843,,14.79588,343.2564,,5910,226.399
WASP-69 b,WASP-69,1,1,2014,Transit,SuperWASP,3.86813881,0.0453,11.21,82.58,971,4792,49.9605
WASP-7 b,WASP-7,1,1,2008,Transit,SuperWASP,4.9546416,0.0617,14.90797,305.1168,1487,6400,162.303
WASP-70 A b,WASP-70 A,2,1,2014,Transit,SuperWASP,3.7130203,0.04853,13.047,187.512,1387,5763,222.355
WASP-71 b,WASP-71,1,1,2012,Transit,SuperWASP,2.90367,,13.22662,441.7837,,6050,362.715
WASP-72 b,WASP-72,1,1,2012,Transit,SuperWASP,2.21673,,14.45961,731.009,,6250,434.754
WASP-73 b,WASP-73,1,1,2014,Transit,SuperWASP,4.08722,,15.91678,908.9938,,6030,316.678
WASP-74 b,WASP-74,1,1,2015,Transit,SuperWASP,2.13775,,15.24424,228.8376,,5990,149.216
WASP-75 b,WASP-75,2,1,2013,Transit,SuperWASP,2.484193,0.0375,14.235,340.06,1710,6100,294.001
WASP-76 b,WASP-76,2,1,2016,Transit,SuperWASP,1.80988198,0.033,20.78145022,284.1385959,2228,6329,194.459
WASP-77 A b,WASP-77 A,2,1,2012,Transit,SuperWASP,1.360029395,0.023233633,,529.311429,,5617,105.166
WASP-78 b,WASP-78,1,1,2012,Transit,SuperWASP,2.17518,,21.63337,352.7913,,6100,754.258
WASP-79 b,WASP-79,1,1,2012,Transit,SuperWASP,3.662392,0.0519,17.14974047,270.154146,1716.2,6600,246.69
WASP-8 b,WASP-8,2,2,2010,Transit,SuperWASP,8.15872,,12.66617,807.2882,,5600,89.9606
WASP-8 c,WASP-8,2,2,2013,Radial Velocity,SuperWASP,4323,5.28,,3003.37,,,89.9606
WASP-80 b,WASP-80,1,1,2012,Transit,SuperWASP,3.06785234,0.0344,11.197791,170.99254,825,4143,49.7876
WASP-81 b,WASP-81,1,1,2017,Transit,Multiple Facilities,2.7164762,0.03908,16.017661,231.69807,1623,5870,398.505
WASP-82 b,WASP-82,1,1,2015,Transit,SuperWASP,2.70579,,18.15858,371.8611,,6480,275.664
WASP-83 b,WASP-83,1,1,2015,Transit,SuperWASP,4.971252,0.059,11.65736,95.349,1120,5510,271.103
WASP-84 b,WASP-84,1,2,2014,Transit,SuperWASP,8.52349648,0.0778,10.72,220,732,,100.588
WASP-84 c,WASP-84,1,2,2023,Transit,Transiting Exoplanet Survey Satellite (TESS),1.4468849,0.02359,1.95,15.2,1329,,100.588
WASP-85 A b,WASP-85 A,2,1,2016,Transit,K2,2.6556777,0.039,13.89916,402.05495,1452,6112,141.887
WASP-87 b,WASP-87,2,1,2016,Transit,Anglo-Australian Telescope,1.682795,0.02946,15.524465,692.8694,,6450,298.392
WASP-88 b,WASP-88,1,1,2014,Transit,SuperWASP,4.954,,16.36514,133.4886,,6430,523.756
WASP-89 b,WASP-89,1,1,2015,Transit,SuperWASP,3.3564227,0.0427,11.65736,1875.197,1120,5130,290.946
WASP-90 b,WASP-90,1,1,2016,Transit,SuperWASP,3.916243,0.0562,18.27067,200.2329,1840,6430,466.433
WASP-91 b,WASP-91,1,1,2017,Transit,SuperWASP-South,2.798581,0.037,11.54527,425.8922,1160,4920,149.942
WASP-92 b,WASP-92,1,1,2016,Transit,SuperWASP,2.1746742,0.0348,16.376349,255.85315,1871,6280,575.889
WASP-93 b,WASP-93,1,1,2016,Transit,SuperWASP,2.7325321,0.04211,17.900773,467.2101,1942,6700,370.284
WASP-94 A b,WASP-94 A,2,2,2014,Transit,SuperWASP,3.95019,,17.71022,158.915,,6170,211.211
WASP-94 B b,WASP-94 B,2,2,2014,Radial Velocity,SuperWASP,2.00839,0.0335,,196.411,,6040,208.696
WASP-95 b,WASP-95,1,1,2014,Transit,SuperWASP,2.18467,,13.78707,457.6752,,5830,137.544
WASP-96 b,WASP-96,1,1,2014,Transit,SuperWASP,3.4252602,0.0453,13.45,152.55,1285,5540,352.464
WASP-97 b,WASP-97,1,1,2014,Transit,SuperWASP,2.07276,,12.77826,432.2488,,5640,151.068
WASP-98 b,WASP-98,2,1,2014,Transit,SuperWASP,2.96264036,0.03762,12.823096,293.03926,1171,5473,281.742
WASP-99 b,WASP-99,1,1,2014,Transit,SuperWASP,5.75251,,11.43318,772.3269,,6150,158.66
WD 0806-661 b,WD 0806-661,1,1,2011,Imaging,Spitzer Space Telescope,,,12.10569916,2224.798849,357,10393,19.2444
WD 1856+534 b,WD 1856+534,3,1,2020,Transit,Transiting Exoplanet Survey Satellite (TESS),1.4079405,0.0204,10.4,4386.054,163,4710,24.7359
WISE J033605.05-014350.4 b,WISE J033605.05-014350.4,1,1,2023,Imaging,James Webb Space Telescope (JWST),2560,0.97,,2622.084358,325,415,
WISEP J121756.91+162640.2 A b,WISEP J121756.91+162640.2 A,1,1,2012,Imaging,W. M. Keck Observatory,,8,10.468,6992,450,575,
WISPIT 1 b,WISPIT 1,2,2,2025,Imaging,Paranal Observatory,,338,,3305.415433,,4670,230.007
WISPIT 1 c,WISPIT 1,2,2,2025,Imaging,Paranal Observatory,,840,,1684.490557,,4670,230.007
WISPIT 2 b,WISPIT 2,1,2,2025,Imaging,Paranal Observatory,,57,,1541.467774,,4400,134.907
WISPIT 2 c,WISPIT 2,1,2,2026,Imaging,Multiple Observatories,,14,17.93436912,3178.28407,2050,4530,134.907
WTS-1 b,WTS-1,1,1,2012,Transit,United Kingdom Infrared Telescope,3.352057,0.047,16.7,1274.44,1500,6250,2346.01
WTS-2 b,WTS-2,1,1,2014,Transit,United Kingdom Infrared Telescope,1.0187068,0.01855,15.277867,355.9696,2000,5000,
Wendelstein-1 b,Wendelstein-1,1,1,2020,Transit,Haleakala Observatory,2.663416,0.0282,11.5609626,188.15536,2198,4251,305.3
Wendelstein-2 b,Wendelstein-2,1,1,2020,Transit,Haleakala Observatory,1.7522239,0.0234,12.9934728,232.33373,2470,4591,565.541
Wolf 1061 b,Wolf 1061,1,3,2015,Radial Velocity,La Silla Observatory,4.8869,0.0375,,1.91,,3342,4.30592
Wolf 1061 c,Wolf 1061,1,3,2015,Radial Velocity,La Silla Observatory,17.8719,0.089,,3.41,,3342,4.30592
Wolf 1061 d,Wolf 1061,1,3,2015,Radial Velocity,La Silla Observatory,217.21,0.47,,7.7,,3342,4.30592
Wolf 1069 b,Wolf 1069,1,1,2023,Radial Velocity,Calar Alto Observatory,15.564,0.0672,,1.26,250.1,3158,9.58341
Wolf 327 b,Wolf 327,1,1,2024,Transit,Transiting Exoplanet Survey Satellite (TESS),0.5734745,0.01,1.24,2.53,996,3542,28.5321
Wolf 503 b,Wolf 503,1,1,2018,Transit,K2,6.00127,0.05706,2.043,6.26,790,4716,44.526
XO-1 b,XO-1,1,1,2006,Transit,XO,3.94153,,12.77826,263.7989,,5750,163.553
XO-2 N b,XO-2 N,2,4,2007,Transit,XO,2.61585906,0.03666,,188.7900738,,5290,154.273
XO-2 S b,XO-2 S,2,4,2014,Radial Velocity,Roque de los Muchachos Observatory,18.22,0.1347,,82.63538582,,5325,151.398
XO-2 S c,XO-2 S,2,4,2014,Radial Velocity,Roque de los Muchachos Observatory,120.059,0.4737,,438.6032017,,5325,151.398
XO-2 S d,XO-2 S,2,4,2024,Radial Velocity,Multiple Observatories,4696,5.46,,1179.14339,,5325,151.398
XO-3 b,XO-3,1,1,2007,Transit,XO,3.19152309,0.04815,14.79585452,4217.582961,1890,6970,213.053
XO-4 b,XO-4,1,1,2010,Transit,Lowell Observatory,4.12508,,14.01125,451.3186,,6397,272.655
XO-5 b,XO-5,1,1,2008,Transit,XO,4.1877558,0.0515,12.78,378.2,1230,5430,276.211
XO-6 b,XO-6,1,1,2016,Transit,XO,3.7650007,0.0815,23.20263,1398.452,1577,6720,235.479
XO-7 b,XO-7,1,1,2019,Transit,XO,2.8641424,0.04421,15.389957,225.34147,1743,6250,234.149
YZ Cet b,YZ Cet,1,3,2017,Radial Velocity,La Silla Observatory,2.02087,0.01634,,0.7,471.2,3151,3.71207
YZ Cet c,YZ Cet,1,3,2017,Radial Velocity,La Silla Observatory,3.05989,0.02156,,1.14,410.3,3151,3.71207
YZ Cet d,YZ Cet,1,3,2017,Radial Velocity,La Silla Observatory,4.65626,0.02851,,1.09,356.7,3151,3.71207
ZTF J1230-2655 b,ZTF J1230-2655,1,1,2025,Transit,Zwicky Transient Facility,0.23597766,,13.78704626,7024.007795,,10000,186.69
ZTF J1828+2308 b,ZTF J1828+2308,1,1,2025,Transit,Zwicky Transient Facility,0.1120067,,11.13051784,6356.56814,,15900,201.827
alf Ari b,alf Ari,1,1,2010,Radial Velocity,Bohyunsan Optical Astronomical Observatory,380.8,1.2,,572.07,,4553,20.21019
alf Tau b,alf Tau,2,1,2015,Radial Velocity,Multiple Observatories,628.96,1.46,,2056.3601,,4055,20.4332
b Cen AB b,b Cen A,2,1,2021,Imaging,Paranal Observatory,1790000.00000000000,556,,3464.329636,,,98.0935
bet Cnc b,bet Cnc,2,1,2014,Radial Velocity,Bohyunsan Optical Astronomical Observatory,605.2,1.7,,2479,,4092.1,89.0472
bet Pic b,bet Pic,1,3,2008,Imaging,Paranal Observatory,8682,10.07,,2765.107141,,,19.7442
bet Pic c,bet Pic,1,3,2019,Radial Velocity,La Silla Observatory,1202,2.7,,2765.107141,,,19.7442
bet Pic d,bet Pic,1,3,2026,Imaging,Paranal Observatory,33200.00000000000,26,14.12331568,762.7881768,600,,19.7442
bet UMi b,bet UMi,1,1,2014,Radial Velocity,Bohyunsan Optical Astronomical Observatory,522.3,1.4,,1938.7,,4126,38.77472
eps CrB b,eps CrB,1,1,2012,Radial Velocity,Bohyunsan Optical Astronomical Observatory,417.9,1.3,,2129.461,,4406,69.8683
eps Eri b,eps Eri,1,1,2000,Radial Velocity,Multiple Observatories,2680,3.53,,317.828407,,,3.2026
eps Ind A b,eps Ind A,3,1,2019,Radial Velocity,La Silla Observatory,25450.00000000000,15.76,,2065.884646,,4700,3.63857
eps Tau b,eps Tau,1,1,2006,Radial Velocity,Okayama Astrophysical Observatory,585.82,1.878,,2285.186246,,4877,47.52852
gam Cep b,gam Cep,2,1,2003,Radial Velocity,Multiple Observatories,913,,,2097.667486,,4775,14.1024
gam Lib b,gam Lib,1,2,2018,Radial Velocity,Okayama Astrophysical Observatory,414.88,1.319,,357.8747863,,4879,47.4017
gam Lib c,gam Lib,1,2,2018,Radial Velocity,Okayama Astrophysical Observatory,966.49,2.318,,1662.560397,,4879,47.4017
gam Psc b,gam Psc,1,1,2021,Radial Velocity,Okayama Astrophysical Observatory,555.1,1.32,,425.8900654,,4742,41.3107
gam1 Leo b,gam1 Leo,2,1,2009,Radial Velocity,Bohyunsan Optical Astronomical Observatory,428.5,1.19,,2790.43,,4330,39.8883
iot Dra b,iot Dra,1,2,2002,Radial Velocity,Lick Observatory,510.8544,1.453,,3756.731771,,4504,31.32832
iot Dra c,iot Dra,1,2,2021,Radial Velocity,La Silla Observatory,25000.00000000000,19.4,,4958.123149,,4504,31.32832
kap And b,kap And,1,1,2012,Imaging,Subaru Telescope,,,15.91675259,5498.431441,1791,11327,50.0177
kap CrB b,kap CrB,1,1,2007,Radial Velocity,Lick Observatory,1253.68,2.5,,483.7348355,,4840,30.0651
mu Leo b,mu Leo,1,1,2014,Radial Velocity,Bohyunsan Optical Astronomical Observatory,357.8,1.1,,762.8,,4538.2,32.6081
mu2 Sco b,mu2 Sco,1,1,2022,Imaging,Paranal Observatory,,242.4,,4576.729061,,21700,
nu Oct A b,nu Oct A,2,1,2016,Radial Velocity,University of Canterbury Mt John Observatory,402.4,1.24,,696.0442113,,4910,21.1999
nu Oph b,nu Oph,1,2,2012,Radial Velocity,Okayama Astrophysical Observatory,529.93,1.765,,6848.566514,,4887,46.2107
nu Oph c,nu Oph,1,2,2012,Radial Velocity,Okayama Astrophysical Observatory,3180.6,5.829,,7530.308447,,4887,46.2107
ome Ser b,ome Ser,2,1,2013,Radial Velocity,Okayama Astrophysical Observatory,278.59,0.838,,233.9217076,,4724,76.7556
omi CrB b,omi CrB,1,1,2012,Radial Velocity,Okayama Astrophysical Observatory,187.01,0.699,,355.9678158,,4769,84.7883
omi UMa b,omi UMa,2,1,2012,Radial Velocity,Okayama Astrophysical Observatory,1569.81,3.691,,1160.391514,,5075,54.9149
pi Men c,HD 39091,1,3,2018,Transit,Transiting Exoplanet Survey Satellite (TESS),6.2678399,,2.0189,,,5998,18.2702
pi Men d,HD 39091,1,3,2022,Radial Velocity,La Silla Observatory,124.64,,,13.38,,5998,18.2702
psi1 Dra B b,psi1 Dra B,3,1,2015,Radial Velocity,McDonald Observatory,3117,4.43,,486.2799,,6212,22.7188
rho CrB b,rho CrB,1,3,1997,Radial Velocity,Fred Lawrence Whipple Observatory,39.849,,,347.995,,,17.4671
rho CrB c,rho CrB,1,3,2016,Radial Velocity,Multiple Observatories,102.036,,,27.442,,,17.4671
rho CrB e,rho CrB,1,3,2023,Radial Velocity,Lowell Observatory,12.904,,,3.71,,,17.4671
tau Boo b,tau Boo,2,1,1996,Radial Velocity,Lick Observatory,3.3124568,0.049,,1373.0256,,6466.27,15.6521
tau Cet f,tau Cet,1,3,2017,Radial Velocity,Multiple Observatories,636.13,1.334,,3.93,,,3.60304
tau Cet g,tau Cet,1,3,2017,Radial Velocity,Multiple Observatories,20,0.133,,1.75,,,3.60304
tau Cet h,tau Cet,1,3,2017,Radial Velocity,Multiple Observatories,49.41,0.243,,1.83,,,3.60304
tau Gem b,tau Gem,1,1,2013,Radial Velocity,Lick Observatory,305.5,1.17,,6547,,4388,112.537
ups And b,ups And,2,3,1996,Radial Velocity,Lick Observatory,4.617033,0.05922166,,218.531,,,13.4054
ups And c,ups And,2,3,1999,Radial Velocity,Multiple Observatories,241.258,0.827774,,629.595,,,13.4054
ups And d,ups And,2,3,1999,Radial Velocity,Multiple Observatories,1276.46,2.51329,,1313.22,,,13.4054
ups Leo b,ups Leo,1,1,2021,Radial Velocity,Okayama Astrophysical Observatory,385.2,1.18,,162.0924876,,4836,52.5973
xi Aql b,xi Aql,1,1,2007,Radial Velocity,Okayama Astrophysical Observatory,136.97,0.625,,616.904938,,4841,56.1858