MapDate,FIPS,County,State,None,D0,D1,D2,D3,D4,ValidStart,ValidEnd,StatisticFormatID
20261006,08001,Adams County,CO,13.66,24.16,25.06,21.36,13.63,2.13,2026-10-06,2026-10-12,2
20260929,08001,Adams County,CO,13.66,25.22,12.09,35.75,9.77,3.50,2026-09-29,2026-10-05,2
20260922,08001,Adams County,CO,21.32,18.34,11.31,11.30,34.22,3.50,2026-09-22,2026-09-28,2
20260915,08001,Adams County,CO,24.15,15.52,11.31,11.30,37.72,0.00,2026-09-15,2026-09-21,2
20260908,08001,Adams County,CO,24.15,15.52,11.24,11.31,37.79,0.00,2026-09-08,2026-09-14,2
20260901,08001,Adams County,CO,24.15,15.59,11.17,11.31,37.79,0.00,2026-09-01,2026-09-07,2
20260825,08001,Adams County,CO,1.07,29.66,9.10,22.37,37.81,0.00,2026-08-25,2026-08-31,2
20260818,08001,Adams County,CO,0.00,30.73,9.10,22.35,37.83,0.00,2026-08-18,2026-08-24,2
20260811,08001,Adams County,CO,0.00,20.26,18.35,19.37,34.11,7.91,2026-08-11,2026-08-17,2
20260804,08001,Adams County,CO,0.00,20.27,18.34,19.37,34.11,7.91,2026-08-04,2026-08-10,2
20260728,08001,Adams County,CO,0.00,20.27,20.30,23.37,36.07,0.00,2026-07-28,2026-08-03,2
20260721,08001,Adams County,CO,0.00,20.27,20.30,23.37,36.07,0.00,2026-07-21,2026-07-27,2
20260714,08001,Adams County,CO,0.00,20.27,34.90,44.83,0.00,0.00,2026-07-14,2026-07-20,2
20260707,08001,Adams County,CO,0.00,1.10,36.27,62.64,0.00,0.00,2026-07-07,2026-07-13,2
20260630,08001,Adams County,CO,0.00,1.10,36.29,62.62,0.00,0.00,2026-06-30,2026-07-06,2
20260623,08001,Adams County,CO,0.00,0.00,16.27,83.73,0.00,0.00,2026-06-23,2026-06-29,2
20260616,08001,Adams County,CO,0.00,0.00,16.27,83.73,0.00,0.00,2026-06-16,2026-06-22,2
20260609,08001,Adams County,CO,0.00,0.00,38.20,61.80,0.00,0.00,2026-06-09,2026-06-15,2
20260602,08001,Adams County,CO,0.00,0.00,38.20,61.80,0.00,0.00,2026-06-02,2026-06-08,2
20260526,08001,Adams County,CO,0.00,0.00,38.20,61.80,0.00,0.00,2026-05-26,2026-06-01,2
20260519,08001,Adams County,CO,0.00,0.00,38.20,60.90,0.91,0.00,2026-05-19,2026-05-25,2
20260512,08001,Adams County,CO,0.00,0.00,38.17,60.52,1.31,0.00,2026-05-12,2026-05-18,2
20260505,08001,Adams County,CO,0.00,0.00,0.00,49.65,50.35,0.00,2026-05-05,2026-05-11,2
20260428,08001,Adams County,CO,0.00,0.00,0.00,49.65,50.35,0.00,2026-04-28,2026-05-04,2
20260421,08001,Adams County,CO,0.00,0.00,0.00,44.51,55.49,0.00,2026-04-21,2026-04-27,2
20260414,08001,Adams County,CO,0.00,0.00,0.00,64.15,35.85,0.00,2026-04-14,2026-04-20,2
20260407,08001,Adams County,CO,0.00,0.00,51.50,39.89,8.61,0.00,2026-04-07,2026-04-13,2
20260331,08001,Adams County,CO,0.00,0.00,51.50,48.50,0.00,0.00,2026-03-31,2026-04-06,2
20260324,08001,Adams County,CO,0.00,33.67,18.31,48.03,0.00,0.00,2026-03-24,2026-03-30,2
20260317,08001,Adams County,CO,0.00,33.67,18.31,48.03,0.00,0.00,2026-03-17,2026-03-23,2
20260310,08001,Adams County,CO,0.00,33.59,18.39,48.03,0.00,0.00,2026-03-10,2026-03-16,2
20260303,08001,Adams County,CO,0.00,33.59,18.39,25.90,22.12,0.00,2026-03-03,2026-03-09,2
20260224,08001,Adams County,CO,0.00,33.59,19.45,46.96,0.00,0.00,2026-02-24,2026-03-02,2
20260217,08001,Adams County,CO,24.79,19.58,30.45,25.18,0.00,0.00,2026-02-17,2026-02-23,2
20260210,08001,Adams County,CO,24.78,19.58,30.45,25.18,0.00,0.00,2026-02-10,2026-02-16,2
20260203,08001,Adams County,CO,24.78,19.58,30.45,25.18,0.00,0.00,2026-02-03,2026-02-09,2
20260127,08001,Adams County,CO,31.04,22.30,46.65,0.00,0.00,0.00,2026-01-27,2026-02-02,2
20260120,08001,Adams County,CO,31.77,21.57,46.66,0.00,0.00,0.00,2026-01-20,2026-01-26,2
20260113,08001,Adams County,CO,21.70,31.64,46.66,0.00,0.00,0.00,2026-01-13,2026-01-19,2
20260106,08001,Adams County,CO,21.20,32.13,46.66,0.00,0.00,0.00,2026-01-06,2026-01-12,2
20251230,08001,Adams County,CO,39.64,34.28,26.08,0.00,0.00,0.00,2025-12-30,2026-01-05,2
20251223,08001,Adams County,CO,39.64,34.28,26.08,0.00,0.00,0.00,2025-12-23,2025-12-29,2
20251216,08001,Adams County,CO,39.64,34.28,26.08,0.00,0.00,0.00,2025-12-16,2025-12-22,2
20251209,08001,Adams County,CO,39.64,34.28,26.08,0.00,0.00,0.00,2025-12-09,2025-12-15,2
20251202,08001,Adams County,CO,39.64,34.28,26.08,0.00,0.00,0.00,2025-12-02,2025-12-08,2
20251125,08001,Adams County,CO,69.65,30.35,0.00,0.00,0.00,0.00,2025-11-25,2025-12-01,2
20251118,08001,Adams County,CO,69.65,30.35,0.00,0.00,0.00,0.00,2025-11-18,2025-11-24,2
20251111,08001,Adams County,CO,69.65,30.35,0.00,0.00,0.00,0.00,2025-11-11,2025-11-17,2
20251104,08001,Adams County,CO,83.29,16.71,0.00,0.00,0.00,0.00,2025-11-04,2025-11-10,2
20251028,08001,Adams County,CO,83.39,16.61,0.00,0.00,0.00,0.00,2025-10-28,2025-11-03,2
20251021,08001,Adams County,CO,83.39,16.61,0.00,0.00,0.00,0.00,2025-10-21,2025-10-27,2
20251014,08001,Adams County,CO,83.39,16.61,0.00,0.00,0.00,0.00,2025-10-14,2025-10-20,2
20251007,08001,Adams County,CO,83.39,16.61,0.00,0.00,0.00,0.00,2025-10-07,2025-10-13,2
20250930,08001,Adams County,CO,83.39,16.61,0.00,0.00,0.00,0.00,2025-09-30,2025-10-06,2
20261006,08003,Alamosa County,CO,0.00,0.00,0.00,0.00,100.00,0.00,2026-10-06,2026-10-12,2
20260929,08003,Alamosa County,CO,0.00,0.00,0.00,0.00,85.99,14.01,2026-09-29,2026-10-05,2
20260922,08003,Alamosa County,CO,0.00,0.00,0.00,0.00,0.00,100.00,2026-09-22,2026-09-28,2
20260915,08003,Alamosa County,CO,0.00,0.00,0.00,0.00,0.00,100.00,2026-09-15,2026-09-21,2
20260908,08003,Alamosa County,CO,0.00,0.00,0.00,0.00,5.15,94.85,2026-09-08,2026-09-14,2
20260901,08003,Alamosa County,CO,0.00,0.00,0.00,0.00,6.42,93.58,2026-09-01,2026-09-07,2
20260825,08003,Alamosa County,CO,0.00,0.00,0.00,0.00,24.85,75.15,2026-08-25,2026-08-31,2
20260818,08003,Alamosa County,CO,0.00,0.00,0.00,0.00,24.85,75.15,2026-08-18,2026-08-24,2
20260811,08003,Alamosa County,CO,0.00,0.00,0.00,0.00,24.85,75.15,2026-08-11,2026-08-17,2
20260804,08003,Alamosa County,CO,0.00,0.00,0.00,4.76,91.96,3.28,2026-08-04,2026-08-10,2
20260728,08003,Alamosa County,CO,0.00,0.00,0.00,4.76,91.96,3.28,2026-07-28,2026-08-03,2
20260721,08003,Alamosa County,CO,0.00,0.00,0.00,4.76,95.24,0.00,2026-07-21,2026-07-27,2
20260714,08003,Alamosa County,CO,0.00,0.00,0.00,4.76,95.24,0.00,2026-07-14,2026-07-20,2
20260707,08003,Alamosa County,CO,0.00,0.00,0.00,4.76,95.24,0.00,2026-07-07,2026-07-13,2
20260630,08003,Alamosa County,CO,0.00,0.00,0.00,4.76,95.24,0.00,2026-06-30,2026-07-06,2
20260623,08003,Alamosa County,CO,0.00,0.00,0.00,4.76,95.24,0.00,2026-06-23,2026-06-29,2
20260616,08003,Alamosa County,CO,0.00,0.00,0.00,4.76,95.24,0.00,2026-06-16,2026-06-22,2
20260609,08003,Alamosa County,CO,0.00,0.00,0.00,4.76,95.24,0.00,2026-06-09,2026-06-15,2
20260602,08003,Alamosa County,CO,0.00,0.00,0.00,4.76,95.24,0.00,2026-06-02,2026-06-08,2
20260526,08003,Alamosa County,CO,0.00,0.00,0.00,4.76,95.24,0.00,2026-05-26,2026-06-01,2
20260519,08003,Alamosa County,CO,0.00,0.00,0.00,100.00,0.00,0.00,2026-05-19,2026-05-25,2
20260512,08003,Alamosa County,CO,0.00,0.00,84.99,15.01,0.00,0.00,2026-05-12,2026-05-18,2
20260505,08003,Alamosa County,CO,0.00,0.00,84.99,15.01,0.00,0.00,2026-05-05,2026-05-11,2
20260428,08003,Alamosa County,CO,0.00,0.00,84.99,15.01,0.00,0.00,2026-04-28,2026-05-04,2
20260421,08003,Alamosa County,CO,0.00,0.00,84.99,15.01,0.00,0.00,2026-04-21,2026-04-27,2
20260414,08003,Alamosa County,CO,0.00,0.00,84.99,15.01,0.00,0.00,2026-04-14,2026-04-20,2
20260407,08003,Alamosa County,CO,0.00,0.00,84.99,15.01,0.00,0.00,2026-04-07,2026-04-13,2
20260331,08003,Alamosa County,CO,0.00,0.00,84.99,15.01,0.00,0.00,2026-03-31,2026-04-06,2
20260324,08003,Alamosa County,CO,0.00,4.75,95.19,0.06,0.00,0.00,2026-03-24,2026-03-30,2
20260317,08003,Alamosa County,CO,0.00,78.21,21.74,0.06,0.00,0.00,2026-03-17,2026-03-23,2
20260310,08003,Alamosa County,CO,61.17,38.09,0.74,0.00,0.00,0.00,2026-03-10,2026-03-16,2
20260303,08003,Alamosa County,CO,61.17,38.09,0.74,0.00,0.00,0.00,2026-03-03,2026-03-09,2
20260224,08003,Alamosa County,CO,61.17,38.09,0.74,0.00,0.00,0.00,2026-02-24,2026-03-02,2
20260217,08003,Alamosa County,CO,60.99,38.27,0.74,0.00,0.00,0.00,2026-02-17,2026-02-23,2
20260210,08003,Alamosa County,CO,60.97,38.29,0.74,0.00,0.00,0.00,2026-02-10,2026-02-16,2
20260203,08003,Alamosa County,CO,76.09,23.18,0.74,0.00,0.00,0.00,2026-02-03,2026-02-09,2
20260127,08003,Alamosa County,CO,76.09,23.18,0.74,0.00,0.00,0.00,2026-01-27,2026-02-02,2
20260120,08003,Alamosa County,CO,75.53,23.74,0.74,0.00,0.00,0.00,2026-01-20,2026-01-26,2
20260113,08003,Alamosa County,CO,75.53,23.74,0.74,0.00,0.00,0.00,2026-01-13,2026-01-19,2
20260106,08003,Alamosa County,CO,72.68,26.58,0.74,0.00,0.00,0.00,2026-01-06,2026-01-12,2
20251230,08003,Alamosa County,CO,72.68,26.58,0.74,0.00,0.00,0.00,2025-12-30,2026-01-05,2
20251223,08003,Alamosa County,CO,73.40,25.86,0.74,0.00,0.00,0.00,2025-12-23,2025-12-29,2
20251216,08003,Alamosa County,CO,73.40,25.86,0.74,0.00,0.00,0.00,2025-12-16,2025-12-22,2
20251209,08003,Alamosa County,CO,73.40,25.86,0.74,0.00,0.00,0.00,2025-12-09,2025-12-15,2
20251202,08003,Alamosa County,CO,73.40,25.86,0.74,0.00,0.00,0.00,2025-12-02,2025-12-08,2
20251125,08003,Alamosa County,CO,73.40,25.86,0.74,0.00,0.00,0.00,2025-11-25,2025-12-01,2
20251118,08003,Alamosa County,CO,41.69,43.35,14.97,0.00,0.00,0.00,2025-11-18,2025-11-24,2
20251111,08003,Alamosa County,CO,41.69,43.35,14.97,0.00,0.00,0.00,2025-11-11,2025-11-17,2
20251104,08003,Alamosa County,CO,41.68,43.35,14.97,0.00,0.00,0.00,2025-11-04,2025-11-10,2
20251028,08003,Alamosa County,CO,41.37,43.66,14.97,0.00,0.00,0.00,2025-10-28,2025-11-03,2
20251021,08003,Alamosa County,CO,45.22,39.82,14.97,0.00,0.00,0.00,2025-10-21,2025-10-27,2
20251014,08003,Alamosa County,CO,8.80,69.28,21.93,0.00,0.00,0.00,2025-10-14,2025-10-20,2
20251007,08003,Alamosa County,CO,9.39,68.68,21.93,0.00,0.00,0.00,2025-10-07,2025-10-13,2
20250930,08003,Alamosa County,CO,9.39,68.68,21.93,0.00,0.00,0.00,2025-09-30,2025-10-06,2
20261006,08005,Arapahoe County,CO,46.92,16.15,12.02,24.91,0.00,0.00,2026-10-06,2026-10-12,2
20260929,08005,Arapahoe County,CO,47.04,4.47,5.86,42.63,0.00,0.00,2026-09-29,2026-10-05,2
20260922,08005,Arapahoe County,CO,43.22,8.29,2.05,17.79,28.65,0.00,2026-09-22,2026-09-28,2
20260915,08005,Arapahoe County,CO,41.00,10.51,2.05,17.79,28.65,0.00,2026-09-15,2026-09-21,2
20260908,08005,Arapahoe County,CO,41.00,10.51,1.95,17.87,28.67,0.00,2026-09-08,2026-09-14,2
20260901,08005,Arapahoe County,CO,41.00,11.08,1.37,17.87,28.67,0.00,2026-09-01,2026-09-07,2
20260825,08005,Arapahoe County,CO,24.75,19.58,8.90,8.49,38.28,0.00,2026-08-25,2026-08-31,2
20260818,08005,Arapahoe County,CO,1.63,42.70,8.90,8.49,38.28,0.00,2026-08-18,2026-08-24,2
20260811,08005,Arapahoe County,CO,0.00,27.72,25.51,8.32,6.60,31.84,2026-08-11,2026-08-17,2
20260804,08005,Arapahoe County,CO,0.00,42.28,12.52,6.76,6.60,31.84,2026-08-04,2026-08-10,2
20260728,08005,Arapahoe County,CO,0.00,42.28,12.52,12.80,32.41,0.00,2026-07-28,2026-08-03,2
20260721,08005,Arapahoe County,CO,0.00,42.28,12.52,12.80,32.41,0.00,2026-07-21,2026-07-27,2
20260714,08005,Arapahoe County,CO,0.00,42.77,16.91,14.25,26.08,0.00,2026-07-14,2026-07-20,2
20260707,08005,Arapahoe County,CO,0.00,40.10,15.35,18.47,26.08,0.00,2026-07-07,2026-07-13,2
20260630,08005,Arapahoe County,CO,0.00,39.18,22.81,38.01,0.00,0.00,2026-06-30,2026-07-06,2
20260623,08005,Arapahoe County,CO,0.00,6.36,50.52,43.12,0.00,0.00,2026-06-23,2026-06-29,2
20260616,08005,Arapahoe County,CO,0.00,6.36,50.52,43.12,0.00,0.00,2026-06-16,2026-06-22,2
20260609,08005,Arapahoe County,CO,0.00,6.19,50.93,42.88,0.00,0.00,2026-06-09,2026-06-15,2
20260602,08005,Arapahoe County,CO,0.00,6.19,50.93,42.88,0.00,0.00,2026-06-02,2026-06-08,2
20260526,08005,Arapahoe County,CO,0.00,6.19,50.93,42.88,0.00,0.00,2026-05-26,2026-06-01,2
20260519,08005,Arapahoe County,CO,0.00,0.00,54.02,45.84,0.14,0.00,2026-05-19,2026-05-25,2
20260512,08005,Arapahoe County,CO,0.00,0.00,40.46,59.40,0.14,0.00,2026-05-12,2026-05-18,2
20260505,08005,Arapahoe County,CO,0.00,0.00,0.00,55.55,44.45,0.00,2026-05-05,2026-05-11,2
20260428,08005,Arapahoe County,CO,0.00,0.00,0.00,55.55,44.45,0.00,2026-04-28,2026-05-04,2
20260421,08005,Arapahoe County,CO,0.00,0.00,0.00,31.28,68.72,0.00,2026-04-21,2026-04-27,2
20260414,08005,Arapahoe County,CO,0.00,0.00,0.00,61.64,38.36,0.00,2026-04-14,2026-04-20,2
20260407,08005,Arapahoe County,CO,0.00,0.00,59.22,40.78,0.00,0.00,2026-04-07,2026-04-13,2
20260331,08005,Arapahoe County,CO,0.00,0.00,59.22,40.78,0.00,0.00,2026-03-31,2026-04-06,2
20260324,08005,Arapahoe County,CO,0.00,42.96,16.26,40.78,0.00,0.00,2026-03-24,2026-03-30,2
20260317,08005,Arapahoe County,CO,0.00,42.96,16.26,40.78,0.00,0.00,2026-03-17,2026-03-23,2
20260310,08005,Arapahoe County,CO,0.00,42.48,16.74,40.78,0.00,0.00,2026-03-10,2026-03-16,2
20260303,08005,Arapahoe County,CO,0.00,42.48,16.74,17.49,23.29,0.00,2026-03-03,2026-03-09,2
20260224,08005,Arapahoe County,CO,4.00,38.48,16.74,40.78,0.00,0.00,2026-02-24,2026-03-02,2
20260217,08005,Arapahoe County,CO,35.34,15.22,11.61,37.83,0.00,0.00,2026-02-17,2026-02-23,2
20260210,08005,Arapahoe County,CO,35.31,15.25,11.61,37.83,0.00,0.00,2026-02-10,2026-02-16,2
20260203,08005,Arapahoe County,CO,35.31,15.25,11.60,37.85,0.00,0.00,2026-02-03,2026-02-09,2
20260127,08005,Arapahoe County,CO,44.85,15.98,30.82,8.35,0.00,0.00,2026-01-27,2026-02-02,2
20260120,08005,Arapahoe County,CO,45.54,15.28,30.83,8.35,0.00,0.00,2026-01-20,2026-01-26,2
20260113,08005,Arapahoe County,CO,26.70,34.12,30.83,8.35,0.00,0.00,2026-01-13,2026-01-19,2
20260106,08005,Arapahoe County,CO,25.25,35.57,30.83,8.35,0.00,0.00,2026-01-06,2026-01-12,2
20251230,08005,Arapahoe County,CO,47.44,29.74,14.48,8.35,0.00,0.00,2025-12-30,2026-01-05,2
20251223,08005,Arapahoe County,CO,47.44,29.74,14.48,8.35,0.00,0.00,2025-12-23,2025-12-29,2
20251216,08005,Arapahoe County,CO,47.44,29.74,14.48,8.35,0.00,0.00,2025-12-16,2025-12-22,2
20251209,08005,Arapahoe County,CO,47.44,29.74,14.48,8.35,0.00,0.00,2025-12-09,2025-12-15,2
20251202,08005,Arapahoe County,CO,47.44,29.74,14.48,8.35,0.00,0.00,2025-12-02,2025-12-08,2
20251125,08005,Arapahoe County,CO,76.58,14.84,8.58,0.00,0.00,0.00,2025-11-25,2025-12-01,2
20251118,08005,Arapahoe County,CO,76.39,15.03,8.58,0.00,0.00,0.00,2025-11-18,2025-11-24,2
20251111,08005,Arapahoe County,CO,76.39,15.03,8.58,0.00,0.00,0.00,2025-11-11,2025-11-17,2
20251104,08005,Arapahoe County,CO,76.38,15.04,8.58,0.00,0.00,0.00,2025-11-04,2025-11-10,2
20251028,08005,Arapahoe County,CO,76.88,15.45,7.67,0.00,0.00,0.00,2025-10-28,2025-11-03,2
20251021,08005,Arapahoe County,CO,77.02,15.32,7.67,0.00,0.00,0.00,2025-10-21,2025-10-27,2
20251014,08005,Arapahoe County,CO,77.02,15.32,7.67,0.00,0.00,0.00,2025-10-14,2025-10-20,2
20251007,08005,Arapahoe County,CO,77.02,15.32,7.67,0.00,0.00,0.00,2025-10-07,2025-10-13,2
20250930,08005,Arapahoe County,CO,77.02,15.32,7.67,0.00,0.00,0.00,2025-09-30,2025-10-06,2
20261006,08007,Archuleta County,CO,0.00,0.36,99.57,0.07,0.00,0.00,2026-10-06,2026-10-12,2
20260929,08007,Archuleta County,CO,0.00,0.36,99.57,0.07,0.00,0.00,2026-09-29,2026-10-05,2
20260922,08007,Archuleta County,CO,0.00,0.00,7.64,92.30,0.06,0.00,2026-09-22,2026-09-28,2
20260915,08007,Archuleta County,CO,0.00,0.00,0.00,99.94,0.06,0.00,2026-09-15,2026-09-21,2
20260908,08007,Archuleta County,CO,0.00,0.00,0.00,49.57,50.43,0.00,2026-09-08,2026-09-14,2
20260901,08007,Archuleta County,CO,0.00,0.00,0.00,77.23,22.77,0.00,2026-09-01,2026-09-07,2
20260825,08007,Archuleta County,CO,0.00,0.00,0.00,99.46,0.54,0.00,2026-08-25,2026-08-31,2
20260818,08007,Archuleta County,CO,0.00,0.00,0.00,98.10,1.90,0.00,2026-08-18,2026-08-24,2
20260811,08007,Archuleta County,CO,0.00,0.00,0.00,98.10,1.90,0.00,2026-08-11,2026-08-17,2
20260804,08007,Archuleta County,CO,0.00,0.00,0.00,98.10,1.90,0.00,2026-08-04,2026-08-10,2
20260728,08007,Archuleta County,CO,0.00,0.00,0.00,98.10,1.90,0.00,2026-07-28,2026-08-03,2
20260721,08007,Archuleta County,CO,0.00,0.00,0.00,98.10,1.90,0.00,2026-07-21,2026-07-27,2
20260714,08007,Archuleta County,CO,0.00,0.00,0.00,63.85,36.15,0.00,2026-07-14,2026-07-20,2
20260707,08007,Archuleta County,CO,0.00,0.00,0.00,63.85,36.15,0.00,2026-07-07,2026-07-13,2
20260630,08007,Archuleta County,CO,0.00,0.00,0.00,63.85,36.15,0.00,2026-06-30,2026-07-06,2
20260623,08007,Archuleta County,CO,0.00,0.00,0.00,63.85,36.15,0.00,2026-06-23,2026-06-29,2
20260616,08007,Archuleta County,CO,0.00,0.00,0.00,63.85,36.15,0.00,2026-06-16,2026-06-22,2
20260609,08007,Archuleta County,CO,0.00,0.00,0.00,63.85,36.15,0.00,2026-06-09,2026-06-15,2
20260602,08007,Archuleta County,CO,0.00,0.00,0.00,63.85,36.15,0.00,2026-06-02,2026-06-08,2
20260526,08007,Archuleta County,CO,0.00,0.00,0.00,63.85,36.15,0.00,2026-05-26,2026-06-01,2
20260519,08007,Archuleta County,CO,0.00,0.00,0.00,63.85,36.15,0.00,2026-05-19,2026-05-25,2
20260512,08007,Archuleta County,CO,0.00,0.00,0.00,63.85,36.15,0.00,2026-05-12,2026-05-18,2
20260505,08007,Archuleta County,CO,0.00,0.00,0.00,63.85,36.15,0.00,2026-05-05,2026-05-11,2
20260428,08007,Archuleta County,CO,0.00,0.00,0.00,63.85,36.15,0.00,2026-04-28,2026-05-04,2
20260421,08007,Archuleta County,CO,0.00,0.00,0.00,19.19,80.81,0.00,2026-04-21,2026-04-27,2
20260414,08007,Archuleta County,CO,0.00,0.00,0.00,19.19,80.81,0.00,2026-04-14,2026-04-20,2
20260407,08007,Archuleta County,CO,0.00,0.00,0.00,19.19,80.81,0.00,2026-04-07,2026-04-13,2
20260331,08007,Archuleta County,CO,0.00,0.00,0.00,2.96,97.04,0.00,2026-03-31,2026-04-06,2
20260324,08007,Archuleta County,CO,0.00,0.00,0.00,100.00,0.00,0.00,2026-03-24,2026-03-30,2
20260317,08007,Archuleta County,CO,0.00,0.00,77.96,22.04,0.00,0.00,2026-03-17,2026-03-23,2
20260310,08007,Archuleta County,CO,0.00,0.00,100.00,0.00,0.00,0.00,2026-03-10,2026-03-16,2
20260303,08007,Archuleta County,CO,0.00,52.11,47.89,0.00,0.00,0.00,2026-03-03,2026-03-09,2
20260224,08007,Archuleta County,CO,0.00,52.11,47.89,0.00,0.00,0.00,2026-02-24,2026-03-02,2
20260217,08007,Archuleta County,CO,0.00,52.11,45.73,2.17,0.00,0.00,2026-02-17,2026-02-23,2
20260210,08007,Archuleta County,CO,0.00,52.11,45.73,2.17,0.00,0.00,2026-02-10,2026-02-16,2
20260203,08007,Archuleta County,CO,0.00,52.11,47.89,0.00,0.00,0.00,2026-02-03,2026-02-09,2
20260127,08007,Archuleta County,CO,0.00,52.11,47.89,0.00,0.00,0.00,2026-01-27,2026-02-02,2
20260120,08007,Archuleta County,CO,0.00,52.30,47.70,0.00,0.00,0.00,2026-01-20,2026-01-26,2
20260113,08007,Archuleta County,CO,0.00,100.00,0.00,0.00,0.00,0.00,2026-01-13,2026-01-19,2
20260106,08007,Archuleta County,CO,0.00,100.00,0.00,0.00,0.00,0.00,2026-01-06,2026-01-12,2
20251230,08007,Archuleta County,CO,0.00,100.00,0.00,0.00,0.00,0.00,2025-12-30,2026-01-05,2
20251223,08007,Archuleta County,CO,0.00,100.00,0.00,0.00,0.00,0.00,2025-12-23,2025-12-29,2
20251216,08007,Archuleta County,CO,82.82,17.18,0.00,0.00,0.00,0.00,2025-12-16,2025-12-22,2
20251209,08007,Archuleta County,CO,82.82,17.18,0.00,0.00,0.00,0.00,2025-12-09,2025-12-15,2
20251202,08007,Archuleta County,CO,82.82,17.18,0.00,0.00,0.00,0.00,2025-12-02,2025-12-08,2
20251125,08007,Archuleta County,CO,82.82,17.18,0.00,0.00,0.00,0.00,2025-11-25,2025-12-01,2
20251118,08007,Archuleta County,CO,82.82,14.50,2.68,0.00,0.00,0.00,2025-11-18,2025-11-24,2
20251111,08007,Archuleta County,CO,82.82,14.50,2.68,0.00,0.00,0.00,2025-11-11,2025-11-17,2
20251104,08007,Archuleta County,CO,83.02,14.18,2.80,0.00,0.00,0.00,2025-11-04,2025-11-10,2
20251028,08007,Archuleta County,CO,83.31,13.88,2.80,0.00,0.00,0.00,2025-10-28,2025-11-03,2
20251021,08007,Archuleta County,CO,83.12,14.16,2.73,0.00,0.00,0.00,2025-10-21,2025-10-27,2
20251014,08007,Archuleta County,CO,34.47,61.83,3.71,0.00,0.00,0.00,2025-10-14,2025-10-20,2
20251007,08007,Archuleta County,CO,0.00,0.00,69.82,29.88,0.31,0.00,2025-10-07,2025-10-13,2
20250930,08007,Archuleta County,CO,0.00,0.00,69.82,29.88,0.31,0.00,2025-09-30,2025-10-06,2
20261006,08009,Baca County,CO,19.46,80.54,0.00,0.00,0.00,0.00,2026-10-06,2026-10-12,2
20260929,08009,Baca County,CO,0.00,4.57,49.02,46.41,0.00,0.00,2026-09-29,2026-10-05,2
20260922,08009,Baca County,CO,0.00,0.00,44.45,11.58,43.97,0.00,2026-09-22,2026-09-28,2
20260915,08009,Baca County,CO,0.00,0.00,36.65,19.38,43.97,0.00,2026-09-15,2026-09-21,2
20260908,08009,Baca County,CO,0.00,0.00,36.63,19.37,43.99,0.00,2026-09-08,2026-09-14,2
20260901,08009,Baca County,CO,0.00,0.00,36.63,19.31,44.05,0.00,2026-09-01,2026-09-07,2
20260825,08009,Baca County,CO,0.00,0.00,17.39,38.19,44.42,0.00,2026-08-25,2026-08-31,2
20260818,08009,Baca County,CO,0.00,0.00,29.73,25.85,44.42,0.00,2026-08-18,2026-08-24,2
20260811,08009,Baca County,CO,0.00,0.00,29.73,25.85,44.42,0.00,2026-08-11,2026-08-17,2
20260804,08009,Baca County,CO,0.00,0.00,29.73,25.85,44.42,0.00,2026-08-04,2026-08-10,2
20260728,08009,Baca County,CO,0.00,0.00,4.91,26.28,68.81,0.00,2026-07-28,2026-08-03,2
20260721,08009,Baca County,CO,0.00,0.00,4.91,26.73,68.36,0.00,2026-07-21,2026-07-27,2
20260714,08009,Baca County,CO,0.00,0.00,4.91,26.73,68.36,0.00,2026-07-14,2026-07-20,2
20260707,08009,Baca County,CO,0.00,0.00,0.84,30.80,68.36,0.00,2026-07-07,2026-07-13,2
20260630,08009,Baca County,CO,0.00,0.00,0.84,30.80,68.36,0.00,2026-06-30,2026-07-06,2
20260623,08009,Baca County,CO,0.00,0.00,0.00,29.15,70.85,0.00,2026-06-23,2026-06-29,2
20260616,08009,Baca County,CO,0.00,0.00,0.00,29.15,70.85,0.00,2026-06-16,2026-06-22,2
20260609,08009,Baca County,CO,0.00,0.00,0.00,29.15,70.85,0.00,2026-06-09,2026-06-15,2
20260602,08009,Baca County,CO,0.00,0.00,0.00,21.72,78.28,0.00,2026-06-02,2026-06-08,2
20260526,08009,Baca County,CO,0.00,0.00,0.00,0.08,99.92,0.00,2026-05-26,2026-06-01,2
20260519,08009,Baca County,CO,0.00,0.00,0.00,0.08,99.92,0.00,2026-05-19,2026-05-25,2
20260512,08009,Baca County,CO,0.00,0.00,0.00,0.08,99.92,0.00,2026-05-12,2026-05-18,2
20260505,08009,Baca County,CO,0.00,0.00,0.00,0.00,100.00,0.00,2026-05-05,2026-05-11,2
20260428,08009,Baca County,CO,0.00,0.00,0.00,0.00,100.00,0.00,2026-04-28,2026-05-04,2
20260421,08009,Baca County,CO,0.00,0.00,0.00,75.72,24.28,0.00,2026-04-21,2026-04-27,2
20260414,08009,Baca County,CO,0.00,0.00,0.00,100.00,0.00,0.00,2026-04-14,2026-04-20,2
20260407,08009,Baca County,CO,0.00,0.00,13.53,86.47,0.00,0.00,2026-04-07,2026-04-13,2
20260331,08009,Baca County,CO,0.00,0.00,34.39,65.61,0.00,0.00,2026-03-31,2026-04-06,2
20260324,08009,Baca County,CO,0.00,0.00,40.15,59.85,0.00,0.00,2026-03-24,2026-03-30,2
20260317,08009,Baca County,CO,0.00,30.06,69.94,0.00,0.00,0.00,2026-03-17,2026-03-23,2
20260310,08009,Baca County,CO,29.05,70.88,0.07,0.00,0.00,0.00,2026-03-10,2026-03-16,2
20260303,08009,Baca County,CO,29.05,70.88,0.07,0.00,0.00,0.00,2026-03-03,2026-03-09,2
20260224,08009,Baca County,CO,31.05,68.89,0.06,0.00,0.00,0.00,2026-02-24,2026-03-02,2
20260217,08009,Baca County,CO,87.86,12.14,0.00,0.00,0.00,0.00,2026-02-17,2026-02-23,2
20260210,08009,Baca County,CO,100.00,0.00,0.00,0.00,0.00,0.00,2026-02-10,2026-02-16,2
20260203,08009,Baca County,CO,100.00,0.00,0.00,0.00,0.00,0.00,2026-02-03,2026-02-09,2
20260127,08009,Baca County,CO,100.00,0.00,0.00,0.00,0.00,0.00,2026-01-27,2026-02-02,2
20260120,08009,Baca County,CO,100.00,0.00,0.00,0.00,0.00,0.00,2026-01-20,2026-01-26,2
20260113,08009,Baca County,CO,100.00,0.00,0.00,0.00,0.00,0.00,2026-01-13,2026-01-19,2
20260106,08009,Baca County,CO,96.17,3.83,0.00,0.00,0.00,0.00,2026-01-06,2026-01-12,2
20251230,08009,Baca County,CO,100.00,0.00,0.00,0.00,0.00,0.00,2025-12-30,2026-01-05,2
20251223,08009,Baca County,CO,100.00,0.00,0.00,0.00,0.00,0.00,2025-12-23,2025-12-29,2
20251216,08009,Baca County,CO,100.00,0.00,0.00,0.00,0.00,0.00,2025-12-16,2025-12-22,2
20251209,08009,Baca County,CO,100.00,0.00,0.00,0.00,0.00,0.00,2025-12-09,2025-12-15,2
20251202,08009,Baca County,CO,100.00,0.00,0.00,0.00,0.00,0.00,2025-12-02,2025-12-08,2
20251125,08009,Baca County,CO,100.00,0.00,0.00,0.00,0.00,0.00,2025-11-25,2025-12-01,2
20251118,08009,Baca County,CO,32.06,67.94,0.00,0.00,0.00,0.00,2025-11-18,2025-11-24,2
20251111,08009,Baca County,CO,95.16,4.84,0.00,0.00,0.00,0.00,2025-11-11,2025-11-17,2
20251104,08009,Baca County,CO,96.82,3.18,0.00,0.00,0.00,0.00,2025-11-04,2025-11-10,2
20251028,08009,Baca County,CO,96.82,3.18,0.00,0.00,0.00,0.00,2025-10-28,2025-11-03,2
20251021,08009,Baca County,CO,96.82,3.18,0.00,0.00,0.00,0.00,2025-10-21,2025-10-27,2
20251014,08009,Baca County,CO,96.82,3.18,0.00,0.00,0.00,0.00,2025-10-14,2025-10-20,2
20251007,08009,Baca County,CO,96.82,3.18,0.00,0.00,0.00,0.00,2025-10-07,2025-10-13,2
20250930,08009,Baca County,CO,96.82,3.18,0.00,0.00,0.00,0.00,2025-09-30,2025-10-06,2
20261006,08011,Bent County,CO,100.00,0.00,0.00,0.00,0.00,0.00,2026-10-06,2026-10-12,2
20260929,08011,Bent County,CO,0.00,52.02,47.98,0.00,0.00,0.00,2026-09-29,2026-10-05,2
20260922,08011,Bent County,CO,0.00,0.00,80.89,19.11,0.00,0.00,2026-09-22,2026-09-28,2
20260915,08011,Bent County,CO,0.00,0.00,80.89,17.94,1.17,0.00,2026-09-15,2026-09-21,2
20260908,08011,Bent County,CO,0.00,0.00,38.99,54.04,6.97,0.00,2026-09-08,2026-09-14,2
20260901,08011,Bent County,CO,0.00,0.00,38.99,54.04,6.97,0.00,2026-09-01,2026-09-07,2
20260825,08011,Bent County,CO,0.00,0.00,20.33,70.00,7.04,2.63,2026-08-25,2026-08-31,2
20260818,08011,Bent County,CO,0.00,0.00,75.10,15.22,7.04,2.63,2026-08-18,2026-08-24,2
20260811,08011,Bent County,CO,0.00,0.00,75.10,15.22,7.04,2.63,2026-08-11,2026-08-17,2
20260804,08011,Bent County,CO,0.00,0.00,75.10,15.22,7.04,2.63,2026-08-04,2026-08-10,2
20260728,08011,Bent County,CO,0.00,0.00,55.72,20.87,15.42,7.99,2026-07-28,2026-08-03,2
20260721,08011,Bent County,CO,0.00,0.00,55.72,20.87,15.90,7.51,2026-07-21,2026-07-27,2
20260714,08011,Bent County,CO,0.00,0.00,55.72,20.87,15.90,7.51,2026-07-14,2026-07-20,2
20260707,08011,Bent County,CO,0.00,0.00,14.75,51.71,26.03,7.51,2026-07-07,2026-07-13,2
20260630,08011,Bent County,CO,0.00,0.00,14.75,51.71,26.03,7.51,2026-06-30,2026-07-06,2
20260623,08011,Bent County,CO,0.00,0.00,5.83,59.26,27.34,7.58,2026-06-23,2026-06-29,2
20260616,08011,Bent County,CO,0.00,0.00,5.83,73.18,20.99,0.00,2026-06-16,2026-06-22,2
20260609,08011,Bent County,CO,0.00,0.00,5.83,87.77,6.40,0.00,2026-06-09,2026-06-15,2
20260602,08011,Bent County,CO,0.00,0.00,5.83,87.77,6.40,0.00,2026-06-02,2026-06-08,2
20260526,08011,Bent County,CO,0.00,0.00,0.00,87.15,12.85,0.00,2026-05-26,2026-06-01,2
20260519,08011,Bent County,CO,0.00,0.00,0.00,93.55,6.45,0.00,2026-05-19,2026-05-25,2
20260512,08011,Bent County,CO,0.00,0.00,0.00,93.55,6.45,0.00,2026-05-12,2026-05-18,2
20260505,08011,Bent County,CO,0.00,0.00,0.00,50.93,49.07,0.00,2026-05-05,2026-05-11,2
20260428,08011,Bent County,CO,0.00,0.00,0.00,50.93,49.07,0.00,2026-04-28,2026-05-04,2
20260421,08011,Bent County,CO,0.00,0.00,0.00,100.00,0.00,0.00,2026-04-21,2026-04-27,2
20260414,08011,Bent County,CO,0.00,0.00,26.65,73.35,0.00,0.00,2026-04-14,2026-04-20,2
20260407,08011,Bent County,CO,0.00,0.00,99.39,0.61,0.00,0.00,2026-04-07,2026-04-13,2
20260331,08011,Bent County,CO,0.00,0.89,99.11,0.00,0.00,0.00,2026-03-31,2026-04-06,2
20260324,08011,Bent County,CO,0.20,96.16,3.64,0.00,0.00,0.00,2026-03-24,2026-03-30,2
20260317,08011,Bent County,CO,37.91,62.09,0.00,0.00,0.00,0.00,2026-03-17,2026-03-23,2
20260310,08011,Bent County,CO,97.96,2.04,0.00,0.00,0.00,0.00,2026-03-10,2026-03-16,2
20260303,08011,Bent County,CO,97.96,2.04,0.00,0.00,0.00,0.00,2026-03-03,2026-03-09,2
20260224,08011,Bent County,CO,97.96,2.04,0.00,0.00,0.00,0.00,2026-02-24,2026-03-02,2
20260217,08011,Bent County,CO,97.99,2.01,0.00,0.00,0.00,0.00,2026-02-17,2026-02-23,2
20260210,08011,Bent County,CO,97.99,2.01,0.00,0.00,0.00,0.00,2026-02-10,2026-02-16,2
20260203,08011,Bent County,CO,97.99,2.01,0.00,0.00,0.00,0.00,2026-02-03,2026-02-09,2
20260127,08011,Bent County,CO,97.99,2.01,0.00,0.00,0.00,0.00,2026-01-27,2026-02-02,2
20260120,08011,Bent County,CO,98.27,1.73,0.00,0.00,0.00,0.00,2026-01-20,2026-01-26,2
20260113,08011,Bent County,CO,98.27,1.73,0.00,0.00,0.00,0.00,2026-01-13,2026-01-19,2
20260106,08011,Bent County,CO,78.82,19.70,1.47,0.00,0.00,0.00,2026-01-06,2026-01-12,2
20251230,08011,Bent County,CO,85.20,13.33,1.47,0.00,0.00,0.00,2025-12-30,2026-01-05,2
20251223,08011,Bent County,CO,85.20,13.33,1.47,0.00,0.00,0.00,2025-12-23,2025-12-29,2
20251216,08011,Bent County,CO,85.20,13.33,1.47,0.00,0.00,0.00,2025-12-16,2025-12-22,2
20251209,08011,Bent County,CO,85.20,13.33,1.47,0.00,0.00,0.00,2025-12-09,2025-12-15,2
20251202,08011,Bent County,CO,85.20,13.33,1.47,0.00,0.00,0.00,2025-12-02,2025-12-08,2
20251125,08011,Bent County,CO,85.20,13.33,1.47,0.00,0.00,0.00,2025-11-25,2025-12-01,2
20251118,08011,Bent County,CO,55.45,43.08,1.47,0.00,0.00,0.00,2025-11-18,2025-11-24,2
20251111,08011,Bent County,CO,86.00,12.53,1.47,0.00,0.00,0.00,2025-11-11,2025-11-17,2
20251104,08011,Bent County,CO,85.99,14.01,0.00,0.00,0.00,0.00,2025-11-04,2025-11-10,2
20251028,08011,Bent County,CO,86.16,13.84,0.00,0.00,0.00,0.00,2025-10-28,2025-11-03,2
20251021,08011,Bent County,CO,86.16,13.84,0.00,0.00,0.00,0.00,2025-10-21,2025-10-27,2
20251014,08011,Bent County,CO,86.16,13.84,0.00,0.00,0.00,0.00,2025-10-14,2025-10-20,2
20251007,08011,Bent County,CO,86.16,13.84,0.00,0.00,0.00,0.00,2025-10-07,2025-10-13,2
20250930,08011,Bent County,CO,86.16,13.84,0.00,0.00,0.00,0.00,2025-09-30,2025-10-06,2
20261006,08013,Boulder County,CO,0.00,0.00,0.00,0.00,75.93,24.07,2026-10-06,2026-10-12,2
20260929,08013,Boulder County,CO,0.00,0.00,0.00,15.17,67.51,17.32,2026-09-29,2026-10-05,2
20260922,08013,Boulder County,CO,0.00,0.00,0.00,15.17,67.51,17.32,2026-09-22,2026-09-28,2
20260915,08013,Boulder County,CO,0.00,0.00,0.00,15.17,84.83,0.00,2026-09-15,2026-09-21,2
20260908,08013,Boulder County,CO,0.00,0.00,0.00,15.18,84.82,0.00,2026-09-08,2026-09-14,2
20260901,08013,Boulder County,CO,0.00,0.00,0.00,15.18,84.82,0.00,2026-09-01,2026-09-07,2
20260825,08013,Boulder County,CO,0.00,0.00,0.00,15.18,84.82,0.00,2026-08-25,2026-08-31,2
20260818,08013,Boulder County,CO,0.00,0.00,0.00,15.18,84.82,0.00,2026-08-18,2026-08-24,2
20260811,08013,Boulder County,CO,0.00,0.00,0.00,15.18,84.82,0.00,2026-08-11,2026-08-17,2
20260804,08013,Boulder County,CO,0.00,0.00,0.00,15.18,84.82,0.00,2026-08-04,2026-08-10,2
20260728,08013,Boulder County,CO,0.00,0.00,0.00,15.18,84.82,0.00,2026-07-28,2026-08-03,2
20260721,08013,Boulder County,CO,0.00,0.00,0.00,15.18,84.82,0.00,2026-07-21,2026-07-27,2
20260714,08013,Boulder County,CO,0.00,0.00,0.00,88.81,11.19,0.00,2026-07-14,2026-07-20,2
20260707,08013,Boulder County,CO,0.00,0.00,0.00,88.81,11.19,0.00,2026-07-07,2026-07-13,2
20260630,08013,Boulder County,CO,0.00,0.00,0.00,88.81,11.19,0.00,2026-06-30,2026-07-06,2
20260623,08013,Boulder County,CO,0.00,0.00,0.00,85.72,14.28,0.00,2026-06-23,2026-06-29,2
20260616,08013,Boulder County,CO,0.00,0.00,1.16,84.74,14.10,0.00,2026-06-16,2026-06-22,2
20260609,08013,Boulder County,CO,0.00,0.00,1.16,84.74,14.10,0.00,2026-06-09,2026-06-15,2
20260602,08013,Boulder County,CO,0.00,0.00,1.16,84.74,14.10,0.00,2026-06-02,2026-06-08,2
20260526,08013,Boulder County,CO,0.00,0.00,1.16,84.74,14.10,0.00,2026-05-26,2026-06-01,2
20260519,08013,Boulder County,CO,0.00,0.00,1.16,71.09,27.75,0.00,2026-05-19,2026-05-25,2
20260512,08013,Boulder County,CO,0.00,0.00,0.00,23.79,76.21,0.00,2026-05-12,2026-05-18,2
20260505,08013,Boulder County,CO,0.00,0.00,0.00,0.00,99.96,0.04,2026-05-05,2026-05-11,2
20260428,08013,Boulder County,CO,0.00,0.00,0.00,0.00,99.96,0.04,2026-04-28,2026-05-04,2
20260421,08013,Boulder County,CO,0.00,0.00,0.00,0.00,99.96,0.04,2026-04-21,2026-04-27,2
20260414,08013,Boulder County,CO,0.00,0.00,0.00,0.00,99.96,0.04,2026-04-14,2026-04-20,2
20260407,08013,Boulder County,CO,0.00,0.00,0.00,0.00,99.96,0.04,2026-04-07,2026-04-13,2
20260331,08013,Boulder County,CO,0.00,0.00,0.00,6.01,93.95,0.04,2026-03-31,2026-04-06,2
20260324,08013,Boulder County,CO,0.00,0.00,0.00,96.81,3.19,0.00,2026-03-24,2026-03-30,2
20260317,08013,Boulder County,CO,0.00,0.00,0.00,100.00,0.00,0.00,2026-03-17,2026-03-23,2
20260310,08013,Boulder County,CO,0.00,0.00,0.00,100.00,0.00,0.00,2026-03-10,2026-03-16,2
20260303,08013,Boulder County,CO,0.00,0.00,0.00,88.73,11.27,0.00,2026-03-03,2026-03-09,2
20260224,08013,Boulder County,CO,0.00,0.00,0.00,100.00,0.00,0.00,2026-02-24,2026-03-02,2
20260217,08013,Boulder County,CO,0.00,0.00,71.50,28.50,0.00,0.00,2026-02-17,2026-02-23,2
20260210,08013,Boulder County,CO,0.00,0.00,71.50,28.50,0.00,0.00,2026-02-10,2026-02-16,2
20260203,08013,Boulder County,CO,0.00,0.00,97.12,2.88,0.00,0.00,2026-02-03,2026-02-09,2
20260127,08013,Boulder County,CO,0.00,0.00,97.12,2.88,0.00,0.00,2026-01-27,2026-02-02,2
20260120,08013,Boulder County,CO,0.00,0.00,97.12,2.88,0.00,0.00,2026-01-20,2026-01-26,2
20260113,08013,Boulder County,CO,0.00,0.00,97.12,2.88,0.00,0.00,2026-01-13,2026-01-19,2
20260106,08013,Boulder County,CO,0.00,0.00,97.12,2.88,0.00,0.00,2026-01-06,2026-01-12,2
20251230,08013,Boulder County,CO,0.00,0.00,97.12,2.88,0.00,0.00,2025-12-30,2026-01-05,2
20251223,08013,Boulder County,CO,0.00,0.00,97.12,2.88,0.00,0.00,2025-12-23,2025-12-29,2
20251216,08013,Boulder County,CO,0.00,0.00,97.12,2.88,0.00,0.00,2025-12-16,2025-12-22,2
20251209,08013,Boulder County,CO,0.00,0.00,97.12,2.88,0.00,0.00,2025-12-09,2025-12-15,2
20251202,08013,Boulder County,CO,0.00,0.00,97.12,2.88,0.00,0.00,2025-12-02,2025-12-08,2
20251125,08013,Boulder County,CO,0.00,69.30,27.82,2.88,0.00,0.00,2025-11-25,2025-12-01,2
20251118,08013,Boulder County,CO,0.00,82.72,15.96,1.32,0.00,0.00,2025-11-18,2025-11-24,2
20251111,08013,Boulder County,CO,0.00,82.72,15.96,1.32,0.00,0.00,2025-11-11,2025-11-17,2
20251104,08013,Boulder County,CO,55.06,26.65,16.98,1.32,0.00,0.00,2025-11-04,2025-11-10,2
20251028,08013,Boulder County,CO,55.90,25.81,16.98,1.32,0.00,0.00,2025-10-28,2025-11-03,2
20251021,08013,Boulder County,CO,56.03,25.88,16.77,1.32,0.00,0.00,2025-10-21,2025-10-27,2
20251014,08013,Boulder County,CO,56.03,26.19,16.47,1.31,0.00,0.00,2025-10-14,2025-10-20,2
20251007,08013,Boulder County,CO,57.21,25.01,16.36,1.42,0.00,0.00,2025-10-07,2025-10-13,2
20250930,08013,Boulder County,CO,57.21,25.01,16.36,1.42,0.00,0.00,2025-09-30,2025-10-06,2
20261006,08014,Broomfield County,CO,0.00,0.00,0.00,0.00,0.00,100.00,2026-10-06,2026-10-12,2
20260929,08014,Broomfield County,CO,0.00,0.00,0.00,0.00,0.00,100.00,2026-09-29,2026-10-05,2
20260922,08014,Broomfield County,CO,0.00,0.00,0.00,0.00,0.00,100.00,2026-09-22,2026-09-28,2
20260915,08014,Broomfield County,CO,0.00,0.00,0.00,0.00,100.00,0.00,2026-09-15,2026-09-21,2
20260908,08014,Broomfield County,CO,0.00,0.00,0.00,0.00,100.00,0.00,2026-09-08,2026-09-14,2
20260901,08014,Broomfield County,CO,0.00,0.00,0.00,0.00,100.00,0.00,2026-09-01,2026-09-07,2
20260825,08014,Broomfield County,CO,0.00,0.00,0.00,0.00,100.00,0.00,2026-08-25,2026-08-31,2
20260818,08014,Broomfield County,CO,0.00,0.00,0.00,0.00,100.00,0.00,2026-08-18,2026-08-24,2
20260811,08014,Broomfield County,CO,0.00,0.00,0.00,0.00,100.00,0.00,2026-08-11,2026-08-17,2
20260804,08014,Broomfield County,CO,0.00,0.00,0.00,0.00,100.00,0.00,2026-08-04,2026-08-10,2
20260728,08014,Broomfield County,CO,0.00,0.00,0.00,0.00,100.00,0.00,2026-07-28,2026-08-03,2
20260721,08014,Broomfield County,CO,0.00,0.00,0.00,0.00,100.00,0.00,2026-07-21,2026-07-27,2
20260714,08014,Broomfield County,CO,0.00,0.00,0.00,100.00,0.00,0.00,2026-07-14,2026-07-20,2
20260707,08014,Broomfield County,CO,0.00,0.00,0.00,100.00,0.00,0.00,2026-07-07,2026-07-13,2
20260630,08014,Broomfield County,CO,0.00,0.00,0.00,100.00,0.00,0.00,2026-06-30,2026-07-06,2
20260623,08014,Broomfield County,CO,0.00,0.00,0.00,100.00,0.00,0.00,2026-06-23,2026-06-29,2
20260616,08014,Broomfield County,CO,0.00,0.00,0.00,100.00,0.00,0.00,2026-06-16,2026-06-22,2
20260609,08014,Broomfield County,CO,0.00,0.00,0.00,100.00,0.00,0.00,2026-06-09,2026-06-15,2
20260602,08014,Broomfield County,CO,0.00,0.00,0.00,100.00,0.00,0.00,2026-06-02,2026-06-08,2
20260526,08014,Broomfield County,CO,0.00,0.00,0.00,100.00,0.00,0.00,2026-05-26,2026-06-01,2
20260519,08014,Broomfield County,CO,0.00,0.00,0.00,58.51,41.49,0.00,2026-05-19,2026-05-25,2
20260512,08014,Broomfield County,CO,0.00,0.00,0.00,32.90,67.10,0.00,2026-05-12,2026-05-18,2
20260505,08014,Broomfield County,CO,0.00,0.00,0.00,0.00,100.00,0.00,2026-05-05,2026-05-11,2
20260428,08014,Broomfield County,CO,0.00,0.00,0.00,0.00,100.00,0.00,2026-04-28,2026-05-04,2
20260421,08014,Broomfield County,CO,0.00,0.00,0.00,0.00,100.00,0.00,2026-04-21,2026-04-27,2
20260414,08014,Broomfield County,CO,0.00,0.00,0.00,0.00,100.00,0.00,2026-04-14,2026-04-20,2
20260407,08014,Broomfield County,CO,0.00,0.00,0.00,0.00,100.00,0.00,2026-04-07,2026-04-13,2
20260331,08014,Broomfield County,CO,0.00,0.00,0.00,100.00,0.00,0.00,2026-03-31,2026-04-06,2
20260324,08014,Broomfield County,CO,0.00,0.00,0.00,100.00,0.00,0.00,2026-03-24,2026-03-30,2
20260317,08014,Broomfield County,CO,0.00,0.00,0.00,100.00,0.00,0.00,2026-03-17,2026-03-23,2
20260310,08014,Broomfield County,CO,0.00,0.00,0.00,100.00,0.00,0.00,2026-03-10,2026-03-16,2
20260303,08014,Broomfield County,CO,0.00,0.00,0.00,1.17,98.83,0.00,2026-03-03,2026-03-09,2
20260224,08014,Broomfield County,CO,0.00,0.00,0.00,100.00,0.00,0.00,2026-02-24,2026-03-02,2
20260217,08014,Broomfield County,CO,0.00,0.00,98.74,1.26,0.00,0.00,2026-02-17,2026-02-23,2
20260210,08014,Broomfield County,CO,0.00,0.00,98.74,1.26,0.00,0.00,2026-02-10,2026-02-16,2
20260203,08014,Broomfield County,CO,0.00,0.00,98.74,1.26,0.00,0.00,2026-02-03,2026-02-09,2
20260127,08014,Broomfield County,CO,0.00,0.00,100.00,0.00,0.00,0.00,2026-01-27,2026-02-02,2
20260120,08014,Broomfield County,CO,0.00,0.00,100.00,0.00,0.00,0.00,2026-01-20,2026-01-26,2
20260113,08014,Broomfield County,CO,0.00,0.00,100.00,0.00,0.00,0.00,2026-01-13,2026-01-19,2
20260106,08014,Broomfield County,CO,0.00,0.00,100.00,0.00,0.00,0.00,2026-01-06,2026-01-12,2
20251230,08014,Broomfield County,CO,0.00,0.00,100.00,0.00,0.00,0.00,2025-12-30,2026-01-05,2
20251223,08014,Broomfield County,CO,0.00,0.00,100.00,0.00,0.00,0.00,2025-12-23,2025-12-29,2
20251216,08014,Broomfield County,CO,0.00,0.00,100.00,0.00,0.00,0.00,2025-12-16,2025-12-22,2
20251209,08014,Broomfield County,CO,0.00,0.00,100.00,0.00,0.00,0.00,2025-12-09,2025-12-15,2
20251202,08014,Broomfield County,CO,0.00,0.00,100.00,0.00,0.00,0.00,2025-12-02,2025-12-08,2
20251125,08014,Broomfield County,CO,0.00,100.00,0.00,0.00,0.00,0.00,2025-11-25,2025-12-01,2
20251118,08014,Broomfield County,CO,0.00,100.00,0.00,0.00,0.00,0.00,2025-11-18,2025-11-24,2
20251111,08014,Broomfield County,CO,0.00,100.00,0.00,0.00,0.00,0.00,2025-11-11,2025-11-17,2
20251104,08014,Broomfield County,CO,100.00,0.00,0.00,0.00,0.00,0.00,2025-11-04,2025-11-10,2
20251028,08014,Broomfield County,CO,100.00,0.00,0.00,0.00,0.00,0.00,2025-10-28,2025-11-03,2
20251021,08014,Broomfield County,CO,100.00,0.00,0.00,0.00,0.00,0.00,2025-10-21,2025-10-27,2
20251014,08014,Broomfield County,CO,100.00,0.00,0.00,0.00,0.00,0.00,2025-10-14,2025-10-20,2
20251007,08014,Broomfield County,CO,100.00,0.00,0.00,0.00,0.00,0.00,2025-10-07,2025-10-13,2
20250930,08014,Broomfield County,CO,100.00,0.00,0.00,0.00,0.00,0.00,2025-09-30,2025-10-06,2
20261006,08015,Chaffee County,CO,0.00,0.00,0.00,0.00,24.69,75.31,2026-10-06,2026-10-12,2
20260929,08015,Chaffee County,CO,0.00,0.00,0.00,0.00,22.11,77.89,2026-09-29,2026-10-05,2
20260922,08015,Chaffee County,CO,0.00,0.00,0.00,0.00,22.11,77.89,2026-09-22,2026-09-28,2
20260915,08015,Chaffee County,CO,0.00,0.00,0.00,0.00,22.11,77.89,2026-09-15,2026-09-21,2
20260908,08015,Chaffee County,CO,0.00,0.00,0.00,0.00,22.11,77.89,2026-09-08,2026-09-14,2
20260901,08015,Chaffee County,CO,0.00,0.00,0.00,0.00,22.11,77.89,2026-09-01,2026-09-07,2
20260825,08015,Chaffee County,CO,0.00,0.00,0.00,0.00,22.11,77.89,2026-08-25,2026-08-31,2
20260818,08015,Chaffee County,CO,0.00,0.00,0.00,0.00,22.11,77.89,2026-08-18,2026-08-24,2
20260811,08015,Chaffee County,CO,0.00,0.00,0.00,0.00,22.11,77.89,2026-08-11,2026-08-17,2
20260804,08015,Chaffee County,CO,0.00,0.00,0.00,0.00,22.11,77.89,2026-08-04,2026-08-10,2
20260728,08015,Chaffee County,CO,0.00,0.00,0.00,0.00,22.11,77.89,2026-07-28,2026-08-03,2
20260721,08015,Chaffee County,CO,0.00,0.00,0.00,0.00,22.11,77.89,2026-07-21,2026-07-27,2
20260714,08015,Chaffee County,CO,0.00,0.00,0.00,0.00,22.11,77.89,2026-07-14,2026-07-20,2
20260707,08015,Chaffee County,CO,0.00,0.00,0.00,0.29,59.45,40.25,2026-07-07,2026-07-13,2
20260630,08015,Chaffee County,CO,0.00,0.00,0.00,0.29,76.49,23.22,2026-06-30,2026-07-06,2
20260623,08015,Chaffee County,CO,0.00,0.00,0.00,12.48,64.31,23.22,2026-06-23,2026-06-29,2
20260616,08015,Chaffee County,CO,0.00,0.00,0.00,12.48,64.31,23.22,2026-06-16,2026-06-22,2
20260609,08015,Chaffee County,CO,0.00,0.00,0.26,53.05,34.58,12.11,2026-06-09,2026-06-15,2
20260602,08015,Chaffee County,CO,0.00,0.00,0.26,53.05,34.58,12.11,2026-06-02,2026-06-08,2
20260526,08015,Chaffee County,CO,0.00,0.00,0.26,53.05,34.58,12.11,2026-05-26,2026-06-01,2
20260519,08015,Chaffee County,CO,0.00,0.00,0.26,53.05,34.58,12.11,2026-05-19,2026-05-25,2
20260512,08015,Chaffee County,CO,0.00,0.00,0.26,53.05,34.58,12.11,2026-05-12,2026-05-18,2
20260505,08015,Chaffee County,CO,0.00,0.00,0.26,53.05,34.58,12.11,2026-05-05,2026-05-11,2
20260428,08015,Chaffee County,CO,0.00,0.00,0.00,53.31,34.58,12.11,2026-04-28,2026-05-04,2
20260421,08015,Chaffee County,CO,0.00,0.00,0.00,51.78,36.11,12.11,2026-04-21,2026-04-27,2
20260414,08015,Chaffee County,CO,0.00,0.00,27.25,24.53,36.11,12.11,2026-04-14,2026-04-20,2
20260407,08015,Chaffee County,CO,0.00,0.00,27.25,24.53,36.11,12.11,2026-04-07,2026-04-13,2
20260331,08015,Chaffee County,CO,0.00,0.00,27.25,24.53,36.11,12.11,2026-03-31,2026-04-06,2
20260324,08015,Chaffee County,CO,0.00,22.58,19.55,39.62,18.25,0.00,2026-03-24,2026-03-30,2
20260317,08015,Chaffee County,CO,0.00,31.65,36.51,27.21,4.63,0.00,2026-03-17,2026-03-23,2
20260310,08015,Chaffee County,CO,0.00,31.05,37.11,27.21,4.63,0.00,2026-03-10,2026-03-16,2
20260303,08015,Chaffee County,CO,0.00,31.05,37.11,27.21,4.63,0.00,2026-03-03,2026-03-09,2
20260224,08015,Chaffee County,CO,0.00,31.05,37.11,27.21,4.63,0.00,2026-02-24,2026-03-02,2
20260217,08015,Chaffee County,CO,0.00,31.05,37.11,27.21,4.63,0.00,2026-02-17,2026-02-23,2
20260210,08015,Chaffee County,CO,0.00,31.05,37.11,27.21,4.63,0.00,2026-02-10,2026-02-16,2
20260203,08015,Chaffee County,CO,0.00,33.36,50.38,16.26,0.00,0.00,2026-02-03,2026-02-09,2
20260127,08015,Chaffee County,CO,0.00,33.36,50.38,16.26,0.00,0.00,2026-01-27,2026-02-02,2
20260120,08015,Chaffee County,CO,0.00,33.41,50.33,16.26,0.00,0.00,2026-01-20,2026-01-26,2
20260113,08015,Chaffee County,CO,0.00,33.41,50.33,16.26,0.00,0.00,2026-01-13,2026-01-19,2
20260106,08015,Chaffee County,CO,0.00,33.41,65.34,1.25,0.00,0.00,2026-01-06,2026-01-12,2
20251230,08015,Chaffee County,CO,0.00,89.54,9.21,1.25,0.00,0.00,2025-12-30,2026-01-05,2
20251223,08015,Chaffee County,CO,0.00,89.54,9.21,1.25,0.00,0.00,2025-12-23,2025-12-29,2
20251216,08015,Chaffee County,CO,0.00,89.54,10.46,0.00,0.00,0.00,2025-12-16,2025-12-22,2
20251209,08015,Chaffee County,CO,0.00,89.54,10.46,0.00,0.00,0.00,2025-12-09,2025-12-15,2
20251202,08015,Chaffee County,CO,0.00,89.54,10.46,0.00,0.00,0.00,2025-12-02,2025-12-08,2
20251125,08015,Chaffee County,CO,0.00,92.09,7.91,0.00,0.00,0.00,2025-11-25,2025-12-01,2
20251118,08015,Chaffee County,CO,0.00,92.09,7.91,0.00,0.00,0.00,2025-11-18,2025-11-24,2
20251111,08015,Chaffee County,CO,0.00,92.09,7.91,0.00,0.00,0.00,2025-11-11,2025-11-17,2
20251104,08015,Chaffee County,CO,0.00,91.80,8.20,0.00,0.00,0.00,2025-11-04,2025-11-10,2
20251028,08015,Chaffee County,CO,0.00,91.80,8.20,0.00,0.00,0.00,2025-10-28,2025-11-03,2
20251021,08015,Chaffee County,CO,0.00,91.83,8.17,0.00,0.00,0.00,2025-10-21,2025-10-27,2
20251014,08015,Chaffee County,CO,0.00,92.84,6.57,0.59,0.00,0.00,2025-10-14,2025-10-20,2
20251007,08015,Chaffee County,CO,0.00,2.00,94.83,3.17,0.00,0.00,2025-10-07,2025-10-13,2
20250930,08015,Chaffee County,CO,0.00,2.00,94.83,3.17,0.00,0.00,2025-09-30,2025-10-06,2
20261006,08017,Cheyenne County,CO,94.77,5.23,0.00,0.00,0.00,0.00,2026-10-06,2026-10-12,2
20260929,08017,Cheyenne County,CO,70.88,25.35,3.77,0.00,0.00,0.00,2026-09-29,2026-10-05,2
20260922,08017,Cheyenne County,CO,3.60,75.67,15.71,5.02,0.00,0.00,2026-09-22,2026-09-28,2
20260915,08017,Cheyenne County,CO,3.60,15.17,76.21,5.02,0.00,0.00,2026-09-15,2026-09-21,2
20260908,08017,Cheyenne County,CO,3.60,15.17,59.11,22.12,0.00,0.00,2026-09-08,2026-09-14,2
20260901,08017,Cheyenne County,CO,3.60,15.17,59.11,22.12,0.00,0.00,2026-09-01,2026-09-07,2
20260825,08017,Cheyenne County,CO,0.00,11.34,54.72,32.15,1.79,0.00,2026-08-25,2026-08-31,2
20260818,08017,Cheyenne County,CO,0.00,2.17,45.48,50.57,1.79,0.00,2026-08-18,2026-08-24,2
20260811,08017,Cheyenne County,CO,0.00,2.18,45.47,48.34,4.01,0.00,2026-08-11,2026-08-17,2
20260804,08017,Cheyenne County,CO,0.00,2.18,46.53,47.28,4.01,0.00,2026-08-04,2026-08-10,2
20260728,08017,Cheyenne County,CO,0.00,2.18,46.53,40.05,11.08,0.16,2026-07-28,2026-08-03,2
20260721,08017,Cheyenne County,CO,0.00,19.23,29.48,40.90,10.40,0.00,2026-07-21,2026-07-27,2
20260714,08017,Cheyenne County,CO,0.00,26.79,46.15,16.66,10.40,0.00,2026-07-14,2026-07-20,2
20260707,08017,Cheyenne County,CO,0.00,26.79,46.15,16.66,10.40,0.00,2026-07-07,2026-07-13,2
20260630,08017,Cheyenne County,CO,0.00,26.79,46.15,16.66,10.40,0.00,2026-06-30,2026-07-06,2
20260623,08017,Cheyenne County,CO,0.00,8.54,56.38,29.20,5.88,0.00,2026-06-23,2026-06-29,2
20260616,08017,Cheyenne County,CO,0.00,0.00,77.55,22.45,0.00,0.00,2026-06-16,2026-06-22,2
20260609,08017,Cheyenne County,CO,0.00,29.38,48.16,22.45,0.00,0.00,2026-06-09,2026-06-15,2
20260602,08017,Cheyenne County,CO,0.00,29.38,48.16,22.45,0.00,0.00,2026-06-02,2026-06-08,2
20260526,08017,Cheyenne County,CO,0.00,0.00,77.55,22.45,0.00,0.00,2026-05-26,2026-06-01,2
20260519,08017,Cheyenne County,CO,0.00,0.00,98.67,1.33,0.00,0.00,2026-05-19,2026-05-25,2
20260512,08017,Cheyenne County,CO,0.00,0.00,98.00,2.00,0.00,0.00,2026-05-12,2026-05-18,2
20260505,08017,Cheyenne County,CO,0.00,0.00,41.00,59.00,0.00,0.00,2026-05-05,2026-05-11,2
20260428,08017,Cheyenne County,CO,0.00,0.00,41.00,59.00,0.00,0.00,2026-04-28,2026-05-04,2
20260421,08017,Cheyenne County,CO,0.00,0.00,42.18,57.82,0.00,0.00,2026-04-21,2026-04-27,2
20260414,08017,Cheyenne County,CO,0.00,13.81,71.57,14.62,0.00,0.00,2026-04-14,2026-04-20,2
20260407,08017,Cheyenne County,CO,0.00,5.63,94.37,0.00,0.00,0.00,2026-04-07,2026-04-13,2
20260331,08017,Cheyenne County,CO,0.00,48.72,51.28,0.00,0.00,0.00,2026-03-31,2026-04-06,2
20260324,08017,Cheyenne County,CO,46.36,53.64,0.00,0.00,0.00,0.00,2026-03-24,2026-03-30,2
20260317,08017,Cheyenne County,CO,100.00,0.00,0.00,0.00,0.00,0.00,2026-03-17,2026-03-23,2
20260310,08017,Cheyenne County,CO,100.00,0.00,0.00,0.00,0.00,0.00,2026-03-10,2026-03-16,2
20260303,08017,Cheyenne County,CO,100.00,0.00,0.00,0.00,0.00,0.00,2026-03-03,2026-03-09,2
20260224,08017,Cheyenne County,CO,100.00,0.00,0.00,0.00,0.00,0.00,2026-02-24,2026-03-02,2
20260217,08017,Cheyenne County,CO,100.00,0.00,0.00,0.00,0.00,0.00,2026-02-17,2026-02-23,2
20260210,08017,Cheyenne County,CO,100.00,0.00,0.00,0.00,0.00,0.00,2026-02-10,2026-02-16,2
20260203,08017,Cheyenne County,CO,100.00,0.00,0.00,0.00,0.00,0.00,2026-02-03,2026-02-09,2
20260127,08017,Cheyenne County,CO,100.00,0.00,0.00,0.00,0.00,0.00,2026-01-27,2026-02-02,2
20260120,08017,Cheyenne County,CO,100.00,0.00,0.00,0.00,0.00,0.00,2026-01-20,2026-01-26,2
20260113,08017,Cheyenne County,CO,100.00,0.00,0.00,0.00,0.00,0.00,2026-01-13,2026-01-19,2
20260106,08017,Cheyenne County,CO,100.00,0.00,0.00,0.00,0.00,0.00,2026-01-06,2026-01-12,2
20251230,08017,Cheyenne County,CO,100.00,0.00,0.00,0.00,0.00,0.00,2025-12-30,2026-01-05,2
20251223,08017,Cheyenne County,CO,100.00,0.00,0.00,0.00,0.00,0.00,2025-12-23,2025-12-29,2
20251216,08017,Cheyenne County,CO,100.00,0.00,0.00,0.00,0.00,0.00,2025-12-16,2025-12-22,2
20251209,08017,Cheyenne County,CO,100.00,0.00,0.00,0.00,0.00,0.00,2025-12-09,2025-12-15,2
20251202,08017,Cheyenne County,CO,100.00,0.00,0.00,0.00,0.00,0.00,2025-12-02,2025-12-08,2
20251125,08017,Cheyenne County,CO,100.00,0.00,0.00,0.00,0.00,0.00,2025-11-25,2025-12-01,2
20251118,08017,Cheyenne County,CO,100.00,0.00,0.00,0.00,0.00,0.00,2025-11-18,2025-11-24,2
20251111,08017,Cheyenne County,CO,100.00,0.00,0.00,0.00,0.00,0.00,2025-11-11,2025-11-17,2
20251104,08017,Cheyenne County,CO,100.00,0.00,0.00,0.00,0.00,0.00,2025-11-04,2025-11-10,2
20251028,08017,Cheyenne County,CO,100.00,0.00,0.00,0.00,0.00,0.00,2025-10-28,2025-11-03,2
20251021,08017,Cheyenne County,CO,100.00,0.00,0.00,0.00,0.00,0.00,2025-10-21,2025-10-27,2
20251014,08017,Cheyenne County,CO,100.00,0.00,0.00,0.00,0.00,0.00,2025-10-14,2025-10-20,2
20251007,08017,Cheyenne County,CO,100.00,0.00,0.00,0.00,0.00,0.00,2025-10-07,2025-10-13,2
20250930,08017,Cheyenne County,CO,100.00,0.00,0.00,0.00,0.00,0.00,2025-09-30,2025-10-06,2
20261006,08019,Clear Creek County,CO,0.00,0.00,0.00,80.87,19.12,0.01,2026-10-06,2026-10-12,2
20260929,08019,Clear Creek County,CO,0.00,0.00,0.00,80.87,19.12,0.01,2026-09-29,2026-10-05,2
20260922,08019,Clear Creek County,CO,0.00,0.00,0.00,80.87,19.12,0.01,2026-09-22,2026-09-28,2
20260915,08019,Clear Creek County,CO,0.00,0.00,0.00,80.87,19.12,0.01,2026-09-15,2026-09-21,2
20260908,08019,Clear Creek County,CO,0.00,0.00,0.00,80.67,19.33,0.01,2026-09-08,2026-09-14,2
20260901,08019,Clear Creek County,CO,0.00,0.00,0.00,80.67,19.33,0.01,2026-09-01,2026-09-07,2
20260825,08019,Clear Creek County,CO,0.00,0.00,0.00,80.67,19.33,0.01,2026-08-25,2026-08-31,2
20260818,08019,Clear Creek County,CO,0.00,0.00,0.00,80.67,19.33,0.01,2026-08-18,2026-08-24,2
20260811,08019,Clear Creek County,CO,0.00,0.00,0.00,0.00,99.99,0.01,2026-08-11,2026-08-17,2
20260804,08019,Clear Creek County,CO,0.00,0.00,0.00,0.00,99.99,0.01,2026-08-04,2026-08-10,2
20260728,08019,Clear Creek County,CO,0.00,0.00,0.00,0.00,99.99,0.01,2026-07-28,2026-08-03,2
20260721,08019,Clear Creek County,CO,0.00,0.00,0.00,0.00,99.99,0.01,2026-07-21,2026-07-27,2
20260714,08019,Clear Creek County,CO,0.00,0.00,0.00,7.64,92.36,0.01,2026-07-14,2026-07-20,2
20260707,08019,Clear Creek County,CO,0.00,0.00,0.00,7.64,92.36,0.01,2026-07-07,2026-07-13,2
20260630,08019,Clear Creek County,CO,0.00,0.00,0.00,7.81,92.19,0.01,2026-06-30,2026-07-06,2
20260623,08019,Clear Creek County,CO,0.00,0.00,0.00,0.00,99.99,0.01,2026-06-23,2026-06-29,2
20260616,08019,Clear Creek County,CO,0.00,0.00,0.00,9.91,90.08,0.01,2026-06-16,2026-06-22,2
20260609,08019,Clear Creek County,CO,0.00,0.00,0.00,9.91,90.08,0.01,2026-06-09,2026-06-15,2
20260602,08019,Clear Creek County,CO,0.00,0.00,0.00,9.91,90.08,0.01,2026-06-02,2026-06-08,2
20260526,08019,Clear Creek County,CO,0.00,0.00,0.00,0.00,66.28,33.72,2026-05-26,2026-06-01,2
20260519,08019,Clear Creek County,CO,0.00,0.00,0.00,0.00,66.28,33.72,2026-05-19,2026-05-25,2
20260512,08019,Clear Creek County,CO,0.00,0.00,0.00,0.00,66.28,33.72,2026-05-12,2026-05-18,2
20260505,08019,Clear Creek County,CO,0.00,0.00,0.00,0.00,65.54,34.46,2026-05-05,2026-05-11,2
20260428,08019,Clear Creek County,CO,0.00,0.00,0.00,0.00,65.54,34.46,2026-04-28,2026-05-04,2
20260421,08019,Clear Creek County,CO,0.00,0.00,0.00,0.00,65.54,34.46,2026-04-21,2026-04-27,2
20260414,08019,Clear Creek County,CO,0.00,0.00,0.00,0.00,65.54,34.46,2026-04-14,2026-04-20,2
20260407,08019,Clear Creek County,CO,0.00,0.00,0.00,0.00,65.54,34.46,2026-04-07,2026-04-13,2
20260331,08019,Clear Creek County,CO,0.00,0.00,0.00,2.89,62.66,34.46,2026-03-31,2026-04-06,2
20260324,08019,Clear Creek County,CO,0.00,0.00,0.00,56.34,43.08,0.58,2026-03-24,2026-03-30,2
20260317,08019,Clear Creek County,CO,0.00,0.00,0.00,84.41,15.59,0.00,2026-03-17,2026-03-23,2
20260310,08019,Clear Creek County,CO,0.00,0.00,0.00,84.41,15.59,0.00,2026-03-10,2026-03-16,2
20260303,08019,Clear Creek County,CO,0.00,0.00,0.00,84.41,15.59,0.00,2026-03-03,2026-03-09,2
20260224,08019,Clear Creek County,CO,0.00,0.00,0.00,84.41,15.59,0.00,2026-02-24,2026-03-02,2
20260217,08019,Clear Creek County,CO,0.00,0.00,0.00,84.41,15.59,0.00,2026-02-17,2026-02-23,2
20260210,08019,Clear Creek County,CO,0.00,0.00,0.00,84.41,15.59,0.00,2026-02-10,2026-02-16,2
20260203,08019,Clear Creek County,CO,0.00,0.00,64.79,19.62,15.59,0.00,2026-02-03,2026-02-09,2
20260127,08019,Clear Creek County,CO,0.00,0.00,64.79,19.62,15.59,0.00,2026-01-27,2026-02-02,2
20260120,08019,Clear Creek County,CO,0.00,0.00,64.79,19.62,15.59,0.00,2026-01-20,2026-01-26,2
20260113,08019,Clear Creek County,CO,0.00,0.00,64.79,19.62,15.59,0.00,2026-01-13,2026-01-19,2
20260106,08019,Clear Creek County,CO,0.00,0.00,64.79,19.62,15.59,0.00,2026-01-06,2026-01-12,2
20251230,08019,Clear Creek County,CO,0.00,0.00,64.79,35.21,0.00,0.00,2025-12-30,2026-01-05,2
20251223,08019,Clear Creek County,CO,0.00,0.00,64.79,35.21,0.00,0.00,2025-12-23,2025-12-29,2
20251216,08019,Clear Creek County,CO,0.00,0.00,64.79,35.21,0.00,0.00,2025-12-16,2025-12-22,2
20251209,08019,Clear Creek County,CO,0.00,0.00,64.79,35.21,0.00,0.00,2025-12-09,2025-12-15,2
20251202,08019,Clear Creek County,CO,0.00,0.00,64.79,35.21,0.00,0.00,2025-12-02,2025-12-08,2
20251125,08019,Clear Creek County,CO,0.00,3.47,61.32,35.21,0.00,0.00,2025-11-25,2025-12-01,2
20251118,08019,Clear Creek County,CO,0.00,35.51,29.28,35.21,0.00,0.00,2025-11-18,2025-11-24,2
20251111,08019,Clear Creek County,CO,0.00,35.51,29.28,35.21,0.00,0.00,2025-11-11,2025-11-17,2
20251104,08019,Clear Creek County,CO,18.48,15.88,30.43,35.21,0.00,0.00,2025-11-04,2025-11-10,2
20251028,08019,Clear Creek County,CO,19.38,14.98,30.43,35.21,0.00,0.00,2025-10-28,2025-11-03,2
20251021,08019,Clear Creek County,CO,19.56,14.99,30.24,35.21,0.00,0.00,2025-10-21,2025-10-27,2
20251014,08019,Clear Creek County,CO,19.56,16.60,28.64,35.20,0.00,0.00,2025-10-14,2025-10-20,2
20251007,08019,Clear Creek County,CO,20.83,15.33,28.33,35.51,0.00,0.00,2025-10-07,2025-10-13,2
20250930,08019,Clear Creek County,CO,20.83,15.33,28.33,35.51,0.00,0.00,2025-09-30,2025-10-06,2
20261006,08021,Conejos County,CO,0.00,0.00,2.91,10.98,86.11,0.00,2026-10-06,2026-10-12,2
20260929,08021,Conejos County,CO,0.00,0.00,2.91,10.98,86.11,0.00,2026-09-29,2026-10-05,2
20260922,08021,Conejos County,CO,0.00,0.00,0.00,12.19,48.28,39.53,2026-09-22,2026-09-28,2
20260915,08021,Conejos County,CO,0.00,0.00,0.00,5.70,54.77,39.53,2026-09-15,2026-09-21,2
20260908,08021,Conejos County,CO,0.00,0.00,0.00,5.80,79.92,14.28,2026-09-08,2026-09-14,2
20260901,08021,Conejos County,CO,0.00,0.00,0.00,5.80,79.91,14.28,2026-09-01,2026-09-07,2
20260825,08021,Conejos County,CO,0.00,0.00,0.00,5.80,94.20,0.00,2026-08-25,2026-08-31,2
20260818,08021,Conejos County,CO,0.00,0.00,0.00,4.34,95.66,0.00,2026-08-18,2026-08-24,2
20260811,08021,Conejos County,CO,0.00,0.00,0.00,9.56,90.44,0.00,2026-08-11,2026-08-17,2
20260804,08021,Conejos County,CO,0.00,0.00,0.00,56.53,43.47,0.00,2026-08-04,2026-08-10,2
20260728,08021,Conejos County,CO,0.00,0.00,0.00,56.53,43.47,0.00,2026-07-28,2026-08-03,2
20260721,08021,Conejos County,CO,0.00,0.00,0.00,56.53,43.47,0.00,2026-07-21,2026-07-27,2
20260714,08021,Conejos County,CO,0.00,0.00,0.00,52.19,47.81,0.00,2026-07-14,2026-07-20,2
20260707,08021,Conejos County,CO,0.00,0.00,0.00,52.19,47.81,0.00,2026-07-07,2026-07-13,2
20260630,08021,Conejos County,CO,0.00,0.00,0.00,52.19,47.81,0.00,2026-06-30,2026-07-06,2
20260623,08021,Conejos County,CO,0.00,0.00,0.00,56.53,43.47,0.00,2026-06-23,2026-06-29,2
20260616,08021,Conejos County,CO,0.00,0.00,0.00,56.53,43.47,0.00,2026-06-16,2026-06-22,2
20260609,08021,Conejos County,CO,0.00,0.00,0.00,56.53,43.47,0.00,2026-06-09,2026-06-15,2
20260602,08021,Conejos County,CO,0.00,0.00,0.00,56.53,43.47,0.00,2026-06-02,2026-06-08,2
20260526,08021,Conejos County,CO,0.00,0.00,0.00,56.53,43.47,0.00,2026-05-26,2026-06-01,2
20260519,08021,Conejos County,CO,0.00,0.00,27.97,28.57,43.47,0.00,2026-05-19,2026-05-25,2
20260512,08021,Conejos County,CO,0.00,0.00,31.65,24.88,43.47,0.00,2026-05-12,2026-05-18,2
20260505,08021,Conejos County,CO,0.00,0.00,31.65,24.88,43.47,0.00,2026-05-05,2026-05-11,2
20260428,08021,Conejos County,CO,0.00,0.00,31.65,24.88,43.47,0.00,2026-04-28,2026-05-04,2
20260421,08021,Conejos County,CO,0.00,0.00,31.65,24.35,44.00,0.00,2026-04-21,2026-04-27,2
20260414,08021,Conejos County,CO,0.00,0.00,31.65,24.35,44.00,0.00,2026-04-14,2026-04-20,2
20260407,08021,Conejos County,CO,0.00,0.00,31.65,24.35,44.00,0.00,2026-04-07,2026-04-13,2
20260331,08021,Conejos County,CO,0.00,0.00,31.65,29.54,38.81,0.00,2026-03-31,2026-04-06,2
20260324,08021,Conejos County,CO,0.00,0.00,48.38,51.62,0.00,0.00,2026-03-24,2026-03-30,2
20260317,08021,Conejos County,CO,0.00,46.11,14.19,39.69,0.00,0.00,2026-03-17,2026-03-23,2
20260310,08021,Conejos County,CO,21.36,26.89,51.75,0.00,0.00,0.00,2026-03-10,2026-03-16,2
20260303,08021,Conejos County,CO,21.36,37.35,41.29,0.00,0.00,0.00,2026-03-03,2026-03-09,2
20260224,08021,Conejos County,CO,21.36,37.35,41.29,0.00,0.00,0.00,2026-02-24,2026-03-02,2
20260217,08021,Conejos County,CO,21.59,37.12,41.29,0.00,0.00,0.00,2026-02-17,2026-02-23,2
20260210,08021,Conejos County,CO,21.60,37.11,41.29,0.00,0.00,0.00,2026-02-10,2026-02-16,2
20260203,08021,Conejos County,CO,28.31,42.06,29.63,0.00,0.00,0.00,2026-02-03,2026-02-09,2
20260127,08021,Conejos County,CO,28.31,42.06,29.63,0.00,0.00,0.00,2026-01-27,2026-02-02,2
20260120,08021,Conejos County,CO,29.26,41.10,29.64,0.00,0.00,0.00,2026-01-20,2026-01-26,2
20260113,08021,Conejos County,CO,29.26,70.74,0.00,0.00,0.00,0.00,2026-01-13,2026-01-19,2
20260106,08021,Conejos County,CO,31.23,68.77,0.00,0.00,0.00,0.00,2026-01-06,2026-01-12,2
20251230,08021,Conejos County,CO,31.23,68.77,0.00,0.00,0.00,0.00,2025-12-30,2026-01-05,2
20251223,08021,Conejos County,CO,51.85,48.15,0.00,0.00,0.00,0.00,2025-12-23,2025-12-29,2
20251216,08021,Conejos County,CO,100.00,0.00,0.00,0.00,0.00,0.00,2025-12-16,2025-12-22,2
20251209,08021,Conejos County,CO,100.00,0.00,0.00,0.00,0.00,0.00,2025-12-09,2025-12-15,2
20251202,08021,Conejos County,CO,100.00,0.00,0.00,0.00,0.00,0.00,2025-12-02,2025-12-08,2
20251125,08021,Conejos County,CO,100.00,0.00,0.00,0.00,0.00,0.00,2025-11-25,2025-12-01,2
20251118,08021,Conejos County,CO,56.87,43.13,0.00,0.00,0.00,0.00,2025-11-18,2025-11-24,2
20251111,08021,Conejos County,CO,56.87,43.13,0.00,0.00,0.00,0.00,2025-11-11,2025-11-17,2
20251104,08021,Conejos County,CO,56.98,43.02,0.00,0.00,0.00,0.00,2025-11-04,2025-11-10,2
20251028,08021,Conejos County,CO,56.84,43.16,0.00,0.00,0.00,0.00,2025-10-28,2025-11-03,2
20251021,08021,Conejos County,CO,56.70,43.30,0.00,0.00,0.00,0.00,2025-10-21,2025-10-27,2
20251014,08021,Conejos County,CO,30.73,69.27,0.00,0.00,0.00,0.00,2025-10-14,2025-10-20,2
20251007,08021,Conejos County,CO,3.94,48.01,48.05,0.00,0.00,0.00,2025-10-07,2025-10-13,2
20250930,08021,Conejos County,CO,3.94,48.01,48.05,0.00,0.00,0.00,2025-09-30,2025-10-06,2
20261006,08023,Costilla County,CO,0.00,0.00,0.00,0.00,100.00,0.00,2026-10-06,2026-10-12,2
20260929,08023,Costilla County,CO,0.00,0.00,0.00,0.00,67.23,32.77,2026-09-29,2026-10-05,2
20260922,08023,Costilla County,CO,0.00,0.00,0.00,0.00,29.32,70.68,2026-09-22,2026-09-28,2
20260915,08023,Costilla County,CO,0.00,0.00,0.00,0.00,29.32,70.68,2026-09-15,2026-09-21,2
20260908,08023,Costilla County,CO,0.00,0.00,0.00,0.00,61.37,38.63,2026-09-08,2026-09-14,2
20260901,08023,Costilla County,CO,0.00,0.00,0.00,0.00,61.37,38.63,2026-09-01,2026-09-07,2
20260825,08023,Costilla County,CO,0.00,0.00,0.00,0.00,69.26,30.74,2026-08-25,2026-08-31,2
20260818,08023,Costilla County,CO,0.00,0.00,0.00,0.00,69.26,30.74,2026-08-18,2026-08-24,2
20260811,08023,Costilla County,CO,0.00,0.00,0.00,36.73,32.53,30.74,2026-08-11,2026-08-17,2
20260804,08023,Costilla County,CO,0.00,0.00,0.00,41.68,31.01,27.31,2026-08-04,2026-08-10,2
20260728,08023,Costilla County,CO,0.00,0.00,0.00,41.68,31.01,27.31,2026-07-28,2026-08-03,2
20260721,08023,Costilla County,CO,0.00,0.00,0.00,41.68,45.47,12.85,2026-07-21,2026-07-27,2
20260714,08023,Costilla County,CO,0.00,0.00,0.00,41.68,45.47,12.85,2026-07-14,2026-07-20,2
20260707,08023,Costilla County,CO,0.00,0.00,0.00,41.68,45.47,12.85,2026-07-07,2026-07-13,2
20260630,08023,Costilla County,CO,0.00,0.00,0.00,41.68,45.47,12.85,2026-06-30,2026-07-06,2
20260623,08023,Costilla County,CO,0.00,0.00,0.00,47.09,40.05,12.85,2026-06-23,2026-06-29,2
20260616,08023,Costilla County,CO,0.00,0.00,0.00,47.09,40.05,12.85,2026-06-16,2026-06-22,2
20260609,08023,Costilla County,CO,0.00,0.00,0.00,47.09,40.05,12.85,2026-06-09,2026-06-15,2
20260602,08023,Costilla County,CO,0.00,0.00,0.00,47.09,40.05,12.85,2026-06-02,2026-06-08,2
20260526,08023,Costilla County,CO,0.00,0.00,0.00,47.09,40.05,12.85,2026-05-26,2026-06-01,2
20260519,08023,Costilla County,CO,0.00,0.00,3.61,60.51,23.03,12.85,2026-05-19,2026-05-25,2
20260512,08023,Costilla County,CO,0.00,0.00,33.83,30.29,23.03,12.85,2026-05-12,2026-05-18,2
20260505,08023,Costilla County,CO,0.00,0.00,33.83,30.29,23.03,12.85,2026-05-05,2026-05-11,2
20260428,08023,Costilla County,CO,0.00,0.00,33.83,30.29,23.03,12.85,2026-04-28,2026-05-04,2
20260421,08023,Costilla County,CO,0.00,0.00,33.83,30.29,23.03,12.85,2026-04-21,2026-04-27,2
20260414,08023,Costilla County,CO,0.00,0.00,33.83,30.29,23.03,12.85,2026-04-14,2026-04-20,2
20260407,08023,Costilla County,CO,0.00,0.00,33.83,31.65,21.67,12.85,2026-04-07,2026-04-13,2
20260331,08023,Costilla County,CO,0.00,0.00,33.83,32.90,20.42,12.85,2026-03-31,2026-04-06,2
20260324,08023,Costilla County,CO,0.00,0.00,56.20,29.11,14.70,0.00,2026-03-24,2026-03-30,2
20260317,08023,Costilla County,CO,0.00,39.95,16.25,29.11,14.70,0.00,2026-03-17,2026-03-23,2
20260310,08023,Costilla County,CO,40.33,15.34,26.75,17.58,0.00,0.00,2026-03-10,2026-03-16,2
20260303,08023,Costilla County,CO,40.33,15.34,26.75,17.58,0.00,0.00,2026-03-03,2026-03-09,2
20260224,08023,Costilla County,CO,40.33,15.34,26.75,17.58,0.00,0.00,2026-02-24,2026-03-02,2
20260217,08023,Costilla County,CO,40.41,15.26,26.75,17.58,0.00,0.00,2026-02-17,2026-02-23,2
20260210,08023,Costilla County,CO,40.43,15.24,26.75,17.58,0.00,0.00,2026-02-10,2026-02-16,2
20260203,08023,Costilla County,CO,40.43,15.24,26.75,17.58,0.00,0.00,2026-02-03,2026-02-09,2
20260127,08023,Costilla County,CO,40.43,15.24,26.75,17.58,0.00,0.00,2026-01-27,2026-02-02,2
20260120,08023,Costilla County,CO,39.05,16.62,26.75,17.58,0.00,0.00,2026-01-20,2026-01-26,2
20260113,08023,Costilla County,CO,39.05,16.62,26.75,17.58,0.00,0.00,2026-01-13,2026-01-19,2
20260106,08023,Costilla County,CO,40.12,15.55,26.75,17.58,0.00,0.00,2026-01-06,2026-01-12,2
20251230,08023,Costilla County,CO,40.12,15.55,44.33,0.00,0.00,0.00,2025-12-30,2026-01-05,2
20251223,08023,Costilla County,CO,40.13,30.63,29.24,0.00,0.00,0.00,2025-12-23,2025-12-29,2
20251216,08023,Costilla County,CO,40.13,30.63,29.24,0.00,0.00,0.00,2025-12-16,2025-12-22,2
20251209,08023,Costilla County,CO,40.13,30.63,29.24,0.00,0.00,0.00,2025-12-09,2025-12-15,2
20251202,08023,Costilla County,CO,40.13,30.63,29.24,0.00,0.00,0.00,2025-12-02,2025-12-08,2
20251125,08023,Costilla County,CO,31.94,52.09,15.97,0.00,0.00,0.00,2025-11-25,2025-12-01,2
20251118,08023,Costilla County,CO,30.03,54.01,15.97,0.00,0.00,0.00,2025-11-18,2025-11-24,2
20251111,08023,Costilla County,CO,46.17,37.86,15.97,0.00,0.00,0.00,2025-11-11,2025-11-17,2
20251104,08023,Costilla County,CO,46.16,51.05,2.80,0.00,0.00,0.00,2025-11-04,2025-11-10,2
20251028,08023,Costilla County,CO,45.52,51.68,2.80,0.00,0.00,0.00,2025-10-28,2025-11-03,2
20251021,08023,Costilla County,CO,90.46,6.75,2.80,0.00,0.00,0.00,2025-10-21,2025-10-27,2
20251014,08023,Costilla County,CO,90.46,6.75,2.80,0.00,0.00,0.00,2025-10-14,2025-10-20,2
20251007,08023,Costilla County,CO,90.48,6.72,2.80,0.00,0.00,0.00,2025-10-07,2025-10-13,2
20250930,08023,Costilla County,CO,90.48,6.72,2.80,0.00,0.00,0.00,2025-09-30,2025-10-06,2
20261006,08025,Crowley County,CO,0.01,99.99,0.00,0.00,0.00,0.00,2026-10-06,2026-10-12,2
20260929,08025,Crowley County,CO,0.00,0.00,100.00,0.00,0.00,0.00,2026-09-29,2026-10-05,2
20260922,08025,Crowley County,CO,0.00,0.00,80.69,19.31,0.00,0.00,2026-09-22,2026-09-28,2
20260915,08025,Crowley County,CO,0.00,0.00,9.02,85.58,5.39,0.00,2026-09-15,2026-09-21,2
20260908,08025,Crowley County,CO,0.00,0.00,9.19,66.55,24.26,0.00,2026-09-08,2026-09-14,2
20260901,08025,Crowley County,CO,0.00,0.00,9.19,66.55,24.26,0.00,2026-09-01,2026-09-07,2
20260825,08025,Crowley County,CO,0.00,0.00,9.19,66.55,23.23,1.03,2026-08-25,2026-08-31,2
20260818,08025,Crowley County,CO,0.00,0.00,6.67,69.07,23.23,1.03,2026-08-18,2026-08-24,2
20260811,08025,Crowley County,CO,0.00,0.00,6.67,69.07,23.23,1.03,2026-08-11,2026-08-17,2
20260804,08025,Crowley County,CO,0.00,0.00,6.67,69.07,23.23,1.03,2026-08-04,2026-08-10,2
20260728,08025,Crowley County,CO,0.00,0.00,0.00,48.59,30.00,21.40,2026-07-28,2026-08-03,2
20260721,08025,Crowley County,CO,0.00,0.00,0.00,48.59,30.00,21.40,2026-07-21,2026-07-27,2
20260714,08025,Crowley County,CO,0.00,0.00,0.00,50.54,28.05,21.40,2026-07-14,2026-07-20,2
20260707,08025,Crowley County,CO,0.00,0.00,0.00,50.54,28.05,21.40,2026-07-07,2026-07-13,2
20260630,08025,Crowley County,CO,0.00,0.00,0.00,50.54,42.66,6.79,2026-06-30,2026-07-06,2
20260623,08025,Crowley County,CO,0.00,0.00,0.00,53.02,40.19,6.79,2026-06-23,2026-06-29,2
20260616,08025,Crowley County,CO,0.00,0.00,0.42,56.36,43.22,0.00,2026-06-16,2026-06-22,2
20260609,08025,Crowley County,CO,0.00,0.00,22.31,34.47,43.22,0.00,2026-06-09,2026-06-15,2
20260602,08025,Crowley County,CO,0.00,0.00,22.31,55.48,22.21,0.00,2026-06-02,2026-06-08,2
20260526,08025,Crowley County,CO,0.00,0.00,22.31,55.48,22.21,0.00,2026-05-26,2026-06-01,2
20260519,08025,Crowley County,CO,0.00,22.54,49.54,27.92,0.00,0.00,2026-05-19,2026-05-25,2
20260512,08025,Crowley County,CO,0.00,22.54,49.54,27.92,0.00,0.00,2026-05-12,2026-05-18,2
20260505,08025,Crowley County,CO,0.00,22.54,49.54,27.92,0.00,0.00,2026-05-05,2026-05-11,2
20260428,08025,Crowley County,CO,0.00,0.00,63.83,36.17,0.00,0.00,2026-04-28,2026-05-04,2
20260421,08025,Crowley County,CO,0.00,0.00,72.97,27.03,0.00,0.00,2026-04-21,2026-04-27,2
20260414,08025,Crowley County,CO,0.00,0.00,76.93,23.07,0.00,0.00,2026-04-14,2026-04-20,2
20260407,08025,Crowley County,CO,0.00,0.00,100.00,0.00,0.00,0.00,2026-04-07,2026-04-13,2
20260331,08025,Crowley County,CO,0.00,74.46,25.54,0.00,0.00,0.00,2026-03-31,2026-04-06,2
20260324,08025,Crowley County,CO,70.28,29.72,0.00,0.00,0.00,0.00,2026-03-24,2026-03-30,2
20260317,08025,Crowley County,CO,98.07,1.93,0.00,0.00,0.00,0.00,2026-03-17,2026-03-23,2
20260310,08025,Crowley County,CO,98.07,1.93,0.00,0.00,0.00,0.00,2026-03-10,2026-03-16,2
20260303,08025,Crowley County,CO,98.07,1.93,0.00,0.00,0.00,0.00,2026-03-03,2026-03-09,2
20260224,08025,Crowley County,CO,98.07,1.93,0.00,0.00,0.00,0.00,2026-02-24,2026-03-02,2
20260217,08025,Crowley County,CO,98.45,1.55,0.00,0.00,0.00,0.00,2026-02-17,2026-02-23,2
20260210,08025,Crowley County,CO,98.48,1.52,0.00,0.00,0.00,0.00,2026-02-10,2026-02-16,2
20260203,08025,Crowley County,CO,98.48,1.52,0.00,0.00,0.00,0.00,2026-02-03,2026-02-09,2
20260127,08025,Crowley County,CO,98.48,1.52,0.00,0.00,0.00,0.00,2026-01-27,2026-02-02,2
20260120,08025,Crowley County,CO,98.36,1.64,0.00,0.00,0.00,0.00,2026-01-20,2026-01-26,2
20260113,08025,Crowley County,CO,98.36,1.64,0.00,0.00,0.00,0.00,2026-01-13,2026-01-19,2
20260106,08025,Crowley County,CO,72.38,27.38,0.24,0.00,0.00,0.00,2026-01-06,2026-01-12,2
20251230,08025,Crowley County,CO,72.38,27.38,0.24,0.00,0.00,0.00,2025-12-30,2026-01-05,2
20251223,08025,Crowley County,CO,72.38,27.38,0.24,0.00,0.00,0.00,2025-12-23,2025-12-29,2
20251216,08025,Crowley County,CO,72.38,27.38,0.24,0.00,0.00,0.00,2025-12-16,2025-12-22,2
20251209,08025,Crowley County,CO,72.38,27.38,0.24,0.00,0.00,0.00,2025-12-09,2025-12-15,2
20251202,08025,Crowley County,CO,65.08,34.67,0.24,0.00,0.00,0.00,2025-12-02,2025-12-08,2
20251125,08025,Crowley County,CO,65.08,34.67,0.24,0.00,0.00,0.00,2025-11-25,2025-12-01,2
20251118,08025,Crowley County,CO,65.08,34.08,0.83,0.00,0.00,0.00,2025-11-18,2025-11-24,2
20251111,08025,Crowley County,CO,65.08,34.08,0.83,0.00,0.00,0.00,2025-11-11,2025-11-17,2
20251104,08025,Crowley County,CO,90.04,9.96,0.00,0.00,0.00,0.00,2025-11-04,2025-11-10,2
20251028,08025,Crowley County,CO,98.07,1.93,0.00,0.00,0.00,0.00,2025-10-28,2025-11-03,2
20251021,08025,Crowley County,CO,98.07,1.93,0.00,0.00,0.00,0.00,2025-10-21,2025-10-27,2
20251014,08025,Crowley County,CO,98.07,1.93,0.00,0.00,0.00,0.00,2025-10-14,2025-10-20,2
20251007,08025,Crowley County,CO,98.07,1.93,0.00,0.00,0.00,0.00,2025-10-07,2025-10-13,2
20250930,08025,Crowley County,CO,98.07,1.93,0.00,0.00,0.00,0.00,2025-09-30,2025-10-06,2
20261006,08027,Custer County,CO,0.00,0.00,0.00,69.17,30.83,0.00,2026-10-06,2026-10-12,2
20260929,08027,Custer County,CO,0.00,0.00,0.00,0.00,100.00,0.00,2026-09-29,2026-10-05,2
20260922,08027,Custer County,CO,0.00,0.00,0.00,0.00,100.00,0.00,2026-09-22,2026-09-28,2
20260915,08027,Custer County,CO,0.00,0.00,0.00,0.00,100.00,0.00,2026-09-15,2026-09-21,2
20260908,08027,Custer County,CO,0.00,0.00,0.00,0.00,100.00,0.00,2026-09-08,2026-09-14,2
20260901,08027,Custer County,CO,0.00,0.00,0.00,0.00,100.00,0.00,2026-09-01,2026-09-07,2
20260825,08027,Custer County,CO,0.00,0.00,0.00,0.00,99.06,0.94,2026-08-25,2026-08-31,2
20260818,08027,Custer County,CO,0.00,0.00,0.00,0.00,99.06,0.94,2026-08-18,2026-08-24,2
20260811,08027,Custer County,CO,0.00,0.00,0.00,0.00,99.06,0.94,2026-08-11,2026-08-17,2
20260804,08027,Custer County,CO,0.00,0.00,0.00,0.00,99.06,0.94,2026-08-04,2026-08-10,2
20260728,08027,Custer County,CO,0.00,0.00,0.00,0.00,99.06,0.94,2026-07-28,2026-08-03,2
20260721,08027,Custer County,CO,0.00,0.00,0.00,0.00,100.00,0.00,2026-07-21,2026-07-27,2
20260714,08027,Custer County,CO,0.00,0.00,0.00,0.93,99.07,0.00,2026-07-14,2026-07-20,2
20260707,08027,Custer County,CO,0.00,0.00,0.00,30.86,69.14,0.00,2026-07-07,2026-07-13,2
20260630,08027,Custer County,CO,0.00,0.00,0.00,67.47,32.53,0.00,2026-06-30,2026-07-06,2
20260623,08027,Custer County,CO,0.00,0.00,0.00,90.76,9.24,0.00,2026-06-23,2026-06-29,2
20260616,08027,Custer County,CO,0.00,0.00,37.98,52.78,9.24,0.00,2026-06-16,2026-06-22,2
20260609,08027,Custer County,CO,0.00,0.00,58.51,39.14,2.35,0.00,2026-06-09,2026-06-15,2
20260602,08027,Custer County,CO,0.00,0.00,58.51,39.11,2.38,0.00,2026-06-02,2026-06-08,2
20260526,08027,Custer County,CO,0.00,0.00,1.08,96.54,2.38,0.00,2026-05-26,2026-06-01,2
20260519,08027,Custer County,CO,0.00,0.00,1.08,98.80,0.12,0.00,2026-05-19,2026-05-25,2
20260512,08027,Custer County,CO,0.00,0.00,1.08,98.80,0.12,0.00,2026-05-12,2026-05-18,2
20260505,08027,Custer County,CO,0.00,0.00,1.08,98.61,0.31,0.00,2026-05-05,2026-05-11,2
20260428,08027,Custer County,CO,0.00,0.00,1.08,98.61,0.31,0.00,2026-04-28,2026-05-04,2
20260421,08027,Custer County,CO,0.00,0.00,1.38,98.31,0.31,0.00,2026-04-21,2026-04-27,2
20260414,08027,Custer County,CO,0.00,0.00,53.95,45.74,0.31,0.00,2026-04-14,2026-04-20,2
20260407,08027,Custer County,CO,0.00,0.00,54.04,45.74,0.22,0.00,2026-04-07,2026-04-13,2
20260331,08027,Custer County,CO,0.00,0.00,54.04,45.74,0.22,0.00,2026-03-31,2026-04-06,2
20260324,08027,Custer County,CO,0.00,48.69,48.02,3.29,0.00,0.00,2026-03-24,2026-03-30,2
20260317,08027,Custer County,CO,0.60,48.09,48.02,3.29,0.00,0.00,2026-03-17,2026-03-23,2
20260310,08027,Custer County,CO,1.13,89.34,9.53,0.00,0.00,0.00,2026-03-10,2026-03-16,2
20260303,08027,Custer County,CO,1.13,89.34,9.53,0.00,0.00,0.00,2026-03-03,2026-03-09,2
20260224,08027,Custer County,CO,30.11,60.36,9.52,0.00,0.00,0.00,2026-02-24,2026-03-02,2
20260217,08027,Custer County,CO,30.99,59.49,9.52,0.00,0.00,0.00,2026-02-17,2026-02-23,2
20260210,08027,Custer County,CO,31.06,59.41,9.52,0.00,0.00,0.00,2026-02-10,2026-02-16,2
20260203,08027,Custer County,CO,31.06,59.41,9.52,0.00,0.00,0.00,2026-02-03,2026-02-09,2
20260127,08027,Custer County,CO,31.06,59.41,9.52,0.00,0.00,0.00,2026-01-27,2026-02-02,2
20260120,08027,Custer County,CO,30.99,59.49,9.52,0.00,0.00,0.00,2026-01-20,2026-01-26,2
20260113,08027,Custer County,CO,30.99,59.49,9.52,0.00,0.00,0.00,2026-01-13,2026-01-19,2
20260106,08027,Custer County,CO,38.91,51.54,9.55,0.00,0.00,0.00,2026-01-06,2026-01-12,2
20251230,08027,Custer County,CO,38.91,51.54,9.55,0.00,0.00,0.00,2025-12-30,2026-01-05,2
20251223,08027,Custer County,CO,58.19,32.94,8.87,0.00,0.00,0.00,2025-12-23,2025-12-29,2
20251216,08027,Custer County,CO,58.19,32.94,8.87,0.00,0.00,0.00,2025-12-16,2025-12-22,2
20251209,08027,Custer County,CO,58.19,32.94,8.87,0.00,0.00,0.00,2025-12-09,2025-12-15,2
20251202,08027,Custer County,CO,56.36,34.77,8.87,0.00,0.00,0.00,2025-12-02,2025-12-08,2
20251125,08027,Custer County,CO,56.36,34.77,8.87,0.00,0.00,0.00,2025-11-25,2025-12-01,2
20251118,08027,Custer County,CO,12.18,78.92,8.90,0.00,0.00,0.00,2025-11-18,2025-11-24,2
20251111,08027,Custer County,CO,12.18,78.92,8.90,0.00,0.00,0.00,2025-11-11,2025-11-17,2
20251104,08027,Custer County,CO,27.53,63.57,8.90,0.00,0.00,0.00,2025-11-04,2025-11-10,2
20251028,08027,Custer County,CO,29.81,61.28,8.90,0.00,0.00,0.00,2025-10-28,2025-11-03,2
20251021,08027,Custer County,CO,29.73,61.37,8.90,0.00,0.00,0.00,2025-10-21,2025-10-27,2
20251014,08027,Custer County,CO,5.64,79.37,14.99,0.00,0.00,0.00,2025-10-14,2025-10-20,2
20251007,08027,Custer County,CO,6.65,78.37,14.99,0.00,0.00,0.00,2025-10-07,2025-10-13,2
20250930,08027,Custer County,CO,6.65,78.37,14.99,0.00,0.00,0.00,2025-09-30,2025-10-06,2
20261006,08029,Delta County,CO,0.00,0.00,17.30,48.68,34.02,0.00,2026-10-06,2026-10-12,2
20260929,08029,Delta County,CO,0.00,0.00,17.30,48.68,34.02,0.00,2026-09-29,2026-10-05,2
20260922,08029,Delta County,CO,0.00,0.00,0.00,65.98,34.02,0.00,2026-09-22,2026-09-28,2
20260915,08029,Delta County,CO,0.00,0.00,0.00,65.98,33.99,0.03,2026-09-15,2026-09-21,2
20260908,08029,Delta County,CO,0.00,0.00,0.00,36.90,62.96,0.14,2026-09-08,2026-09-14,2
20260901,08029,Delta County,CO,0.00,0.00,0.00,64.88,34.98,0.14,2026-09-01,2026-09-07,2
20260825,08029,Delta County,CO,0.00,0.00,0.00,64.88,34.98,0.14,2026-08-25,2026-08-31,2
20260818,08029,Delta County,CO,0.00,0.00,0.00,64.88,34.98,0.14,2026-08-18,2026-08-24,2
20260811,08029,Delta County,CO,0.00,0.00,0.00,64.88,34.98,0.14,2026-08-11,2026-08-17,2
20260804,08029,Delta County,CO,0.00,0.00,0.00,64.88,34.98,0.14,2026-08-04,2026-08-10,2
20260728,08029,Delta County,CO,0.00,0.00,0.00,64.88,34.98,0.14,2026-07-28,2026-08-03,2
20260721,08029,Delta County,CO,0.00,0.00,0.00,64.88,34.98,0.14,2026-07-21,2026-07-27,2
20260714,08029,Delta County,CO,0.00,0.00,0.00,64.69,35.17,0.14,2026-07-14,2026-07-20,2
20260707,08029,Delta County,CO,0.00,0.00,0.00,64.69,35.17,0.14,2026-07-07,2026-07-13,2
20260630,08029,Delta County,CO,0.00,0.00,0.00,64.69,35.17,0.14,2026-06-30,2026-07-06,2
20260623,08029,Delta County,CO,0.00,0.00,0.00,68.01,31.85,0.14,2026-06-23,2026-06-29,2
20260616,08029,Delta County,CO,0.00,0.00,0.00,68.01,31.85,0.14,2026-06-16,2026-06-22,2
20260609,08029,Delta County,CO,0.00,0.00,0.00,62.16,37.70,0.14,2026-06-09,2026-06-15,2
20260602,08029,Delta County,CO,0.00,0.00,0.00,64.35,35.51,0.14,2026-06-02,2026-06-08,2
20260526,08029,Delta County,CO,0.00,0.00,2.10,62.25,35.51,0.14,2026-05-26,2026-06-01,2
20260519,08029,Delta County,CO,0.00,0.00,2.10,62.25,35.51,0.14,2026-05-19,2026-05-25,2
20260512,08029,Delta County,CO,0.00,0.00,2.10,62.25,35.51,0.14,2026-05-12,2026-05-18,2
20260505,08029,Delta County,CO,0.00,0.00,2.10,62.25,35.51,0.14,2026-05-05,2026-05-11,2
20260428,08029,Delta County,CO,0.00,0.00,2.10,62.25,35.51,0.14,2026-04-28,2026-05-04,2
20260421,08029,Delta County,CO,0.00,0.00,2.10,46.04,48.33,3.53,2026-04-21,2026-04-27,2
20260414,08029,Delta County,CO,0.00,0.00,2.10,46.04,48.33,3.53,2026-04-14,2026-04-20,2
20260407,08029,Delta County,CO,0.00,0.00,2.10,46.04,48.33,3.53,2026-04-07,2026-04-13,2
20260331,08029,Delta County,CO,0.00,0.00,2.10,46.04,48.33,3.53,2026-03-31,2026-04-06,2
20260324,08029,Delta County,CO,0.00,0.00,2.10,92.54,5.36,0.00,2026-03-24,2026-03-30,2
20260317,08029,Delta County,CO,0.00,0.00,76.84,23.16,0.00,0.00,2026-03-17,2026-03-23,2
20260310,08029,Delta County,CO,0.00,0.00,76.84,23.16,0.00,0.00,2026-03-10,2026-03-16,2
20260303,08029,Delta County,CO,0.00,0.00,76.84,23.16,0.00,0.00,2026-03-03,2026-03-09,2
20260224,08029,Delta County,CO,0.00,0.00,94.37,5.63,0.00,0.00,2026-02-24,2026-03-02,2
20260217,08029,Delta County,CO,0.00,0.00,94.37,5.63,0.00,0.00,2026-02-17,2026-02-23,2
20260210,08029,Delta County,CO,0.00,0.00,94.37,5.63,0.00,0.00,2026-02-10,2026-02-16,2
20260203,08029,Delta County,CO,0.00,0.00,100.00,0.00,0.00,0.00,2026-02-03,2026-02-09,2
20260127,08029,Delta County,CO,0.00,0.00,100.00,0.00,0.00,0.00,2026-01-27,2026-02-02,2
20260120,08029,Delta County,CO,0.00,0.00,100.00,0.00,0.00,0.00,2026-01-20,2026-01-26,2
20260113,08029,Delta County,CO,0.00,0.00,100.00,0.00,0.00,0.00,2026-01-13,2026-01-19,2
20260106,08029,Delta County,CO,0.00,0.00,58.44,41.56,0.00,0.00,2026-01-06,2026-01-12,2
20251230,08029,Delta County,CO,0.00,0.00,58.44,41.56,0.00,0.00,2025-12-30,2026-01-05,2
20251223,08029,Delta County,CO,0.00,0.00,58.44,41.56,0.00,0.00,2025-12-23,2025-12-29,2
20251216,08029,Delta County,CO,0.00,0.00,58.44,41.56,0.00,0.00,2025-12-16,2025-12-22,2
20251209,08029,Delta County,CO,0.00,0.00,58.44,41.56,0.00,0.00,2025-12-09,2025-12-15,2
20251202,08029,Delta County,CO,0.00,0.00,58.44,41.56,0.00,0.00,2025-12-02,2025-12-08,2
20251125,08029,Delta County,CO,0.00,0.00,39.74,60.26,0.00,0.00,2025-11-25,2025-12-01,2
20251118,08029,Delta County,CO,0.00,0.00,39.74,60.26,0.00,0.00,2025-11-18,2025-11-24,2
20251111,08029,Delta County,CO,0.00,0.00,39.74,60.26,0.00,0.00,2025-11-11,2025-11-17,2
20251104,08029,Delta County,CO,0.00,0.00,39.74,60.26,0.00,0.00,2025-11-04,2025-11-10,2
20251028,08029,Delta County,CO,0.00,0.00,39.74,60.26,0.00,0.00,2025-10-28,2025-11-03,2
20251021,08029,Delta County,CO,0.00,0.00,39.74,60.26,0.00,0.00,2025-10-21,2025-10-27,2
20251014,08029,Delta County,CO,0.00,0.00,7.85,92.15,0.00,0.00,2025-10-14,2025-10-20,2
20251007,08029,Delta County,CO,0.00,0.00,0.00,7.59,92.41,0.00,2025-10-07,2025-10-13,2
20250930,08029,Delta County,CO,0.00,0.00,0.00,7.59,92.41,0.00,2025-09-30,2025-10-06,2
20261006,08031,Denver County,CO,0.00,0.00,0.00,99.85,0.15,0.00,2026-10-06,2026-10-12,2
20260929,08031,Denver County,CO,0.00,0.00,0.00,100.00,0.00,0.00,2026-09-29,2026-10-05,2
20260922,08031,Denver County,CO,0.00,0.00,0.00,49.14,50.86,0.00,2026-09-22,2026-09-28,2
20260915,08031,Denver County,CO,0.00,0.00,0.00,49.14,50.86,0.00,2026-09-15,2026-09-21,2
20260908,08031,Denver County,CO,0.00,0.00,0.00,49.50,50.50,0.00,2026-09-08,2026-09-14,2
20260901,08031,Denver County,CO,0.00,0.00,0.00,49.50,50.50,0.00,2026-09-01,2026-09-07,2
20260825,08031,Denver County,CO,0.00,0.00,0.00,49.50,50.50,0.00,2026-08-25,2026-08-31,2
20260818,08031,Denver County,CO,0.00,0.00,0.00,49.50,50.50,0.00,2026-08-18,2026-08-24,2
20260811,08031,Denver County,CO,0.00,0.00,0.00,0.00,63.59,36.41,2026-08-11,2026-08-17,2
20260804,08031,Denver County,CO,0.00,0.00,0.00,0.00,63.59,36.41,2026-08-04,2026-08-10,2
20260728,08031,Denver County,CO,0.00,0.00,0.00,0.00,100.00,0.00,2026-07-28,2026-08-03,2
20260721,08031,Denver County,CO,0.00,0.00,0.00,0.00,100.00,0.00,2026-07-21,2026-07-27,2
20260714,08031,Denver County,CO,0.00,0.00,0.00,95.37,4.63,0.00,2026-07-14,2026-07-20,2
20260707,08031,Denver County,CO,0.00,0.00,0.00,95.37,4.63,0.00,2026-07-07,2026-07-13,2
20260630,08031,Denver County,CO,0.00,0.00,0.00,100.00,0.00,0.00,2026-06-30,2026-07-06,2
20260623,08031,Denver County,CO,0.00,0.00,0.00,100.00,0.00,0.00,2026-06-23,2026-06-29,2
20260616,08031,Denver County,CO,0.00,0.00,0.00,100.00,0.00,0.00,2026-06-16,2026-06-22,2
20260609,08031,Denver County,CO,0.00,0.00,0.00,100.00,0.00,0.00,2026-06-09,2026-06-15,2
20260602,08031,Denver County,CO,0.00,0.00,0.00,100.00,0.00,0.00,2026-06-02,2026-06-08,2
20260526,08031,Denver County,CO,0.00,0.00,0.00,100.00,0.00,0.00,2026-05-26,2026-06-01,2
20260519,08031,Denver County,CO,0.00,0.00,0.00,87.99,12.01,0.00,2026-05-19,2026-05-25,2
20260512,08031,Denver County,CO,0.00,0.00,0.00,87.99,12.01,0.00,2026-05-12,2026-05-18,2
20260505,08031,Denver County,CO,0.00,0.00,0.00,0.00,100.00,0.00,2026-05-05,2026-05-11,2
20260428,08031,Denver County,CO,0.00,0.00,0.00,0.00,100.00,0.00,2026-04-28,2026-05-04,2
20260421,08031,Denver County,CO,0.00,0.00,0.00,0.00,100.00,0.00,2026-04-21,2026-04-27,2
20260414,08031,Denver County,CO,0.00,0.00,0.00,0.00,100.00,0.00,2026-04-14,2026-04-20,2
20260407,08031,Denver County,CO,0.00,0.00,0.00,88.27,11.73,0.00,2026-04-07,2026-04-13,2
20260331,08031,Denver County,CO,0.00,0.00,0.00,100.00,0.00,0.00,2026-03-31,2026-04-06,2
20260324,08031,Denver County,CO,0.00,0.00,0.00,100.00,0.00,0.00,2026-03-24,2026-03-30,2
20260317,08031,Denver County,CO,0.00,0.00,0.00,100.00,0.00,0.00,2026-03-17,2026-03-23,2
20260310,08031,Denver County,CO,0.00,0.00,0.00,100.00,0.00,0.00,2026-03-10,2026-03-16,2
20260303,08031,Denver County,CO,0.00,0.00,0.00,10.49,89.51,0.00,2026-03-03,2026-03-09,2
20260224,08031,Denver County,CO,0.00,0.00,0.00,100.00,0.00,0.00,2026-02-24,2026-03-02,2
20260217,08031,Denver County,CO,0.00,0.00,21.84,78.16,0.00,0.00,2026-02-17,2026-02-23,2
20260210,08031,Denver County,CO,0.00,0.00,21.84,78.16,0.00,0.00,2026-02-10,2026-02-16,2
20260203,08031,Denver County,CO,0.00,0.00,22.17,77.83,0.00,0.00,2026-02-03,2026-02-09,2
20260127,08031,Denver County,CO,0.00,0.00,91.12,8.88,0.00,0.00,2026-01-27,2026-02-02,2
20260120,08031,Denver County,CO,0.00,0.00,91.12,8.88,0.00,0.00,2026-01-20,2026-01-26,2
20260113,08031,Denver County,CO,0.00,0.00,91.12,8.88,0.00,0.00,2026-01-13,2026-01-19,2
20260106,08031,Denver County,CO,0.00,0.00,91.12,8.88,0.00,0.00,2026-01-06,2026-01-12,2
20251230,08031,Denver County,CO,0.00,0.90,90.21,8.88,0.00,0.00,2025-12-30,2026-01-05,2
20251223,08031,Denver County,CO,0.00,0.90,90.21,8.88,0.00,0.00,2025-12-23,2025-12-29,2
20251216,08031,Denver County,CO,0.00,0.90,90.21,8.88,0.00,0.00,2025-12-16,2025-12-22,2
20251209,08031,Denver County,CO,0.00,0.90,90.21,8.88,0.00,0.00,2025-12-09,2025-12-15,2
20251202,08031,Denver County,CO,0.00,0.90,90.21,8.88,0.00,0.00,2025-12-02,2025-12-08,2
20251125,08031,Denver County,CO,0.05,89.99,9.96,0.00,0.00,0.00,2025-11-25,2025-12-01,2
20251118,08031,Denver County,CO,0.05,89.99,9.96,0.00,0.00,0.00,2025-11-18,2025-11-24,2
20251111,08031,Denver County,CO,0.05,89.99,9.96,0.00,0.00,0.00,2025-11-11,2025-11-17,2
20251104,08031,Denver County,CO,0.50,89.54,9.96,0.00,0.00,0.00,2025-11-04,2025-11-10,2
20251028,08031,Denver County,CO,0.78,89.26,9.96,0.00,0.00,0.00,2025-10-28,2025-11-03,2
20251021,08031,Denver County,CO,0.78,89.26,9.96,0.00,0.00,0.00,2025-10-21,2025-10-27,2
20251014,08031,Denver County,CO,0.78,89.26,9.96,0.00,0.00,0.00,2025-10-14,2025-10-20,2
20251007,08031,Denver County,CO,0.78,89.26,9.96,0.00,0.00,0.00,2025-10-07,2025-10-13,2
20250930,08031,Denver County,CO,0.78,89.26,9.96,0.00,0.00,0.00,2025-09-30,2025-10-06,2
20261006,08033,Dolores County,CO,0.00,3.82,31.52,64.65,0.00,0.00,2026-10-06,2026-10-12,2
20260929,08033,Dolores County,CO,0.00,3.82,31.52,64.65,0.00,0.00,2026-09-29,2026-10-05,2
20260922,08033,Dolores County,CO,0.00,0.00,35.35,64.27,0.39,0.00,2026-09-22,2026-09-28,2
20260915,08033,Dolores County,CO,0.00,0.00,27.13,70.47,2.40,0.00,2026-09-15,2026-09-21,2
20260908,08033,Dolores County,CO,0.00,0.00,24.80,72.79,2.41,0.00,2026-09-08,2026-09-14,2
20260901,08033,Dolores County,CO,0.00,0.00,24.80,72.79,2.41,0.00,2026-09-01,2026-09-07,2
20260825,08033,Dolores County,CO,0.00,0.00,23.11,74.48,2.41,0.00,2026-08-25,2026-08-31,2
20260818,08033,Dolores County,CO,0.00,0.00,23.11,74.48,2.41,0.00,2026-08-18,2026-08-24,2
20260811,08033,Dolores County,CO,0.00,0.00,0.00,97.59,2.41,0.00,2026-08-11,2026-08-17,2
20260804,08033,Dolores County,CO,0.00,0.00,0.00,97.59,2.41,0.00,2026-08-04,2026-08-10,2
20260728,08033,Dolores County,CO,0.00,0.00,0.00,97.59,2.41,0.00,2026-07-28,2026-08-03,2
20260721,08033,Dolores County,CO,0.00,0.00,0.00,97.59,2.41,0.00,2026-07-21,2026-07-27,2
20260714,08033,Dolores County,CO,0.00,0.00,0.00,27.28,72.72,0.00,2026-07-14,2026-07-20,2
20260707,08033,Dolores County,CO,0.00,0.00,0.00,27.28,72.72,0.00,2026-07-07,2026-07-13,2
20260630,08033,Dolores County,CO,0.00,0.00,0.00,92.87,7.13,0.00,2026-06-30,2026-07-06,2
20260623,08033,Dolores County,CO,0.00,0.00,0.00,92.87,7.13,0.00,2026-06-23,2026-06-29,2
20260616,08033,Dolores County,CO,0.00,0.00,0.00,92.87,7.13,0.00,2026-06-16,2026-06-22,2
20260609,08033,Dolores County,CO,0.00,0.00,0.00,92.87,7.13,0.00,2026-06-09,2026-06-15,2
20260602,08033,Dolores County,CO,0.00,0.00,0.00,92.87,7.13,0.00,2026-06-02,2026-06-08,2
20260526,08033,Dolores County,CO,0.00,0.00,0.00,92.87,7.13,0.00,2026-05-26,2026-06-01,2
20260519,08033,Dolores County,CO,0.00,0.00,0.00,78.75,21.25,0.00,2026-05-19,2026-05-25,2
20260512,08033,Dolores County,CO,0.00,0.00,0.00,78.75,21.25,0.00,2026-05-12,2026-05-18,2
20260505,08033,Dolores County,CO,0.00,0.00,0.00,78.75,21.25,0.00,2026-05-05,2026-05-11,2
20260428,08033,Dolores County,CO,0.00,0.00,0.00,78.75,21.25,0.00,2026-04-28,2026-05-04,2
20260421,08033,Dolores County,CO,0.00,0.00,0.00,36.01,62.75,1.23,2026-04-21,2026-04-27,2
20260414,08033,Dolores County,CO,0.00,0.00,0.00,36.01,62.75,1.23,2026-04-14,2026-04-20,2
20260407,08033,Dolores County,CO,0.00,0.00,0.00,36.01,62.75,1.23,2026-04-07,2026-04-13,2
20260331,08033,Dolores County,CO,0.00,0.00,0.00,0.00,98.77,1.23,2026-03-31,2026-04-06,2
20260324,08033,Dolores County,CO,0.00,0.00,0.00,98.32,1.68,0.00,2026-03-24,2026-03-30,2
20260317,08033,Dolores County,CO,0.00,0.00,98.32,1.68,0.00,0.00,2026-03-17,2026-03-23,2
20260310,08033,Dolores County,CO,0.00,0.00,98.32,1.68,0.00,0.00,2026-03-10,2026-03-16,2
20260303,08033,Dolores County,CO,0.00,81.03,17.28,1.68,0.00,0.00,2026-03-03,2026-03-09,2
20260224,08033,Dolores County,CO,0.00,81.03,17.28,1.68,0.00,0.00,2026-02-24,2026-03-02,2
20260217,08033,Dolores County,CO,0.00,81.03,15.59,3.38,0.00,0.00,2026-02-17,2026-02-23,2
20260210,08033,Dolores County,CO,0.00,81.03,15.59,3.38,0.00,0.00,2026-02-10,2026-02-16,2
20260203,08033,Dolores County,CO,0.00,81.03,18.97,0.00,0.00,0.00,2026-02-03,2026-02-09,2
20260127,08033,Dolores County,CO,0.00,81.03,18.97,0.00,0.00,0.00,2026-01-27,2026-02-02,2
20260120,08033,Dolores County,CO,0.00,81.02,18.98,0.00,0.00,0.00,2026-01-20,2026-01-26,2
20260113,08033,Dolores County,CO,0.00,100.00,0.00,0.00,0.00,0.00,2026-01-13,2026-01-19,2
20260106,08033,Dolores County,CO,0.00,100.00,0.00,0.00,0.00,0.00,2026-01-06,2026-01-12,2
20251230,08033,Dolores County,CO,0.00,100.00,0.00,0.00,0.00,0.00,2025-12-30,2026-01-05,2
20251223,08033,Dolores County,CO,0.00,100.00,0.00,0.00,0.00,0.00,2025-12-23,2025-12-29,2
20251216,08033,Dolores County,CO,23.74,76.26,0.00,0.00,0.00,0.00,2025-12-16,2025-12-22,2
20251209,08033,Dolores County,CO,23.74,76.26,0.00,0.00,0.00,0.00,2025-12-09,2025-12-15,2
20251202,08033,Dolores County,CO,23.74,76.26,0.00,0.00,0.00,0.00,2025-12-02,2025-12-08,2
20251125,08033,Dolores County,CO,23.74,76.26,0.00,0.00,0.00,0.00,2025-11-25,2025-12-01,2
20251118,08033,Dolores County,CO,23.74,76.26,0.00,0.00,0.00,0.00,2025-11-18,2025-11-24,2
20251111,08033,Dolores County,CO,23.74,76.26,0.00,0.00,0.00,0.00,2025-11-11,2025-11-17,2
20251104,08033,Dolores County,CO,23.65,76.35,0.00,0.00,0.00,0.00,2025-11-04,2025-11-10,2
20251028,08033,Dolores County,CO,23.98,76.02,0.00,0.00,0.00,0.00,2025-10-28,2025-11-03,2
20251021,08033,Dolores County,CO,24.14,75.86,0.00,0.00,0.00,0.00,2025-10-21,2025-10-27,2
20251014,08033,Dolores County,CO,1.85,22.02,76.13,0.00,0.00,0.00,2025-10-14,2025-10-20,2
20251007,08033,Dolores County,CO,0.00,0.00,3.22,96.78,0.00,0.00,2025-10-07,2025-10-13,2
20250930,08033,Dolores County,CO,0.00,0.00,0.00,100.00,0.00,0.00,2025-09-30,2025-10-06,2
20261006,08035,Douglas County,CO,0.00,0.00,7.16,53.75,39.08,0.00,2026-10-06,2026-10-12,2
20260929,08035,Douglas County,CO,0.00,0.00,10.01,50.90,39.08,0.00,2026-09-29,2026-10-05,2
20260922,08035,Douglas County,CO,0.00,0.00,0.00,48.97,51.03,0.00,2026-09-22,2026-09-28,2
20260915,08035,Douglas County,CO,0.00,0.00,0.00,48.97,51.03,0.00,2026-09-15,2026-09-21,2
20260908,08035,Douglas County,CO,0.00,0.00,0.00,48.85,51.15,0.00,2026-09-08,2026-09-14,2
20260901,08035,Douglas County,CO,0.00,0.00,0.00,48.85,51.15,0.00,2026-09-01,2026-09-07,2
20260825,08035,Douglas County,CO,0.00,0.00,0.00,32.34,67.66,0.00,2026-08-25,2026-08-31,2
20260818,08035,Douglas County,CO,0.00,0.00,0.00,32.34,67.66,0.00,2026-08-18,2026-08-24,2
20260811,08035,Douglas County,CO,0.00,0.00,0.00,30.39,65.45,4.17,2026-08-11,2026-08-17,2
20260804,08035,Douglas County,CO,0.00,0.00,8.63,21.76,65.45,4.17,2026-08-04,2026-08-10,2
20260728,08035,Douglas County,CO,0.00,0.00,8.63,24.55,66.82,0.00,2026-07-28,2026-08-03,2
20260721,08035,Douglas County,CO,0.00,0.00,8.63,24.55,66.82,0.00,2026-07-21,2026-07-27,2
20260714,08035,Douglas County,CO,0.00,3.86,15.78,40.97,39.39,0.00,2026-07-14,2026-07-20,2
20260707,08035,Douglas County,CO,0.00,3.86,15.78,41.84,38.52,0.00,2026-07-07,2026-07-13,2
20260630,08035,Douglas County,CO,0.00,3.86,57.62,38.52,0.00,0.00,2026-06-30,2026-07-06,2
20260623,08035,Douglas County,CO,0.00,3.86,57.62,38.52,0.00,0.00,2026-06-23,2026-06-29,2
20260616,08035,Douglas County,CO,0.00,3.86,57.62,38.52,0.00,0.00,2026-06-16,2026-06-22,2
20260609,08035,Douglas County,CO,0.00,3.86,57.62,38.52,0.00,0.00,2026-06-09,2026-06-15,2
20260602,08035,Douglas County,CO,0.00,3.86,57.62,38.52,0.00,0.00,2026-06-02,2026-06-08,2
20260526,08035,Douglas County,CO,0.00,3.86,57.62,38.52,0.00,0.00,2026-05-26,2026-06-01,2
20260519,08035,Douglas County,CO,0.00,0.00,61.48,38.52,0.00,0.00,2026-05-19,2026-05-25,2
20260512,08035,Douglas County,CO,0.00,0.00,12.22,87.78,0.00,0.00,2026-05-12,2026-05-18,2
20260505,08035,Douglas County,CO,0.00,0.00,9.03,66.48,24.49,0.00,2026-05-05,2026-05-11,2
20260428,08035,Douglas County,CO,0.00,0.00,7.74,67.78,24.49,0.00,2026-04-28,2026-05-04,2
20260421,08035,Douglas County,CO,0.00,0.00,7.74,62.38,29.88,0.00,2026-04-21,2026-04-27,2
20260414,08035,Douglas County,CO,0.00,0.00,8.51,71.23,20.27,0.00,2026-04-14,2026-04-20,2
20260407,08035,Douglas County,CO,0.00,8.80,66.10,25.10,0.00,0.00,2026-04-07,2026-04-13,2
20260331,08035,Douglas County,CO,0.00,14.46,60.44,25.10,0.00,0.00,2026-03-31,2026-04-06,2
20260324,08035,Douglas County,CO,0.00,14.46,60.44,25.10,0.00,0.00,2026-03-24,2026-03-30,2
20260317,08035,Douglas County,CO,0.00,14.46,60.44,25.10,0.00,0.00,2026-03-17,2026-03-23,2
20260310,08035,Douglas County,CO,0.00,13.50,31.27,55.23,0.00,0.00,2026-03-10,2026-03-16,2
20260303,08035,Douglas County,CO,0.00,13.50,31.27,40.24,14.99,0.00,2026-03-03,2026-03-09,2
20260224,08035,Douglas County,CO,1.87,11.63,31.27,55.23,0.00,0.00,2026-02-24,2026-03-02,2
20260217,08035,Douglas County,CO,2.65,16.36,27.03,53.95,0.00,0.00,2026-02-17,2026-02-23,2
20260210,08035,Douglas County,CO,2.64,16.37,27.03,53.95,0.00,0.00,2026-02-10,2026-02-16,2
20260203,08035,Douglas County,CO,2.64,16.37,27.13,53.85,0.00,0.00,2026-02-03,2026-02-09,2
20260127,08035,Douglas County,CO,2.64,16.56,54.79,26.01,0.00,0.00,2026-01-27,2026-02-02,2
20260120,08035,Douglas County,CO,3.09,16.19,54.72,26.01,0.00,0.00,2026-01-20,2026-01-26,2
20260113,08035,Douglas County,CO,0.00,19.28,54.72,26.01,0.00,0.00,2026-01-13,2026-01-19,2
20260106,08035,Douglas County,CO,0.00,19.28,54.72,26.01,0.00,0.00,2026-01-06,2026-01-12,2
20251230,08035,Douglas County,CO,3.04,24.96,45.99,26.01,0.00,0.00,2025-12-30,2026-01-05,2
20251223,08035,Douglas County,CO,3.04,24.96,45.99,26.01,0.00,0.00,2025-12-23,2025-12-29,2
20251216,08035,Douglas County,CO,3.04,24.96,45.99,26.01,0.00,0.00,2025-12-16,2025-12-22,2
20251209,08035,Douglas County,CO,3.04,24.96,45.99,26.01,0.00,0.00,2025-12-09,2025-12-15,2
20251202,08035,Douglas County,CO,3.04,24.96,45.99,26.01,0.00,0.00,2025-12-02,2025-12-08,2
20251125,08035,Douglas County,CO,7.47,65.74,26.79,0.00,0.00,0.00,2025-11-25,2025-12-01,2
20251118,08035,Douglas County,CO,1.91,71.30,26.79,0.00,0.00,0.00,2025-11-18,2025-11-24,2
20251111,08035,Douglas County,CO,1.91,71.30,26.79,0.00,0.00,0.00,2025-11-11,2025-11-17,2
20251104,08035,Douglas County,CO,1.89,71.32,26.79,0.00,0.00,0.00,2025-11-04,2025-11-10,2
20251028,08035,Douglas County,CO,64.79,28.02,7.19,0.00,0.00,0.00,2025-10-28,2025-11-03,2
20251021,08035,Douglas County,CO,65.26,27.55,7.19,0.00,0.00,0.00,2025-10-21,2025-10-27,2
20251014,08035,Douglas County,CO,65.26,27.55,7.19,0.00,0.00,0.00,2025-10-14,2025-10-20,2
20251007,08035,Douglas County,CO,65.26,27.55,7.19,0.00,0.00,0.00,2025-10-07,2025-10-13,2
20250930,08035,Douglas County,CO,65.26,27.55,7.19,0.00,0.00,0.00,2025-09-30,2025-10-06,2
20261006,08037,Eagle County,CO,0.00,0.00,0.00,0.00,0.30,99.70,2026-10-06,2026-10-12,2
20260929,08037,Eagle County,CO,0.00,0.00,0.00,0.00,0.30,99.70,2026-09-29,2026-10-05,2
20260922,08037,Eagle County,CO,0.00,0.00,0.00,0.00,0.30,99.70,2026-09-22,2026-09-28,2
20260915,08037,Eagle County,CO,0.00,0.00,0.00,0.00,0.00,100.00,2026-09-15,2026-09-21,2
20260908,08037,Eagle County,CO,0.00,0.00,0.00,0.00,0.00,100.00,2026-09-08,2026-09-14,2
20260901,08037,Eagle County,CO,0.00,0.00,0.00,0.00,0.00,100.00,2026-09-01,2026-09-07,2
20260825,08037,Eagle County,CO,0.00,0.00,0.00,0.00,0.00,100.00,2026-08-25,2026-08-31,2
20260818,08037,Eagle County,CO,0.00,0.00,0.00,0.00,0.00,100.00,2026-08-18,2026-08-24,2
20260811,08037,Eagle County,CO,0.00,0.00,0.00,0.00,0.00,100.00,2026-08-11,2026-08-17,2
20260804,08037,Eagle County,CO,0.00,0.00,0.00,0.00,0.00,100.00,2026-08-04,2026-08-10,2
20260728,08037,Eagle County,CO,0.00,0.00,0.00,0.00,0.00,100.00,2026-07-28,2026-08-03,2
20260721,08037,Eagle County,CO,0.00,0.00,0.00,0.00,0.00,100.00,2026-07-21,2026-07-27,2
20260714,08037,Eagle County,CO,0.00,0.00,0.00,0.00,0.00,100.00,2026-07-14,2026-07-20,2
20260707,08037,Eagle County,CO,0.00,0.00,0.00,0.00,0.00,100.00,2026-07-07,2026-07-13,2
20260630,08037,Eagle County,CO,0.00,0.00,0.00,0.00,0.00,100.00,2026-06-30,2026-07-06,2
20260623,08037,Eagle County,CO,0.00,0.00,0.00,0.00,0.00,100.00,2026-06-23,2026-06-29,2
20260616,08037,Eagle County,CO,0.00,0.00,0.00,0.00,0.00,100.00,2026-06-16,2026-06-22,2
20260609,08037,Eagle County,CO,0.00,0.00,0.00,0.00,0.00,100.00,2026-06-09,2026-06-15,2
20260602,08037,Eagle County,CO,0.00,0.00,0.00,0.00,0.00,100.00,2026-06-02,2026-06-08,2
20260526,08037,Eagle County,CO,0.00,0.00,0.00,0.00,0.00,100.00,2026-05-26,2026-06-01,2
20260519,08037,Eagle County,CO,0.00,0.00,0.00,0.00,0.00,100.00,2026-05-19,2026-05-25,2
20260512,08037,Eagle County,CO,0.00,0.00,0.00,0.00,0.00,100.00,2026-05-12,2026-05-18,2
20260505,08037,Eagle County,CO,0.00,0.00,0.00,0.00,0.00,100.00,2026-05-05,2026-05-11,2
20260428,08037,Eagle County,CO,0.00,0.00,0.00,0.00,0.00,100.00,2026-04-28,2026-05-04,2
20260421,08037,Eagle County,CO,0.00,0.00,0.00,0.00,0.00,100.00,2026-04-21,2026-04-27,2
20260414,08037,Eagle County,CO,0.00,0.00,0.00,0.00,0.00,100.00,2026-04-14,2026-04-20,2
20260407,08037,Eagle County,CO,0.00,0.00,0.00,0.00,0.00,100.00,2026-04-07,2026-04-13,2
20260331,08037,Eagle County,CO,0.00,0.00,0.00,0.00,0.00,100.00,2026-03-31,2026-04-06,2
20260324,08037,Eagle County,CO,0.00,0.00,0.00,0.00,5.17,94.83,2026-03-24,2026-03-30,2
20260317,08037,Eagle County,CO,0.00,0.00,0.00,0.00,80.56,19.44,2026-03-17,2026-03-23,2
20260310,08037,Eagle County,CO,0.00,0.00,0.00,0.00,80.56,19.44,2026-03-10,2026-03-16,2
20260303,08037,Eagle County,CO,0.00,0.00,0.00,0.00,80.56,19.44,2026-03-03,2026-03-09,2
20260224,08037,Eagle County,CO,0.00,0.00,0.00,0.00,80.56,19.44,2026-02-24,2026-03-02,2
20260217,08037,Eagle County,CO,0.00,0.00,0.00,0.00,80.56,19.44,2026-02-17,2026-02-23,2
20260210,08037,Eagle County,CO,0.00,0.00,0.00,0.00,80.56,19.44,2026-02-10,2026-02-16,2
20260203,08037,Eagle County,CO,0.00,0.00,0.00,0.00,80.56,19.44,2026-02-03,2026-02-09,2
20260127,08037,Eagle County,CO,0.00,0.00,0.00,0.00,80.56,19.44,2026-01-27,2026-02-02,2
20260120,08037,Eagle County,CO,0.00,0.00,0.00,0.00,80.56,19.44,2026-01-20,2026-01-26,2
20260113,08037,Eagle County,CO,0.00,0.00,0.00,26.57,54.00,19.44,2026-01-13,2026-01-19,2
20260106,08037,Eagle County,CO,0.00,0.00,0.00,26.57,55.10,18.33,2026-01-06,2026-01-12,2
20251230,08037,Eagle County,CO,0.00,0.00,0.00,26.57,56.87,16.57,2025-12-30,2026-01-05,2
20251223,08037,Eagle County,CO,0.00,0.00,0.00,46.13,37.30,16.57,2025-12-23,2025-12-29,2
20251216,08037,Eagle County,CO,0.00,0.00,0.00,46.13,53.87,0.00,2025-12-16,2025-12-22,2
20251209,08037,Eagle County,CO,0.00,0.00,0.00,46.13,53.87,0.00,2025-12-09,2025-12-15,2
20251202,08037,Eagle County,CO,0.00,0.00,0.00,46.13,53.87,0.00,2025-12-02,2025-12-08,2
20251125,08037,Eagle County,CO,0.00,0.00,0.00,50.22,49.78,0.00,2025-11-25,2025-12-01,2
20251118,08037,Eagle County,CO,0.00,0.00,0.00,50.22,49.78,0.00,2025-11-18,2025-11-24,2
20251111,08037,Eagle County,CO,0.00,0.00,0.00,50.22,49.78,0.00,2025-11-11,2025-11-17,2
20251104,08037,Eagle County,CO,0.00,0.00,0.00,50.22,49.78,0.00,2025-11-04,2025-11-10,2
20251028,08037,Eagle County,CO,0.00,0.00,0.00,50.22,49.78,0.00,2025-10-28,2025-11-03,2
20251021,08037,Eagle County,CO,0.00,0.00,0.00,50.22,49.78,0.00,2025-10-21,2025-10-27,2
20251014,08037,Eagle County,CO,0.00,0.00,0.00,50.22,49.78,0.00,2025-10-14,2025-10-20,2
20251007,08037,Eagle County,CO,0.00,0.00,0.00,0.00,100.00,0.00,2025-10-07,2025-10-13,2
20250930,08037,Eagle County,CO,0.00,0.00,0.00,0.00,100.00,0.00,2025-09-30,2025-10-06,2
20261006,08041,El Paso County,CO,4.54,7.65,9.71,34.35,32.60,11.16,2026-10-06,2026-10-12,2
20260929,08041,El Paso County,CO,4.84,2.94,12.17,35.00,33.89,11.16,2026-09-29,2026-10-05,2
20260922,08041,El Paso County,CO,0.00,1.65,16.13,37.16,33.89,11.16,2026-09-22,2026-09-28,2
20260915,08041,El Paso County,CO,0.00,0.00,10.44,44.51,33.89,11.16,2026-09-15,2026-09-21,2
20260908,08041,El Paso County,CO,0.00,0.00,10.39,49.96,39.65,0.00,2026-09-08,2026-09-14,2
20260901,08041,El Paso County,CO,0.00,0.00,10.39,49.96,39.65,0.00,2026-09-01,2026-09-07,2
20260825,08041,El Paso County,CO,0.00,0.00,6.76,30.64,62.61,0.00,2026-08-25,2026-08-31,2
20260818,08041,El Paso County,CO,0.00,0.00,3.14,34.06,62.80,0.00,2026-08-18,2026-08-24,2
20260811,08041,El Paso County,CO,0.00,0.00,3.14,31.71,65.15,0.00,2026-08-11,2026-08-17,2
20260804,08041,El Paso County,CO,0.00,0.00,8.82,73.41,17.77,0.00,2026-08-04,2026-08-10,2
20260728,08041,El Paso County,CO,0.00,0.00,7.31,58.57,34.12,0.00,2026-07-28,2026-08-03,2
20260721,08041,El Paso County,CO,0.00,0.00,41.85,24.02,34.12,0.00,2026-07-21,2026-07-27,2
20260714,08041,El Paso County,CO,0.00,0.00,41.85,55.89,2.26,0.00,2026-07-14,2026-07-20,2
20260707,08041,El Paso County,CO,0.00,0.00,41.85,55.89,2.26,0.00,2026-07-07,2026-07-13,2
20260630,08041,El Paso County,CO,0.00,0.00,83.29,16.71,0.00,0.00,2026-06-30,2026-07-06,2
20260623,08041,El Paso County,CO,0.00,0.00,80.74,19.26,0.00,0.00,2026-06-23,2026-06-29,2
20260616,08041,El Paso County,CO,0.00,0.00,88.34,11.66,0.00,0.00,2026-06-16,2026-06-22,2
20260609,08041,El Paso County,CO,0.00,0.00,100.00,0.00,0.00,0.00,2026-06-09,2026-06-15,2
20260602,08041,El Paso County,CO,0.00,45.44,54.56,0.00,0.00,0.00,2026-06-02,2026-06-08,2
20260526,08041,El Paso County,CO,0.00,45.44,54.56,0.00,0.00,0.00,2026-05-26,2026-06-01,2
20260519,08041,El Paso County,CO,0.00,75.76,24.24,0.00,0.00,0.00,2026-05-19,2026-05-25,2
20260512,08041,El Paso County,CO,0.00,75.76,24.24,0.00,0.00,0.00,2026-05-12,2026-05-18,2
20260505,08041,El Paso County,CO,0.00,75.76,24.24,0.00,0.00,0.00,2026-05-05,2026-05-11,2
20260428,08041,El Paso County,CO,0.00,0.00,97.94,2.06,0.00,0.00,2026-04-28,2026-05-04,2
20260421,08041,El Paso County,CO,0.00,50.72,47.24,2.04,0.00,0.00,2026-04-21,2026-04-27,2
20260414,08041,El Paso County,CO,0.00,51.05,46.91,2.04,0.00,0.00,2026-04-14,2026-04-20,2
20260407,08041,El Paso County,CO,0.00,95.57,4.43,0.00,0.00,0.00,2026-04-07,2026-04-13,2
20260331,08041,El Paso County,CO,0.00,100.00,0.00,0.00,0.00,0.00,2026-03-31,2026-04-06,2
20260324,08041,El Paso County,CO,95.79,4.21,0.00,0.00,0.00,0.00,2026-03-24,2026-03-30,2
20260317,08041,El Paso County,CO,96.04,3.96,0.00,0.00,0.00,0.00,2026-03-17,2026-03-23,2
20260310,08041,El Paso County,CO,96.04,3.96,0.00,0.00,0.00,0.00,2026-03-10,2026-03-16,2
20260303,08041,El Paso County,CO,96.04,3.96,0.00,0.00,0.00,0.00,2026-03-03,2026-03-09,2
20260224,08041,El Paso County,CO,97.23,2.77,0.00,0.00,0.00,0.00,2026-02-24,2026-03-02,2
20260217,08041,El Paso County,CO,97.11,2.89,0.00,0.00,0.00,0.00,2026-02-17,2026-02-23,2
20260210,08041,El Paso County,CO,97.10,2.90,0.00,0.00,0.00,0.00,2026-02-10,2026-02-16,2
20260203,08041,El Paso County,CO,97.10,2.90,0.00,0.00,0.00,0.00,2026-02-03,2026-02-09,2
20260127,08041,El Paso County,CO,97.10,2.90,0.00,0.00,0.00,0.00,2026-01-27,2026-02-02,2
20260120,08041,El Paso County,CO,97.19,2.81,0.00,0.00,0.00,0.00,2026-01-20,2026-01-26,2
20260113,08041,El Paso County,CO,96.45,3.55,0.00,0.00,0.00,0.00,2026-01-13,2026-01-19,2
20260106,08041,El Paso County,CO,94.64,5.36,0.00,0.00,0.00,0.00,2026-01-06,2026-01-12,2
20251230,08041,El Paso County,CO,96.02,3.98,0.00,0.00,0.00,0.00,2025-12-30,2026-01-05,2
20251223,08041,El Paso County,CO,96.02,3.98,0.00,0.00,0.00,0.00,2025-12-23,2025-12-29,2
20251216,08041,El Paso County,CO,96.02,3.98,0.00,0.00,0.00,0.00,2025-12-16,2025-12-22,2
20251209,08041,El Paso County,CO,96.02,3.98,0.00,0.00,0.00,0.00,2025-12-09,2025-12-15,2
20251202,08041,El Paso County,CO,92.14,7.86,0.00,0.00,0.00,0.00,2025-12-02,2025-12-08,2
20251125,08041,El Paso County,CO,94.57,5.43,0.00,0.00,0.00,0.00,2025-11-25,2025-12-01,2
20251118,08041,El Paso County,CO,24.40,75.60,0.00,0.00,0.00,0.00,2025-11-18,2025-11-24,2
20251111,08041,El Paso County,CO,24.40,75.60,0.00,0.00,0.00,0.00,2025-11-11,2025-11-17,2
20251104,08041,El Paso County,CO,24.39,75.61,0.00,0.00,0.00,0.00,2025-11-04,2025-11-10,2
20251028,08041,El Paso County,CO,100.00,0.00,0.00,0.00,0.00,0.00,2025-10-28,2025-11-03,2
20251021,08041,El Paso County,CO,100.00,0.00,0.00,0.00,0.00,0.00,2025-10-21,2025-10-27,2
20251014,08041,El Paso County,CO,100.00,0.00,0.00,0.00,0.00,0.00,2025-10-14,2025-10-20,2
20251007,08041,El Paso County,CO,100.00,0.00,0.00,0.00,0.00,0.00,2025-10-07,2025-10-13,2
20250930,08041,El Paso County,CO,100.00,0.00,0.00,0.00,0.00,0.00,2025-09-30,2025-10-06,2
20261006,08039,Elbert County,CO,72.45,18.13,8.42,1.00,0.00,0.00,2026-10-06,2026-10-12,2
20260929,08039,Elbert County,CO,70.22,8.51,16.61,4.66,0.00,0.00,2026-09-29,2026-10-05,2
20260922,08039,Elbert County,CO,40.31,29.49,17.91,12.29,0.00,0.00,2026-09-22,2026-09-28,2
20260915,08039,Elbert County,CO,24.53,26.01,27.04,22.42,0.00,0.00,2026-09-15,2026-09-21,2
20260908,08039,Elbert County,CO,24.53,26.01,26.96,22.51,0.00,0.00,2026-09-08,2026-09-14,2
20260901,08039,Elbert County,CO,24.53,26.03,26.93,22.51,0.00,0.00,2026-09-01,2026-09-07,2
20260825,08039,Elbert County,CO,12.75,23.59,31.52,24.96,7.18,0.00,2026-08-25,2026-08-31,2
20260818,08039,Elbert County,CO,1.01,30.29,29.28,32.24,7.18,0.00,2026-08-18,2026-08-24,2
20260811,08039,Elbert County,CO,0.00,6.93,53.65,24.41,15.02,0.00,2026-08-11,2026-08-17,2
20260804,08039,Elbert County,CO,0.00,49.38,22.42,28.00,0.20,0.00,2026-08-04,2026-08-10,2
20260728,08039,Elbert County,CO,0.00,47.43,24.37,12.43,15.77,0.00,2026-07-28,2026-08-03,2
20260721,08039,Elbert County,CO,0.00,47.43,23.58,13.22,15.77,0.00,2026-07-21,2026-07-27,2
20260714,08039,Elbert County,CO,0.00,54.82,23.90,14.46,6.81,0.00,2026-07-14,2026-07-20,2
20260707,08039,Elbert County,CO,0.00,54.82,23.91,14.46,6.81,0.00,2026-07-07,2026-07-13,2
20260630,08039,Elbert County,CO,0.00,54.80,27.74,17.46,0.00,0.00,2026-06-30,2026-07-06,2
20260623,08039,Elbert County,CO,0.00,51.38,31.16,17.46,0.00,0.00,2026-06-23,2026-06-29,2
20260616,08039,Elbert County,CO,0.00,51.38,47.90,0.72,0.00,0.00,2026-06-16,2026-06-22,2
20260609,08039,Elbert County,CO,0.00,55.58,44.42,0.00,0.00,0.00,2026-06-09,2026-06-15,2
20260602,08039,Elbert County,CO,0.00,55.58,44.42,0.00,0.00,0.00,2026-06-02,2026-06-08,2
20260526,08039,Elbert County,CO,0.00,55.58,44.42,0.00,0.00,0.00,2026-05-26,2026-06-01,2
20260519,08039,Elbert County,CO,0.00,1.18,97.33,1.49,0.00,0.00,2026-05-19,2026-05-25,2
20260512,08039,Elbert County,CO,0.00,1.18,80.30,18.52,0.00,0.00,2026-05-12,2026-05-18,2
20260505,08039,Elbert County,CO,0.00,1.18,20.13,77.77,0.92,0.00,2026-05-05,2026-05-11,2
20260428,08039,Elbert County,CO,0.00,0.00,5.73,93.34,0.92,0.00,2026-04-28,2026-05-04,2
20260421,08039,Elbert County,CO,0.00,0.00,7.57,70.26,22.17,0.00,2026-04-21,2026-04-27,2
20260414,08039,Elbert County,CO,0.00,0.00,10.88,89.04,0.08,0.00,2026-04-14,2026-04-20,2
20260407,08039,Elbert County,CO,0.00,4.16,95.54,0.30,0.00,0.00,2026-04-07,2026-04-13,2
20260331,08039,Elbert County,CO,0.00,59.69,40.01,0.30,0.00,0.00,2026-03-31,2026-04-06,2
20260324,08039,Elbert County,CO,28.37,64.18,7.16,0.30,0.00,0.00,2026-03-24,2026-03-30,2
20260317,08039,Elbert County,CO,28.37,64.18,7.16,0.30,0.00,0.00,2026-03-17,2026-03-23,2
20260310,08039,Elbert County,CO,28.37,63.87,7.46,0.30,0.00,0.00,2026-03-10,2026-03-16,2
20260303,08039,Elbert County,CO,28.37,63.87,7.46,0.30,0.00,0.00,2026-03-03,2026-03-09,2
20260224,08039,Elbert County,CO,82.46,9.78,7.46,0.30,0.00,0.00,2026-02-24,2026-03-02,2
20260217,08039,Elbert County,CO,89.20,5.36,5.44,0.00,0.00,0.00,2026-02-17,2026-02-23,2
20260210,08039,Elbert County,CO,89.18,5.38,5.44,0.00,0.00,0.00,2026-02-10,2026-02-16,2
20260203,08039,Elbert County,CO,89.18,5.38,5.44,0.00,0.00,0.00,2026-02-03,2026-02-09,2
20260127,08039,Elbert County,CO,89.77,8.59,1.64,0.00,0.00,0.00,2026-01-27,2026-02-02,2
20260120,08039,Elbert County,CO,90.31,8.06,1.63,0.00,0.00,0.00,2026-01-20,2026-01-26,2
20260113,08039,Elbert County,CO,75.80,22.56,1.63,0.00,0.00,0.00,2026-01-13,2026-01-19,2
20260106,08039,Elbert County,CO,72.76,25.61,1.63,0.00,0.00,0.00,2026-01-06,2026-01-12,2
20251230,08039,Elbert County,CO,93.69,6.07,0.24,0.00,0.00,0.00,2025-12-30,2026-01-05,2
20251223,08039,Elbert County,CO,93.69,6.07,0.24,0.00,0.00,0.00,2025-12-23,2025-12-29,2
20251216,08039,Elbert County,CO,93.69,6.07,0.24,0.00,0.00,0.00,2025-12-16,2025-12-22,2
20251209,08039,Elbert County,CO,93.69,6.07,0.24,0.00,0.00,0.00,2025-12-09,2025-12-15,2
20251202,08039,Elbert County,CO,93.69,6.07,0.24,0.00,0.00,0.00,2025-12-02,2025-12-08,2
20251125,08039,Elbert County,CO,95.96,4.04,0.00,0.00,0.00,0.00,2025-11-25,2025-12-01,2
20251118,08039,Elbert County,CO,38.45,61.55,0.00,0.00,0.00,0.00,2025-11-18,2025-11-24,2
20251111,08039,Elbert County,CO,38.45,61.55,0.00,0.00,0.00,0.00,2025-11-11,2025-11-17,2
20251104,08039,Elbert County,CO,38.54,61.46,0.00,0.00,0.00,0.00,2025-11-04,2025-11-10,2
20251028,08039,Elbert County,CO,89.12,10.88,0.00,0.00,0.00,0.00,2025-10-28,2025-11-03,2
20251021,08039,Elbert County,CO,89.41,10.59,0.00,0.00,0.00,0.00,2025-10-21,2025-10-27,2
20251014,08039,Elbert County,CO,89.41,10.59,0.00,0.00,0.00,0.00,2025-10-14,2025-10-20,2
20251007,08039,Elbert County,CO,89.41,10.59,0.00,0.00,0.00,0.00,2025-10-07,2025-10-13,2
20250930,08039,Elbert County,CO,89.41,10.59,0.00,0.00,0.00,0.00,2025-09-30,2025-10-06,2
20261006,08043,Fremont County,CO,0.00,0.00,0.00,13.40,86.60,0.00,2026-10-06,2026-10-12,2
20260929,08043,Fremont County,CO,0.00,0.00,0.00,13.12,86.88,0.00,2026-09-29,2026-10-05,2
20260922,08043,Fremont County,CO,0.00,0.00,0.00,13.12,86.88,0.00,2026-09-22,2026-09-28,2
20260915,08043,Fremont County,CO,0.00,0.00,0.00,13.12,86.88,0.00,2026-09-15,2026-09-21,2
20260908,08043,Fremont County,CO,0.00,0.00,0.00,27.20,72.80,0.00,2026-09-08,2026-09-14,2
20260901,08043,Fremont County,CO,0.00,0.00,0.00,27.20,72.80,0.00,2026-09-01,2026-09-07,2
20260825,08043,Fremont County,CO,0.00,0.00,0.00,27.20,72.80,0.00,2026-08-25,2026-08-31,2
20260818,08043,Fremont County,CO,0.00,0.00,0.00,13.99,86.01,0.00,2026-08-18,2026-08-24,2
20260811,08043,Fremont County,CO,0.00,0.00,0.00,13.99,86.01,0.00,2026-08-11,2026-08-17,2
20260804,08043,Fremont County,CO,0.00,0.00,0.00,13.99,86.01,0.00,2026-08-04,2026-08-10,2
20260728,08043,Fremont County,CO,0.00,0.00,0.00,13.99,86.01,0.00,2026-07-28,2026-08-03,2
20260721,08043,Fremont County,CO,0.00,0.00,0.00,13.99,86.01,0.00,2026-07-21,2026-07-27,2
20260714,08043,Fremont County,CO,0.00,0.00,0.00,31.57,68.43,0.00,2026-07-14,2026-07-20,2
20260707,08043,Fremont County,CO,0.00,0.00,0.00,94.81,5.19,0.00,2026-07-07,2026-07-13,2
20260630,08043,Fremont County,CO,0.00,0.00,39.96,54.85,5.19,0.00,2026-06-30,2026-07-06,2
20260623,08043,Fremont County,CO,0.00,0.00,39.96,55.33,4.72,0.00,2026-06-23,2026-06-29,2
20260616,08043,Fremont County,CO,0.00,0.00,71.98,23.30,4.72,0.00,2026-06-16,2026-06-22,2
20260609,08043,Fremont County,CO,0.00,0.00,74.09,25.91,0.00,0.00,2026-06-09,2026-06-15,2
20260602,08043,Fremont County,CO,0.00,24.05,50.04,25.91,0.00,0.00,2026-06-02,2026-06-08,2
20260526,08043,Fremont County,CO,0.00,24.05,19.92,56.03,0.00,0.00,2026-05-26,2026-06-01,2
20260519,08043,Fremont County,CO,0.00,24.05,19.92,56.03,0.00,0.00,2026-05-19,2026-05-25,2
20260512,08043,Fremont County,CO,0.00,24.05,19.92,56.03,0.00,0.00,2026-05-12,2026-05-18,2
20260505,08043,Fremont County,CO,0.00,24.05,19.92,56.03,0.00,0.00,2026-05-05,2026-05-11,2
20260428,08043,Fremont County,CO,0.00,0.00,24.72,75.28,0.00,0.00,2026-04-28,2026-05-04,2
20260421,08043,Fremont County,CO,0.00,1.86,22.86,75.28,0.00,0.00,2026-04-21,2026-04-27,2
20260414,08043,Fremont County,CO,0.00,1.92,98.06,0.02,0.00,0.00,2026-04-14,2026-04-20,2
20260407,08043,Fremont County,CO,0.00,56.84,43.14,0.02,0.00,0.00,2026-04-07,2026-04-13,2
20260331,08043,Fremont County,CO,0.00,59.70,40.28,0.02,0.00,0.00,2026-03-31,2026-04-06,2
20260324,08043,Fremont County,CO,1.53,97.53,0.94,0.00,0.00,0.00,2026-03-24,2026-03-30,2
20260317,08043,Fremont County,CO,21.57,77.50,0.94,0.00,0.00,0.00,2026-03-17,2026-03-23,2
20260310,08043,Fremont County,CO,22.53,77.47,0.00,0.00,0.00,0.00,2026-03-10,2026-03-16,2
20260303,08043,Fremont County,CO,22.53,77.47,0.00,0.00,0.00,0.00,2026-03-03,2026-03-09,2
20260224,08043,Fremont County,CO,86.68,13.32,0.00,0.00,0.00,0.00,2026-02-24,2026-03-02,2
20260217,08043,Fremont County,CO,86.23,13.77,0.00,0.00,0.00,0.00,2026-02-17,2026-02-23,2
20260210,08043,Fremont County,CO,86.19,13.81,0.00,0.00,0.00,0.00,2026-02-10,2026-02-16,2
20260203,08043,Fremont County,CO,88.02,11.98,0.00,0.00,0.00,0.00,2026-02-03,2026-02-09,2
20260127,08043,Fremont County,CO,88.02,11.98,0.00,0.00,0.00,0.00,2026-01-27,2026-02-02,2
20260120,08043,Fremont County,CO,88.45,11.55,0.00,0.00,0.00,0.00,2026-01-20,2026-01-26,2
20260113,08043,Fremont County,CO,88.45,11.55,0.00,0.00,0.00,0.00,2026-01-13,2026-01-19,2
20260106,08043,Fremont County,CO,83.42,16.58,0.00,0.00,0.00,0.00,2026-01-06,2026-01-12,2
20251230,08043,Fremont County,CO,83.42,16.58,0.00,0.00,0.00,0.00,2025-12-30,2026-01-05,2
20251223,08043,Fremont County,CO,83.42,16.58,0.00,0.00,0.00,0.00,2025-12-23,2025-12-29,2
20251216,08043,Fremont County,CO,83.42,16.58,0.00,0.00,0.00,0.00,2025-12-16,2025-12-22,2
20251209,08043,Fremont County,CO,83.42,16.58,0.00,0.00,0.00,0.00,2025-12-09,2025-12-15,2
20251202,08043,Fremont County,CO,83.42,16.58,0.00,0.00,0.00,0.00,2025-12-02,2025-12-08,2
20251125,08043,Fremont County,CO,88.72,11.28,0.00,0.00,0.00,0.00,2025-11-25,2025-12-01,2
20251118,08043,Fremont County,CO,39.99,60.01,0.00,0.00,0.00,0.00,2025-11-18,2025-11-24,2
20251111,08043,Fremont County,CO,39.99,60.01,0.00,0.00,0.00,0.00,2025-11-11,2025-11-17,2
20251104,08043,Fremont County,CO,49.56,50.44,0.00,0.00,0.00,0.00,2025-11-04,2025-11-10,2
20251028,08043,Fremont County,CO,52.47,47.53,0.00,0.00,0.00,0.00,2025-10-28,2025-11-03,2
20251021,08043,Fremont County,CO,52.47,47.53,0.00,0.00,0.00,0.00,2025-10-21,2025-10-27,2
20251014,08043,Fremont County,CO,52.18,47.82,0.00,0.00,0.00,0.00,2025-10-14,2025-10-20,2
20251007,08043,Fremont County,CO,53.25,46.68,0.06,0.00,0.00,0.00,2025-10-07,2025-10-13,2
20250930,08043,Fremont County,CO,53.25,46.68,0.06,0.00,0.00,0.00,2025-09-30,2025-10-06,2
20261006,08045,Garfield County,CO,0.00,0.00,0.00,33.17,62.85,3.99,2026-10-06,2026-10-12,2
20260929,08045,Garfield County,CO,0.00,0.00,0.00,33.17,62.85,3.99,2026-09-29,2026-10-05,2
20260922,08045,Garfield County,CO,0.00,0.00,0.00,33.17,62.85,3.99,2026-09-22,2026-09-28,2
20260915,08045,Garfield County,CO,0.00,0.00,0.00,2.83,63.05,34.12,2026-09-15,2026-09-21,2
20260908,08045,Garfield County,CO,0.00,0.00,0.00,2.83,63.05,34.12,2026-09-08,2026-09-14,2
20260901,08045,Garfield County,CO,0.00,0.00,0.00,2.83,63.05,34.12,2026-09-01,2026-09-07,2
20260825,08045,Garfield County,CO,0.00,0.00,0.00,2.83,48.75,48.41,2026-08-25,2026-08-31,2
20260818,08045,Garfield County,CO,0.00,0.00,0.00,2.83,48.75,48.41,2026-08-18,2026-08-24,2
20260811,08045,Garfield County,CO,0.00,0.00,0.00,2.83,48.75,48.41,2026-08-11,2026-08-17,2
20260804,08045,Garfield County,CO,0.00,0.00,0.00,2.83,48.75,48.41,2026-08-04,2026-08-10,2
20260728,08045,Garfield County,CO,0.00,0.00,0.00,2.83,48.75,48.41,2026-07-28,2026-08-03,2
20260721,08045,Garfield County,CO,0.00,0.00,0.00,2.83,48.75,48.41,2026-07-21,2026-07-27,2
20260714,08045,Garfield County,CO,0.00,0.00,0.00,2.83,48.75,48.41,2026-07-14,2026-07-20,2
20260707,08045,Garfield County,CO,0.00,0.00,0.00,2.83,48.75,48.41,2026-07-07,2026-07-13,2
20260630,08045,Garfield County,CO,0.00,0.00,0.00,2.83,48.75,48.41,2026-06-30,2026-07-06,2
20260623,08045,Garfield County,CO,0.00,0.00,0.00,9.49,42.09,48.41,2026-06-23,2026-06-29,2
20260616,08045,Garfield County,CO,0.00,0.00,0.00,10.71,40.88,48.41,2026-06-16,2026-06-22,2
20260609,08045,Garfield County,CO,0.00,0.00,0.00,0.29,51.30,48.41,2026-06-09,2026-06-15,2
20260602,08045,Garfield County,CO,0.00,0.00,0.00,0.29,51.30,48.41,2026-06-02,2026-06-08,2
20260526,08045,Garfield County,CO,0.00,0.00,0.00,0.29,51.30,48.41,2026-05-26,2026-06-01,2
20260519,08045,Garfield County,CO,0.00,0.00,0.00,0.29,51.30,48.41,2026-05-19,2026-05-25,2
20260512,08045,Garfield County,CO,0.00,0.00,0.00,0.00,48.53,51.47,2026-05-12,2026-05-18,2
20260505,08045,Garfield County,CO,0.00,0.00,0.00,0.00,48.53,51.47,2026-05-05,2026-05-11,2
20260428,08045,Garfield County,CO,0.00,0.00,0.00,0.00,48.53,51.47,2026-04-28,2026-05-04,2
20260421,08045,Garfield County,CO,0.00,0.00,0.00,0.00,25.35,74.65,2026-04-21,2026-04-27,2
20260414,08045,Garfield County,CO,0.00,0.00,0.00,0.00,25.35,74.65,2026-04-14,2026-04-20,2
20260407,08045,Garfield County,CO,0.00,0.00,0.00,0.00,25.35,74.65,2026-04-07,2026-04-13,2
20260331,08045,Garfield County,CO,0.00,0.00,0.00,0.00,25.35,74.65,2026-03-31,2026-04-06,2
20260324,08045,Garfield County,CO,0.00,0.00,0.00,22.81,49.51,27.67,2026-03-24,2026-03-30,2
20260317,08045,Garfield County,CO,0.00,0.00,10.26,56.48,33.26,0.01,2026-03-17,2026-03-23,2
20260310,08045,Garfield County,CO,0.00,0.00,10.26,56.48,33.26,0.01,2026-03-10,2026-03-16,2
20260303,08045,Garfield County,CO,0.00,0.00,10.26,56.77,32.96,0.01,2026-03-03,2026-03-09,2
20260224,08045,Garfield County,CO,0.00,0.00,10.26,56.77,32.96,0.01,2026-02-24,2026-03-02,2
20260217,08045,Garfield County,CO,0.00,0.00,10.26,56.77,32.96,0.01,2026-02-17,2026-02-23,2
20260210,08045,Garfield County,CO,0.00,0.00,10.26,56.77,32.96,0.01,2026-02-10,2026-02-16,2
20260203,08045,Garfield County,CO,0.00,0.00,10.26,56.77,32.96,0.01,2026-02-03,2026-02-09,2
20260127,08045,Garfield County,CO,0.00,0.00,10.26,80.82,8.91,0.01,2026-01-27,2026-02-02,2
20260120,08045,Garfield County,CO,0.00,6.57,28.36,56.16,8.91,0.01,2026-01-20,2026-01-26,2
20260113,08045,Garfield County,CO,0.00,6.57,28.36,63.24,1.82,0.01,2026-01-13,2026-01-19,2
20260106,08045,Garfield County,CO,0.00,6.57,28.35,63.25,1.82,0.01,2026-01-06,2026-01-12,2
20251230,08045,Garfield County,CO,0.00,6.57,28.35,63.25,1.82,0.01,2025-12-30,2026-01-05,2
20251223,08045,Garfield County,CO,0.00,6.57,28.35,63.44,1.63,0.01,2025-12-23,2025-12-29,2
20251216,08045,Garfield County,CO,0.00,6.57,28.35,63.44,1.64,0.00,2025-12-16,2025-12-22,2
20251209,08045,Garfield County,CO,0.00,6.57,28.35,63.44,1.64,0.00,2025-12-09,2025-12-15,2
20251202,08045,Garfield County,CO,0.00,6.57,28.35,63.44,1.64,0.00,2025-12-02,2025-12-08,2
20251125,08045,Garfield County,CO,0.00,6.57,28.35,63.44,1.64,0.00,2025-11-25,2025-12-01,2
20251118,08045,Garfield County,CO,0.00,0.00,34.92,63.44,1.64,0.00,2025-11-18,2025-11-24,2
20251111,08045,Garfield County,CO,0.00,0.00,34.92,63.44,1.64,0.00,2025-11-11,2025-11-17,2
20251104,08045,Garfield County,CO,0.00,0.00,34.92,63.44,1.64,0.00,2025-11-04,2025-11-10,2
20251028,08045,Garfield County,CO,0.00,0.00,34.92,63.44,1.64,0.00,2025-10-28,2025-11-03,2
20251021,08045,Garfield County,CO,0.00,0.00,34.92,63.44,1.64,0.00,2025-10-21,2025-10-27,2
20251014,08045,Garfield County,CO,0.00,0.00,4.76,93.60,1.64,0.00,2025-10-14,2025-10-20,2
20251007,08045,Garfield County,CO,0.00,0.00,0.00,5.10,94.90,0.00,2025-10-07,2025-10-13,2
20250930,08045,Garfield County,CO,0.00,0.00,0.00,5.10,94.90,0.00,2025-09-30,2025-10-06,2
20261006,08047,Gilpin County,CO,0.00,0.00,0.00,61.14,38.86,0.00,2026-10-06,2026-10-12,2
20260929,08047,Gilpin County,CO,0.00,0.00,0.00,61.14,38.86,0.00,2026-09-29,2026-10-05,2
20260922,08047,Gilpin County,CO,0.00,0.00,0.00,61.14,38.86,0.00,2026-09-22,2026-09-28,2
20260915,08047,Gilpin County,CO,0.00,0.00,0.00,61.14,38.86,0.00,2026-09-15,2026-09-21,2
20260908,08047,Gilpin County,CO,0.00,0.00,0.00,61.43,38.57,0.00,2026-09-08,2026-09-14,2
20260901,08047,Gilpin County,CO,0.00,0.00,0.00,61.43,38.57,0.00,2026-09-01,2026-09-07,2
20260825,08047,Gilpin County,CO,0.00,0.00,0.00,61.43,38.57,0.00,2026-08-25,2026-08-31,2
20260818,08047,Gilpin County,CO,0.00,0.00,0.00,61.43,38.57,0.00,2026-08-18,2026-08-24,2
20260811,08047,Gilpin County,CO,0.00,0.00,0.00,0.00,100.00,0.00,2026-08-11,2026-08-17,2
20260804,08047,Gilpin County,CO,0.00,0.00,0.00,0.00,100.00,0.00,2026-08-04,2026-08-10,2
20260728,08047,Gilpin County,CO,0.00,0.00,0.00,0.00,100.00,0.00,2026-07-28,2026-08-03,2
20260721,08047,Gilpin County,CO,0.00,0.00,0.00,0.00,100.00,0.00,2026-07-21,2026-07-27,2
20260714,08047,Gilpin County,CO,0.00,0.00,0.00,15.26,84.74,0.00,2026-07-14,2026-07-20,2
20260707,08047,Gilpin County,CO,0.00,0.00,0.00,15.26,84.74,0.00,2026-07-07,2026-07-13,2
20260630,08047,Gilpin County,CO,0.00,0.00,0.00,15.26,84.74,0.00,2026-06-30,2026-07-06,2
20260623,08047,Gilpin County,CO,0.00,0.00,0.00,0.00,100.00,0.00,2026-06-23,2026-06-29,2
20260616,08047,Gilpin County,CO,0.00,0.00,0.00,0.04,99.96,0.00,2026-06-16,2026-06-22,2
20260609,08047,Gilpin County,CO,0.00,0.00,0.00,0.04,99.96,0.00,2026-06-09,2026-06-15,2
20260602,08047,Gilpin County,CO,0.00,0.00,0.00,0.04,99.96,0.00,2026-06-02,2026-06-08,2
20260526,08047,Gilpin County,CO,0.00,0.00,0.00,0.04,99.96,0.00,2026-05-26,2026-06-01,2
20260519,08047,Gilpin County,CO,0.00,0.00,0.00,0.00,100.00,0.00,2026-05-19,2026-05-25,2
20260512,08047,Gilpin County,CO,0.00,0.00,0.00,0.00,100.00,0.00,2026-05-12,2026-05-18,2
20260505,08047,Gilpin County,CO,0.00,0.00,0.00,0.00,99.14,0.86,2026-05-05,2026-05-11,2
20260428,08047,Gilpin County,CO,0.00,0.00,0.00,0.00,99.14,0.86,2026-04-28,2026-05-04,2
20260421,08047,Gilpin County,CO,0.00,0.00,0.00,0.00,99.14,0.86,2026-04-21,2026-04-27,2
20260414,08047,Gilpin County,CO,0.00,0.00,0.00,0.00,99.14,0.86,2026-04-14,2026-04-20,2
20260407,08047,Gilpin County,CO,0.00,0.00,0.00,0.00,99.14,0.86,2026-04-07,2026-04-13,2
20260331,08047,Gilpin County,CO,0.00,0.00,0.00,1.37,97.77,0.86,2026-03-31,2026-04-06,2
20260324,08047,Gilpin County,CO,0.00,0.00,0.00,90.30,9.70,0.00,2026-03-24,2026-03-30,2
20260317,08047,Gilpin County,CO,0.00,0.00,0.00,100.00,0.00,0.00,2026-03-17,2026-03-23,2
20260310,08047,Gilpin County,CO,0.00,0.00,0.00,100.00,0.00,0.00,2026-03-10,2026-03-16,2
20260303,08047,Gilpin County,CO,0.00,0.00,0.00,100.00,0.00,0.00,2026-03-03,2026-03-09,2
20260224,08047,Gilpin County,CO,0.00,0.00,0.00,100.00,0.00,0.00,2026-02-24,2026-03-02,2
20260217,08047,Gilpin County,CO,0.00,0.00,5.34,94.66,0.00,0.00,2026-02-17,2026-02-23,2
20260210,08047,Gilpin County,CO,0.00,0.00,5.34,94.66,0.00,0.00,2026-02-10,2026-02-16,2
20260203,08047,Gilpin County,CO,0.00,0.00,91.32,8.68,0.00,0.00,2026-02-03,2026-02-09,2
20260127,08047,Gilpin County,CO,0.00,0.00,91.32,8.68,0.00,0.00,2026-01-27,2026-02-02,2
20260120,08047,Gilpin County,CO,0.00,0.00,91.32,8.68,0.00,0.00,2026-01-20,2026-01-26,2
20260113,08047,Gilpin County,CO,0.00,0.00,91.32,8.68,0.00,0.00,2026-01-13,2026-01-19,2
20260106,08047,Gilpin County,CO,0.00,0.00,91.32,8.68,0.00,0.00,2026-01-06,2026-01-12,2
20251230,08047,Gilpin County,CO,0.00,0.00,91.32,8.68,0.00,0.00,2025-12-30,2026-01-05,2
20251223,08047,Gilpin County,CO,0.00,0.00,91.32,8.68,0.00,0.00,2025-12-23,2025-12-29,2
20251216,08047,Gilpin County,CO,0.00,0.00,91.32,8.68,0.00,0.00,2025-12-16,2025-12-22,2
20251209,08047,Gilpin County,CO,0.00,0.00,91.32,8.68,0.00,0.00,2025-12-09,2025-12-15,2
20251202,08047,Gilpin County,CO,0.00,0.00,91.32,8.68,0.00,0.00,2025-12-02,2025-12-08,2
20251125,08047,Gilpin County,CO,0.00,5.70,85.62,8.68,0.00,0.00,2025-11-25,2025-12-01,2
20251118,08047,Gilpin County,CO,0.00,64.92,28.97,6.11,0.00,0.00,2025-11-18,2025-11-24,2
20251111,08047,Gilpin County,CO,0.00,64.92,28.97,6.11,0.00,0.00,2025-11-11,2025-11-17,2
20251104,08047,Gilpin County,CO,20.75,41.78,31.37,6.11,0.00,0.00,2025-11-04,2025-11-10,2
20251028,08047,Gilpin County,CO,23.01,39.52,31.37,6.11,0.00,0.00,2025-10-28,2025-11-03,2
20251021,08047,Gilpin County,CO,23.34,39.71,30.85,6.11,0.00,0.00,2025-10-21,2025-10-27,2
20251014,08047,Gilpin County,CO,23.34,40.05,30.52,6.10,0.00,0.00,2025-10-14,2025-10-20,2
20251007,08047,Gilpin County,CO,26.64,36.75,30.16,6.46,0.00,0.00,2025-10-07,2025-10-13,2
20250930,08047,Gilpin County,CO,26.64,36.75,30.16,6.46,0.00,0.00,2025-09-30,2025-10-06,2
20261006,08049,Grand County,CO,0.00,0.00,0.00,3.90,42.30,53.80,2026-10-06,2026-10-12,2
20260929,08049,Grand County,CO,0.00,0.00,0.00,5.69,40.51,53.80,2026-09-29,2026-10-05,2
20260922,08049,Grand County,CO,0.00,0.00,0.00,5.69,40.51,53.80,2026-09-22,2026-09-28,2
20260915,08049,Grand County,CO,0.00,0.00,0.00,5.69,40.51,53.80,2026-09-15,2026-09-21,2
20260908,08049,Grand County,CO,0.00,0.00,0.00,5.64,40.56,53.80,2026-09-08,2026-09-14,2
20260901,08049,Grand County,CO,0.00,0.00,0.00,5.64,40.56,53.80,2026-09-01,2026-09-07,2
20260825,08049,Grand County,CO,0.00,0.00,0.00,5.64,40.56,53.80,2026-08-25,2026-08-31,2
20260818,08049,Grand County,CO,0.00,0.00,0.00,5.64,40.56,53.80,2026-08-18,2026-08-24,2
20260811,08049,Grand County,CO,0.00,0.00,0.00,4.98,41.22,53.80,2026-08-11,2026-08-17,2
20260804,08049,Grand County,CO,0.00,0.00,0.00,4.98,41.22,53.80,2026-08-04,2026-08-10,2
20260728,08049,Grand County,CO,0.00,0.00,0.00,4.98,41.22,53.80,2026-07-28,2026-08-03,2
20260721,08049,Grand County,CO,0.00,0.00,0.00,4.98,41.22,53.80,2026-07-21,2026-07-27,2
20260714,08049,Grand County,CO,0.00,0.00,0.00,5.10,41.10,53.80,2026-07-14,2026-07-20,2
20260707,08049,Grand County,CO,0.00,0.00,0.00,5.10,41.10,53.80,2026-07-07,2026-07-13,2
20260630,08049,Grand County,CO,0.00,0.00,0.00,5.10,41.10,53.80,2026-06-30,2026-07-06,2
20260623,08049,Grand County,CO,0.00,0.00,0.00,5.10,41.10,53.80,2026-06-23,2026-06-29,2
20260616,08049,Grand County,CO,0.00,0.00,0.00,5.10,41.10,53.80,2026-06-16,2026-06-22,2
20260609,08049,Grand County,CO,0.00,0.00,0.70,4.40,41.10,53.80,2026-06-09,2026-06-15,2
20260602,08049,Grand County,CO,0.00,0.00,0.70,4.40,41.10,53.80,2026-06-02,2026-06-08,2
20260526,08049,Grand County,CO,0.00,0.00,0.70,4.40,28.50,66.40,2026-05-26,2026-06-01,2
20260519,08049,Grand County,CO,0.00,0.00,0.00,5.10,28.50,66.40,2026-05-19,2026-05-25,2
20260512,08049,Grand County,CO,0.00,0.00,0.00,0.00,26.66,73.34,2026-05-12,2026-05-18,2
20260505,08049,Grand County,CO,0.00,0.00,0.00,0.00,1.72,98.28,2026-05-05,2026-05-11,2
20260428,08049,Grand County,CO,0.00,0.00,0.00,0.00,1.72,98.28,2026-04-28,2026-05-04,2
20260421,08049,Grand County,CO,0.00,0.00,0.00,0.00,1.72,98.28,2026-04-21,2026-04-27,2
20260414,08049,Grand County,CO,0.00,0.00,0.00,0.00,1.72,98.28,2026-04-14,2026-04-20,2
20260407,08049,Grand County,CO,0.00,0.00,0.00,0.00,1.72,98.28,2026-04-07,2026-04-13,2
20260331,08049,Grand County,CO,0.00,0.00,0.00,0.00,1.72,98.28,2026-03-31,2026-04-06,2
20260324,08049,Grand County,CO,0.00,0.00,0.00,0.20,50.74,49.06,2026-03-24,2026-03-30,2
20260317,08049,Grand County,CO,0.00,0.00,0.00,7.12,92.88,0.00,2026-03-17,2026-03-23,2
20260310,08049,Grand County,CO,0.00,0.00,0.00,7.12,92.88,0.00,2026-03-10,2026-03-16,2
20260303,08049,Grand County,CO,0.00,0.00,0.00,13.62,86.38,0.00,2026-03-03,2026-03-09,2
20260224,08049,Grand County,CO,0.00,0.00,0.00,13.62,86.38,0.00,2026-02-24,2026-03-02,2
20260217,08049,Grand County,CO,0.00,0.00,0.00,13.62,86.38,0.00,2026-02-17,2026-02-23,2
20260210,08049,Grand County,CO,0.00,0.00,0.00,13.62,86.38,0.00,2026-02-10,2026-02-16,2
20260203,08049,Grand County,CO,0.00,0.00,0.53,13.08,86.38,0.00,2026-02-03,2026-02-09,2
20260127,08049,Grand County,CO,0.00,0.00,0.53,13.46,86.01,0.00,2026-01-27,2026-02-02,2
20260120,08049,Grand County,CO,0.00,0.00,0.53,13.46,86.01,0.00,2026-01-20,2026-01-26,2
20260113,08049,Grand County,CO,0.00,0.00,0.53,26.72,72.75,0.00,2026-01-13,2026-01-19,2
20260106,08049,Grand County,CO,0.00,0.00,0.53,26.72,72.75,0.00,2026-01-06,2026-01-12,2
20251230,08049,Grand County,CO,0.00,0.00,0.53,71.63,27.83,0.00,2025-12-30,2026-01-05,2
20251223,08049,Grand County,CO,0.00,0.00,0.53,99.47,0.00,0.00,2025-12-23,2025-12-29,2
20251216,08049,Grand County,CO,0.00,0.00,0.53,99.47,0.00,0.00,2025-12-16,2025-12-22,2
20251209,08049,Grand County,CO,0.00,0.00,0.53,99.47,0.00,0.00,2025-12-09,2025-12-15,2
20251202,08049,Grand County,CO,0.00,0.00,0.53,99.47,0.00,0.00,2025-12-02,2025-12-08,2
20251125,08049,Grand County,CO,0.00,0.00,0.71,99.29,0.00,0.00,2025-11-25,2025-12-01,2
20251118,08049,Grand County,CO,0.00,0.02,15.90,84.07,0.00,0.00,2025-11-18,2025-11-24,2
20251111,08049,Grand County,CO,0.00,0.02,15.90,84.07,0.00,0.00,2025-11-11,2025-11-17,2
20251104,08049,Grand County,CO,0.00,0.02,15.91,84.07,0.00,0.00,2025-11-04,2025-11-10,2
20251028,08049,Grand County,CO,0.00,0.02,15.91,84.07,0.00,0.00,2025-10-28,2025-11-03,2
20251021,08049,Grand County,CO,0.00,0.02,15.90,84.07,0.00,0.00,2025-10-21,2025-10-27,2
20251014,08049,Grand County,CO,0.00,0.00,15.93,84.07,0.00,0.00,2025-10-14,2025-10-20,2
20251007,08049,Grand County,CO,0.00,0.00,15.65,50.83,33.51,0.00,2025-10-07,2025-10-13,2
20250930,08049,Grand County,CO,0.00,0.00,15.64,50.85,33.51,0.00,2025-09-30,2025-10-06,2
20261006,08051,Gunnison County,CO,0.00,0.00,0.34,2.34,75.59,21.72,2026-10-06,2026-10-12,2
20260929,08051,Gunnison County,CO,0.00,0.00,0.34,2.34,74.55,22.76,2026-09-29,2026-10-05,2
20260922,08051,Gunnison County,CO,0.00,0.00,0.00,1.37,56.76,41.88,2026-09-22,2026-09-28,2
20260915,08051,Gunnison County,CO,0.00,0.00,0.00,1.37,55.16,43.47,2026-09-15,2026-09-21,2
20260908,08051,Gunnison County,CO,0.00,0.00,0.00,0.00,49.60,50.40,2026-09-08,2026-09-14,2
20260901,08051,Gunnison County,CO,0.00,0.00,0.00,8.92,69.27,21.81,2026-09-01,2026-09-07,2
20260825,08051,Gunnison County,CO,0.00,0.00,0.00,19.50,58.69,21.81,2026-08-25,2026-08-31,2
20260818,08051,Gunnison County,CO,0.00,0.00,0.00,19.50,58.69,21.81,2026-08-18,2026-08-24,2
20260811,08051,Gunnison County,CO,0.00,0.00,0.00,19.50,58.69,21.81,2026-08-11,2026-08-17,2
20260804,08051,Gunnison County,CO,0.00,0.00,0.00,19.50,58.69,21.81,2026-08-04,2026-08-10,2
20260728,08051,Gunnison County,CO,0.00,0.00,0.00,19.50,58.69,21.81,2026-07-28,2026-08-03,2
20260721,08051,Gunnison County,CO,0.00,0.00,0.00,19.50,58.69,21.81,2026-07-21,2026-07-27,2
20260714,08051,Gunnison County,CO,0.00,0.00,0.00,19.50,58.69,21.81,2026-07-14,2026-07-20,2
20260707,08051,Gunnison County,CO,0.00,0.00,0.00,19.50,63.37,17.13,2026-07-07,2026-07-13,2
20260630,08051,Gunnison County,CO,0.00,0.00,0.00,20.27,64.53,15.20,2026-06-30,2026-07-06,2
20260623,08051,Gunnison County,CO,0.00,0.00,0.00,20.27,64.53,15.20,2026-06-23,2026-06-29,2
20260616,08051,Gunnison County,CO,0.00,0.00,0.00,27.60,57.20,15.20,2026-06-16,2026-06-22,2
20260609,08051,Gunnison County,CO,0.00,0.00,0.00,29.01,55.81,15.17,2026-06-09,2026-06-15,2
20260602,08051,Gunnison County,CO,0.00,0.00,0.00,29.01,55.81,15.17,2026-06-02,2026-06-08,2
20260526,08051,Gunnison County,CO,0.00,0.00,2.29,26.72,55.81,15.17,2026-05-26,2026-06-01,2
20260519,08051,Gunnison County,CO,0.00,0.00,2.29,26.72,55.81,15.17,2026-05-19,2026-05-25,2
20260512,08051,Gunnison County,CO,0.00,0.00,2.29,26.82,55.71,15.17,2026-05-12,2026-05-18,2
20260505,08051,Gunnison County,CO,0.00,0.00,2.29,26.82,55.71,15.17,2026-05-05,2026-05-11,2
20260428,08051,Gunnison County,CO,0.00,0.00,2.29,26.82,55.71,15.17,2026-04-28,2026-05-04,2
20260421,08051,Gunnison County,CO,0.00,0.00,2.29,24.30,56.89,16.51,2026-04-21,2026-04-27,2
20260414,08051,Gunnison County,CO,0.00,0.00,2.29,24.30,56.89,16.51,2026-04-14,2026-04-20,2
20260407,08051,Gunnison County,CO,0.00,0.00,2.29,24.30,56.89,16.51,2026-04-07,2026-04-13,2
20260331,08051,Gunnison County,CO,0.00,0.00,2.29,24.30,56.89,16.51,2026-03-31,2026-04-06,2
20260324,08051,Gunnison County,CO,0.00,0.00,2.29,77.97,19.74,0.00,2026-03-24,2026-03-30,2
20260317,08051,Gunnison County,CO,0.00,0.00,58.50,40.85,0.64,0.00,2026-03-17,2026-03-23,2
20260310,08051,Gunnison County,CO,0.00,3.19,55.31,40.85,0.64,0.00,2026-03-10,2026-03-16,2
20260303,08051,Gunnison County,CO,0.00,3.19,55.31,40.85,0.64,0.00,2026-03-03,2026-03-09,2
20260224,08051,Gunnison County,CO,0.00,3.19,59.73,36.43,0.64,0.00,2026-02-24,2026-03-02,2
20260217,08051,Gunnison County,CO,0.00,3.19,59.73,36.43,0.64,0.00,2026-02-17,2026-02-23,2
20260210,08051,Gunnison County,CO,0.00,3.19,59.73,36.43,0.64,0.00,2026-02-10,2026-02-16,2
20260203,08051,Gunnison County,CO,0.00,3.82,88.47,7.71,0.00,0.00,2026-02-03,2026-02-09,2
20260127,08051,Gunnison County,CO,0.00,3.82,88.47,7.71,0.00,0.00,2026-01-27,2026-02-02,2
20260120,08051,Gunnison County,CO,0.00,3.85,88.45,7.71,0.00,0.00,2026-01-20,2026-01-26,2
20260113,08051,Gunnison County,CO,0.00,5.29,87.01,7.71,0.00,0.00,2026-01-13,2026-01-19,2
20260106,08051,Gunnison County,CO,0.00,5.29,92.10,2.61,0.00,0.00,2026-01-06,2026-01-12,2
20251230,08051,Gunnison County,CO,0.00,21.89,75.50,2.61,0.00,0.00,2025-12-30,2026-01-05,2
20251223,08051,Gunnison County,CO,0.13,21.76,75.50,2.61,0.00,0.00,2025-12-23,2025-12-29,2
20251216,08051,Gunnison County,CO,0.13,21.76,78.11,0.00,0.00,0.00,2025-12-16,2025-12-22,2
20251209,08051,Gunnison County,CO,0.13,21.76,78.11,0.00,0.00,0.00,2025-12-09,2025-12-15,2
20251202,08051,Gunnison County,CO,0.13,21.76,78.11,0.00,0.00,0.00,2025-12-02,2025-12-08,2
20251125,08051,Gunnison County,CO,0.13,21.76,66.35,11.75,0.00,0.00,2025-11-25,2025-12-01,2
20251118,08051,Gunnison County,CO,0.13,21.76,63.21,14.90,0.00,0.00,2025-11-18,2025-11-24,2
20251111,08051,Gunnison County,CO,0.13,21.76,63.21,14.90,0.00,0.00,2025-11-11,2025-11-17,2
20251104,08051,Gunnison County,CO,0.13,21.35,63.63,14.90,0.00,0.00,2025-11-04,2025-11-10,2
20251028,08051,Gunnison County,CO,0.15,21.33,63.63,14.90,0.00,0.00,2025-10-28,2025-11-03,2
20251021,08051,Gunnison County,CO,0.16,21.37,63.57,14.90,0.00,0.00,2025-10-21,2025-10-27,2
20251014,08051,Gunnison County,CO,0.00,17.56,61.61,20.83,0.00,0.00,2025-10-14,2025-10-20,2
20251007,08051,Gunnison County,CO,0.00,0.00,18.12,61.36,20.51,0.00,2025-10-07,2025-10-13,2
20250930,08051,Gunnison County,CO,0.00,0.00,18.12,61.36,20.51,0.00,2025-09-30,2025-10-06,2
20261006,08053,Hinsdale County,CO,0.00,0.00,33.18,56.97,9.85,0.00,2026-10-06,2026-10-12,2
20260929,08053,Hinsdale County,CO,0.00,0.00,33.18,56.97,9.85,0.00,2026-09-29,2026-10-05,2
20260922,08053,Hinsdale County,CO,0.00,0.00,1.41,47.70,50.87,0.02,2026-09-22,2026-09-28,2
20260915,08053,Hinsdale County,CO,0.00,0.00,0.00,19.41,53.11,27.48,2026-09-15,2026-09-21,2
20260908,08053,Hinsdale County,CO,0.00,0.00,0.00,13.46,59.06,27.48,2026-09-08,2026-09-14,2
20260901,08053,Hinsdale County,CO,0.00,0.00,0.00,13.46,59.28,27.26,2026-09-01,2026-09-07,2
20260825,08053,Hinsdale County,CO,0.00,0.00,0.00,11.40,61.34,27.26,2026-08-25,2026-08-31,2
20260818,08053,Hinsdale County,CO,0.00,0.00,0.00,10.73,62.01,27.26,2026-08-18,2026-08-24,2
20260811,08053,Hinsdale County,CO,0.00,0.00,0.00,10.73,62.01,27.26,2026-08-11,2026-08-17,2
20260804,08053,Hinsdale County,CO,0.00,0.00,0.00,10.73,62.01,27.26,2026-08-04,2026-08-10,2
20260728,08053,Hinsdale County,CO,0.00,0.00,0.00,10.73,62.01,27.26,2026-07-28,2026-08-03,2
20260721,08053,Hinsdale County,CO,0.00,0.00,0.00,10.73,62.01,27.26,2026-07-21,2026-07-27,2
20260714,08053,Hinsdale County,CO,0.00,0.00,0.00,9.83,62.91,27.26,2026-07-14,2026-07-20,2
20260707,08053,Hinsdale County,CO,0.00,0.00,0.00,9.83,90.17,0.00,2026-07-07,2026-07-13,2
20260630,08053,Hinsdale County,CO,0.00,0.00,0.00,9.83,90.17,0.00,2026-06-30,2026-07-06,2
20260623,08053,Hinsdale County,CO,0.00,0.00,0.00,9.83,90.17,0.00,2026-06-23,2026-06-29,2
20260616,08053,Hinsdale County,CO,0.00,0.00,0.00,36.85,63.15,0.00,2026-06-16,2026-06-22,2
20260609,08053,Hinsdale County,CO,0.00,0.00,0.00,36.85,63.15,0.00,2026-06-09,2026-06-15,2
20260602,08053,Hinsdale County,CO,0.00,0.00,0.00,36.85,63.15,0.00,2026-06-02,2026-06-08,2
20260526,08053,Hinsdale County,CO,0.00,0.00,0.05,36.81,63.15,0.00,2026-05-26,2026-06-01,2
20260519,08053,Hinsdale County,CO,0.00,0.00,0.05,36.81,63.15,0.00,2026-05-19,2026-05-25,2
20260512,08053,Hinsdale County,CO,0.00,0.00,0.05,37.55,62.40,0.00,2026-05-12,2026-05-18,2
20260505,08053,Hinsdale County,CO,0.00,0.00,0.05,37.55,62.40,0.00,2026-05-05,2026-05-11,2
20260428,08053,Hinsdale County,CO,0.00,0.00,0.05,37.55,62.40,0.00,2026-04-28,2026-05-04,2
20260421,08053,Hinsdale County,CO,0.00,0.00,0.05,24.17,63.30,12.48,2026-04-21,2026-04-27,2
20260414,08053,Hinsdale County,CO,0.00,0.00,0.05,24.17,63.30,12.48,2026-04-14,2026-04-20,2
20260407,08053,Hinsdale County,CO,0.00,0.00,0.05,24.17,63.30,12.48,2026-04-07,2026-04-13,2
20260331,08053,Hinsdale County,CO,0.00,0.00,0.05,23.88,63.59,12.48,2026-03-31,2026-04-06,2
20260324,08053,Hinsdale County,CO,0.00,0.00,0.05,62.86,37.09,0.00,2026-03-24,2026-03-30,2
20260317,08053,Hinsdale County,CO,0.00,0.00,62.92,37.08,0.00,0.00,2026-03-17,2026-03-23,2
20260310,08053,Hinsdale County,CO,0.00,18.27,58.75,22.98,0.00,0.00,2026-03-10,2026-03-16,2
20260303,08053,Hinsdale County,CO,0.00,18.27,58.75,22.98,0.00,0.00,2026-03-03,2026-03-09,2
20260224,08053,Hinsdale County,CO,0.00,18.27,58.75,22.98,0.00,0.00,2026-02-24,2026-03-02,2
20260217,08053,Hinsdale County,CO,0.00,18.27,32.98,48.76,0.00,0.00,2026-02-17,2026-02-23,2
20260210,08053,Hinsdale County,CO,0.00,18.27,32.98,48.76,0.00,0.00,2026-02-10,2026-02-16,2
20260203,08053,Hinsdale County,CO,0.00,29.28,70.72,0.00,0.00,0.00,2026-02-03,2026-02-09,2
20260127,08053,Hinsdale County,CO,0.00,29.28,70.72,0.00,0.00,0.00,2026-01-27,2026-02-02,2
20260120,08053,Hinsdale County,CO,0.00,29.18,70.82,0.00,0.00,0.00,2026-01-20,2026-01-26,2
20260113,08053,Hinsdale County,CO,0.00,94.07,5.93,0.00,0.00,0.00,2026-01-13,2026-01-19,2
20260106,08053,Hinsdale County,CO,0.00,94.07,5.93,0.00,0.00,0.00,2026-01-06,2026-01-12,2
20251230,08053,Hinsdale County,CO,0.00,94.07,5.93,0.00,0.00,0.00,2025-12-30,2026-01-05,2
20251223,08053,Hinsdale County,CO,25.13,68.94,5.93,0.00,0.00,0.00,2025-12-23,2025-12-29,2
20251216,08053,Hinsdale County,CO,75.36,18.70,5.93,0.00,0.00,0.00,2025-12-16,2025-12-22,2
20251209,08053,Hinsdale County,CO,75.36,18.70,5.93,0.00,0.00,0.00,2025-12-09,2025-12-15,2
20251202,08053,Hinsdale County,CO,75.36,18.70,5.93,0.00,0.00,0.00,2025-12-02,2025-12-08,2
20251125,08053,Hinsdale County,CO,75.36,18.70,5.93,0.00,0.00,0.00,2025-11-25,2025-12-01,2
20251118,08053,Hinsdale County,CO,75.36,18.70,4.26,1.67,0.00,0.00,2025-11-18,2025-11-24,2
20251111,08053,Hinsdale County,CO,75.36,18.70,4.26,1.67,0.00,0.00,2025-11-11,2025-11-17,2
20251104,08053,Hinsdale County,CO,75.20,18.53,4.60,1.67,0.00,0.00,2025-11-04,2025-11-10,2
20251028,08053,Hinsdale County,CO,75.50,18.23,4.60,1.67,0.00,0.00,2025-10-28,2025-11-03,2
20251021,08053,Hinsdale County,CO,75.75,18.05,4.54,1.67,0.00,0.00,2025-10-21,2025-10-27,2
20251014,08053,Hinsdale County,CO,58.41,18.01,21.91,1.67,0.00,0.00,2025-10-14,2025-10-20,2
20251007,08053,Hinsdale County,CO,0.00,0.00,64.51,33.28,2.21,0.00,2025-10-07,2025-10-13,2
20250930,08053,Hinsdale County,CO,0.00,0.00,34.74,63.05,2.21,0.00,2025-09-30,2025-10-06,2
20261006,08055,Huerfano County,CO,0.00,0.00,2.13,70.16,27.72,0.00,2026-10-06,2026-10-12,2
20260929,08055,Huerfano County,CO,0.00,0.00,0.00,2.52,70.99,26.49,2026-09-29,2026-10-05,2
20260922,08055,Huerfano County,CO,0.00,0.00,0.00,2.52,70.99,26.49,2026-09-22,2026-09-28,2
20260915,08055,Huerfano County,CO,0.00,0.00,0.00,2.52,70.99,26.49,2026-09-15,2026-09-21,2
20260908,08055,Huerfano County,CO,0.00,0.00,0.00,2.49,71.02,26.49,2026-09-08,2026-09-14,2
20260901,08055,Huerfano County,CO,0.00,0.00,0.00,2.49,71.02,26.49,2026-09-01,2026-09-07,2
20260825,08055,Huerfano County,CO,0.00,0.00,0.00,2.48,15.89,81.63,2026-08-25,2026-08-31,2
20260818,08055,Huerfano County,CO,0.00,0.00,0.59,1.90,15.89,81.63,2026-08-18,2026-08-24,2
20260811,08055,Huerfano County,CO,0.00,0.00,0.59,1.90,15.89,81.63,2026-08-11,2026-08-17,2
20260804,08055,Huerfano County,CO,0.00,0.00,0.59,1.90,16.30,81.22,2026-08-04,2026-08-10,2
20260728,08055,Huerfano County,CO,0.00,0.00,0.00,2.33,16.44,81.22,2026-07-28,2026-08-03,2
20260721,08055,Huerfano County,CO,0.00,0.00,0.00,2.33,86.71,10.96,2026-07-21,2026-07-27,2
20260714,08055,Huerfano County,CO,0.00,0.00,0.00,9.62,79.42,10.96,2026-07-14,2026-07-20,2
20260707,08055,Huerfano County,CO,0.00,0.00,0.00,9.62,79.42,10.96,2026-07-07,2026-07-13,2
20260630,08055,Huerfano County,CO,0.00,0.00,0.00,13.89,75.15,10.96,2026-06-30,2026-07-06,2
20260623,08055,Huerfano County,CO,0.00,0.00,0.00,17.31,71.73,10.96,2026-06-23,2026-06-29,2
20260616,08055,Huerfano County,CO,0.00,0.00,0.00,17.31,71.73,10.96,2026-06-16,2026-06-22,2
20260609,08055,Huerfano County,CO,0.00,0.00,0.00,17.31,71.73,10.96,2026-06-09,2026-06-15,2
20260602,08055,Huerfano County,CO,0.00,0.00,0.00,15.26,73.78,10.96,2026-06-02,2026-06-08,2
20260526,08055,Huerfano County,CO,0.00,0.00,0.00,15.26,73.78,10.96,2026-05-26,2026-06-01,2
20260519,08055,Huerfano County,CO,0.00,0.00,0.00,21.22,67.82,10.96,2026-05-19,2026-05-25,2
20260512,08055,Huerfano County,CO,0.00,0.00,0.00,21.22,67.82,10.96,2026-05-12,2026-05-18,2
20260505,08055,Huerfano County,CO,0.00,0.00,0.00,8.37,80.67,10.96,2026-05-05,2026-05-11,2
20260428,08055,Huerfano County,CO,0.00,0.00,0.00,8.37,80.67,10.96,2026-04-28,2026-05-04,2
20260421,08055,Huerfano County,CO,0.00,0.00,0.00,8.37,80.67,10.96,2026-04-21,2026-04-27,2
20260414,08055,Huerfano County,CO,0.00,0.00,0.00,8.37,87.35,4.28,2026-04-14,2026-04-20,2
20260407,08055,Huerfano County,CO,0.00,0.00,0.34,35.69,59.69,4.28,2026-04-07,2026-04-13,2
20260331,08055,Huerfano County,CO,0.00,0.00,0.34,35.69,59.69,4.28,2026-03-31,2026-04-06,2
20260324,08055,Huerfano County,CO,0.00,0.28,20.17,57.66,21.89,0.00,2026-03-24,2026-03-30,2
20260317,08055,Huerfano County,CO,0.00,0.28,20.17,72.47,7.08,0.00,2026-03-17,2026-03-23,2
20260310,08055,Huerfano County,CO,0.48,10.00,77.38,12.14,0.00,0.00,2026-03-10,2026-03-16,2
20260303,08055,Huerfano County,CO,0.48,10.00,77.38,12.14,0.00,0.00,2026-03-03,2026-03-09,2
20260224,08055,Huerfano County,CO,0.48,40.21,47.16,12.14,0.00,0.00,2026-02-24,2026-03-02,2
20260217,08055,Huerfano County,CO,0.65,40.05,47.16,12.14,0.00,0.00,2026-02-17,2026-02-23,2
20260210,08055,Huerfano County,CO,0.66,40.04,47.16,12.14,0.00,0.00,2026-02-10,2026-02-16,2
20260203,08055,Huerfano County,CO,0.66,40.04,47.16,12.14,0.00,0.00,2026-02-03,2026-02-09,2
20260127,08055,Huerfano County,CO,0.66,40.04,47.16,12.14,0.00,0.00,2026-01-27,2026-02-02,2
20260120,08055,Huerfano County,CO,0.79,39.90,47.16,12.14,0.00,0.00,2026-01-20,2026-01-26,2
20260113,08055,Huerfano County,CO,0.79,39.90,47.16,12.14,0.00,0.00,2026-01-13,2026-01-19,2
20260106,08055,Huerfano County,CO,0.00,4.23,83.63,12.14,0.00,0.00,2026-01-06,2026-01-12,2
20251230,08055,Huerfano County,CO,0.00,4.83,95.17,0.00,0.00,0.00,2025-12-30,2026-01-05,2
20251223,08055,Huerfano County,CO,0.00,34.58,65.42,0.00,0.00,0.00,2025-12-23,2025-12-29,2
20251216,08055,Huerfano County,CO,0.00,34.58,65.42,0.00,0.00,0.00,2025-12-16,2025-12-22,2
20251209,08055,Huerfano County,CO,0.00,34.58,65.42,0.00,0.00,0.00,2025-12-09,2025-12-15,2
20251202,08055,Huerfano County,CO,0.00,34.58,65.42,0.00,0.00,0.00,2025-12-02,2025-12-08,2
20251125,08055,Huerfano County,CO,0.00,36.43,63.57,0.00,0.00,0.00,2025-11-25,2025-12-01,2
20251118,08055,Huerfano County,CO,0.00,36.31,63.69,0.00,0.00,0.00,2025-11-18,2025-11-24,2
20251111,08055,Huerfano County,CO,0.00,36.31,63.69,0.00,0.00,0.00,2025-11-11,2025-11-17,2
20251104,08055,Huerfano County,CO,0.00,72.47,27.53,0.00,0.00,0.00,2025-11-04,2025-11-10,2
20251028,08055,Huerfano County,CO,1.11,71.35,27.53,0.00,0.00,0.00,2025-10-28,2025-11-03,2
20251021,08055,Huerfano County,CO,41.91,30.56,27.53,0.00,0.00,0.00,2025-10-21,2025-10-27,2
20251014,08055,Huerfano County,CO,41.91,30.17,27.92,0.00,0.00,0.00,2025-10-14,2025-10-20,2
20251007,08055,Huerfano County,CO,42.51,29.58,27.92,0.00,0.00,0.00,2025-10-07,2025-10-13,2
20250930,08055,Huerfano County,CO,42.51,29.58,27.92,0.00,0.00,0.00,2025-09-30,2025-10-06,2
20261006,08057,Jackson County,CO,0.00,0.00,46.63,42.47,10.90,0.00,2026-10-06,2026-10-12,2
20260929,08057,Jackson County,CO,0.00,0.00,46.63,42.47,10.90,0.00,2026-09-29,2026-10-05,2
20260922,08057,Jackson County,CO,0.00,0.00,46.63,42.47,10.90,0.00,2026-09-22,2026-09-28,2
20260915,08057,Jackson County,CO,0.00,0.00,22.67,66.03,11.29,0.00,2026-09-15,2026-09-21,2
20260908,08057,Jackson County,CO,0.00,0.00,22.67,65.96,11.36,0.00,2026-09-08,2026-09-14,2
20260901,08057,Jackson County,CO,0.00,0.00,22.67,65.96,11.36,0.00,2026-09-01,2026-09-07,2
20260825,08057,Jackson County,CO,0.00,0.00,22.67,56.73,20.60,0.00,2026-08-25,2026-08-31,2
20260818,08057,Jackson County,CO,0.00,0.00,22.67,66.00,11.33,0.00,2026-08-18,2026-08-24,2
20260811,08057,Jackson County,CO,0.00,0.00,22.67,67.49,9.83,0.00,2026-08-11,2026-08-17,2
20260804,08057,Jackson County,CO,0.00,0.00,22.67,67.49,9.83,0.00,2026-08-04,2026-08-10,2
20260728,08057,Jackson County,CO,0.00,0.00,22.67,67.49,9.83,0.00,2026-07-28,2026-08-03,2
20260721,08057,Jackson County,CO,0.00,0.00,22.67,67.49,9.83,0.00,2026-07-21,2026-07-27,2
20260714,08057,Jackson County,CO,0.00,0.00,22.67,67.49,9.83,0.00,2026-07-14,2026-07-20,2
20260707,08057,Jackson County,CO,0.00,0.00,22.67,67.49,9.83,0.00,2026-07-07,2026-07-13,2
20260630,08057,Jackson County,CO,0.00,0.00,22.67,67.49,9.83,0.00,2026-06-30,2026-07-06,2
20260623,08057,Jackson County,CO,0.00,0.00,22.67,67.49,9.83,0.00,2026-06-23,2026-06-29,2
20260616,08057,Jackson County,CO,0.00,0.00,22.63,67.53,9.83,0.00,2026-06-16,2026-06-22,2
20260609,08057,Jackson County,CO,0.00,0.00,39.07,51.10,9.83,0.00,2026-06-09,2026-06-15,2
20260602,08057,Jackson County,CO,0.00,0.00,39.07,51.10,9.83,0.00,2026-06-02,2026-06-08,2
20260526,08057,Jackson County,CO,0.00,0.00,14.96,55.18,29.85,0.00,2026-05-26,2026-06-01,2
20260519,08057,Jackson County,CO,0.00,0.00,0.00,42.91,57.09,0.00,2026-05-19,2026-05-25,2
20260512,08057,Jackson County,CO,0.00,0.00,0.00,0.00,98.35,1.65,2026-05-12,2026-05-18,2
20260505,08057,Jackson County,CO,0.00,0.00,0.00,0.00,0.00,100.00,2026-05-05,2026-05-11,2
20260428,08057,Jackson County,CO,0.00,0.00,0.00,0.00,0.00,100.00,2026-04-28,2026-05-04,2
20260421,08057,Jackson County,CO,0.00,0.00,0.00,0.00,0.00,100.00,2026-04-21,2026-04-27,2
20260414,08057,Jackson County,CO,0.00,0.00,0.00,0.00,0.00,100.00,2026-04-14,2026-04-20,2
20260407,08057,Jackson County,CO,0.00,0.00,0.00,0.00,0.00,100.00,2026-04-07,2026-04-13,2
20260331,08057,Jackson County,CO,0.00,0.00,0.00,0.00,0.00,100.00,2026-03-31,2026-04-06,2
20260324,08057,Jackson County,CO,0.00,0.00,0.00,0.00,100.00,0.00,2026-03-24,2026-03-30,2
20260317,08057,Jackson County,CO,0.00,0.00,0.00,0.06,99.94,0.00,2026-03-17,2026-03-23,2
20260310,08057,Jackson County,CO,0.00,0.00,0.00,0.06,99.94,0.00,2026-03-10,2026-03-16,2
20260303,08057,Jackson County,CO,0.00,0.00,0.00,72.56,27.44,0.00,2026-03-03,2026-03-09,2
20260224,08057,Jackson County,CO,0.00,0.00,0.00,72.56,27.44,0.00,2026-02-24,2026-03-02,2
20260217,08057,Jackson County,CO,0.00,0.00,0.00,72.56,27.44,0.00,2026-02-17,2026-02-23,2
20260210,08057,Jackson County,CO,0.00,0.00,0.00,72.56,27.44,0.00,2026-02-10,2026-02-16,2
20260203,08057,Jackson County,CO,0.00,0.00,0.00,72.56,27.44,0.00,2026-02-03,2026-02-09,2
20260127,08057,Jackson County,CO,0.00,0.00,0.00,72.56,27.44,0.00,2026-01-27,2026-02-02,2
20260120,08057,Jackson County,CO,0.00,0.00,0.00,72.56,27.44,0.00,2026-01-20,2026-01-26,2
20260113,08057,Jackson County,CO,0.00,0.00,0.00,72.78,27.22,0.00,2026-01-13,2026-01-19,2
20260106,08057,Jackson County,CO,0.00,0.00,0.00,72.78,27.22,0.00,2026-01-06,2026-01-12,2
20251230,08057,Jackson County,CO,0.00,0.00,0.00,100.00,0.00,0.00,2025-12-30,2026-01-05,2
20251223,08057,Jackson County,CO,0.00,0.00,0.00,100.00,0.00,0.00,2025-12-23,2025-12-29,2
20251216,08057,Jackson County,CO,0.00,0.00,0.00,100.00,0.00,0.00,2025-12-16,2025-12-22,2
20251209,08057,Jackson County,CO,0.00,0.00,0.00,100.00,0.00,0.00,2025-12-09,2025-12-15,2
20251202,08057,Jackson County,CO,0.00,0.00,0.00,100.00,0.00,0.00,2025-12-02,2025-12-08,2
20251125,08057,Jackson County,CO,0.00,0.00,22.70,77.30,0.00,0.00,2025-11-25,2025-12-01,2
20251118,08057,Jackson County,CO,0.00,4.34,32.83,62.83,0.00,0.00,2025-11-18,2025-11-24,2
20251111,08057,Jackson County,CO,0.00,4.34,32.83,62.83,0.00,0.00,2025-11-11,2025-11-17,2
20251104,08057,Jackson County,CO,0.00,3.84,33.34,62.83,0.00,0.00,2025-11-04,2025-11-10,2
20251028,08057,Jackson County,CO,0.00,3.84,33.34,62.83,0.00,0.00,2025-10-28,2025-11-03,2
20251021,08057,Jackson County,CO,0.00,3.96,33.21,62.83,0.00,0.00,2025-10-21,2025-10-27,2
20251014,08057,Jackson County,CO,0.00,3.45,33.73,62.82,0.00,0.00,2025-10-14,2025-10-20,2
20251007,08057,Jackson County,CO,0.00,0.00,35.52,37.91,26.56,0.00,2025-10-07,2025-10-13,2
20250930,08057,Jackson County,CO,0.00,0.00,14.69,58.75,26.56,0.00,2025-09-30,2025-10-06,2
20261006,08059,Jefferson County,CO,0.00,0.00,0.00,55.60,42.37,2.03,2026-10-06,2026-10-12,2
20260929,08059,Jefferson County,CO,0.00,0.00,0.00,55.60,42.24,2.16,2026-09-29,2026-10-05,2
20260922,08059,Jefferson County,CO,0.00,0.00,0.00,55.59,42.24,2.16,2026-09-22,2026-09-28,2
20260915,08059,Jefferson County,CO,0.00,0.00,0.00,55.59,44.41,0.00,2026-09-15,2026-09-21,2
20260908,08059,Jefferson County,CO,0.00,0.00,0.00,55.76,44.24,0.00,2026-09-08,2026-09-14,2
20260901,08059,Jefferson County,CO,0.00,0.00,0.00,55.76,44.24,0.00,2026-09-01,2026-09-07,2
20260825,08059,Jefferson County,CO,0.00,0.00,0.00,55.76,44.24,0.00,2026-08-25,2026-08-31,2
20260818,08059,Jefferson County,CO,0.00,0.00,0.00,55.58,44.42,0.00,2026-08-18,2026-08-24,2
20260811,08059,Jefferson County,CO,0.00,0.00,0.00,0.00,100.00,0.00,2026-08-11,2026-08-17,2
20260804,08059,Jefferson County,CO,0.00,0.00,0.00,0.00,100.00,0.00,2026-08-04,2026-08-10,2
20260728,08059,Jefferson County,CO,0.00,0.00,0.00,0.00,100.00,0.00,2026-07-28,2026-08-03,2
20260721,08059,Jefferson County,CO,0.00,0.00,0.00,0.00,100.00,0.00,2026-07-21,2026-07-27,2
20260714,08059,Jefferson County,CO,0.00,0.00,0.00,58.59,41.41,0.00,2026-07-14,2026-07-20,2
20260707,08059,Jefferson County,CO,0.00,0.00,0.00,58.69,41.31,0.00,2026-07-07,2026-07-13,2
20260630,08059,Jefferson County,CO,0.00,0.00,0.03,99.97,0.00,0.00,2026-06-30,2026-07-06,2
20260623,08059,Jefferson County,CO,0.00,0.00,0.03,64.97,35.00,0.00,2026-06-23,2026-06-29,2
20260616,08059,Jefferson County,CO,0.00,0.00,0.03,92.24,7.73,0.00,2026-06-16,2026-06-22,2
20260609,08059,Jefferson County,CO,0.00,0.00,0.03,92.24,7.73,0.00,2026-06-09,2026-06-15,2
20260602,08059,Jefferson County,CO,0.00,0.00,0.03,92.24,7.73,0.00,2026-06-02,2026-06-08,2
20260526,08059,Jefferson County,CO,0.00,0.00,0.03,92.19,7.78,0.00,2026-05-26,2026-06-01,2
20260519,08059,Jefferson County,CO,0.00,0.00,0.03,40.39,59.58,0.00,2026-05-19,2026-05-25,2
20260512,08059,Jefferson County,CO,0.00,0.00,0.03,40.39,59.58,0.00,2026-05-12,2026-05-18,2
20260505,08059,Jefferson County,CO,0.00,0.00,0.03,8.35,91.62,0.00,2026-05-05,2026-05-11,2
20260428,08059,Jefferson County,CO,0.00,0.00,0.00,8.38,91.62,0.00,2026-04-28,2026-05-04,2
20260421,08059,Jefferson County,CO,0.00,0.00,0.00,8.38,91.62,0.00,2026-04-21,2026-04-27,2
20260414,08059,Jefferson County,CO,0.00,0.00,0.00,8.38,91.62,0.00,2026-04-14,2026-04-20,2
20260407,08059,Jefferson County,CO,0.00,0.00,1.98,47.00,51.02,0.00,2026-04-07,2026-04-13,2
20260331,08059,Jefferson County,CO,0.00,0.00,1.98,97.18,0.85,0.00,2026-03-31,2026-04-06,2
20260324,08059,Jefferson County,CO,0.00,0.00,1.98,98.02,0.00,0.00,2026-03-24,2026-03-30,2
20260317,08059,Jefferson County,CO,0.00,0.00,1.98,98.02,0.00,0.00,2026-03-17,2026-03-23,2
20260310,08059,Jefferson County,CO,0.00,0.00,0.00,100.00,0.00,0.00,2026-03-10,2026-03-16,2
20260303,08059,Jefferson County,CO,0.00,0.00,0.00,39.66,60.34,0.00,2026-03-03,2026-03-09,2
20260224,08059,Jefferson County,CO,0.00,0.00,0.00,100.00,0.00,0.00,2026-02-24,2026-03-02,2
20260217,08059,Jefferson County,CO,0.00,0.00,27.12,72.88,0.00,0.00,2026-02-17,2026-02-23,2
20260210,08059,Jefferson County,CO,0.00,0.00,27.12,72.88,0.00,0.00,2026-02-10,2026-02-16,2
20260203,08059,Jefferson County,CO,0.00,0.00,65.17,34.83,0.00,0.00,2026-02-03,2026-02-09,2
20260127,08059,Jefferson County,CO,0.00,0.00,94.02,5.98,0.00,0.00,2026-01-27,2026-02-02,2
20260120,08059,Jefferson County,CO,0.00,0.00,94.02,5.98,0.00,0.00,2026-01-20,2026-01-26,2
20260113,08059,Jefferson County,CO,0.00,0.00,94.02,5.98,0.00,0.00,2026-01-13,2026-01-19,2
20260106,08059,Jefferson County,CO,0.00,0.00,94.02,5.98,0.00,0.00,2026-01-06,2026-01-12,2
20251230,08059,Jefferson County,CO,0.00,3.39,90.64,5.98,0.00,0.00,2025-12-30,2026-01-05,2
20251223,08059,Jefferson County,CO,0.00,3.39,90.64,5.98,0.00,0.00,2025-12-23,2025-12-29,2
20251216,08059,Jefferson County,CO,0.00,3.39,90.64,5.98,0.00,0.00,2025-12-16,2025-12-22,2
20251209,08059,Jefferson County,CO,0.00,3.39,90.64,5.98,0.00,0.00,2025-12-09,2025-12-15,2
20251202,08059,Jefferson County,CO,0.00,3.39,90.64,5.98,0.00,0.00,2025-12-02,2025-12-08,2
20251125,08059,Jefferson County,CO,2.60,91.00,6.41,0.00,0.00,0.00,2025-11-25,2025-12-01,2
20251118,08059,Jefferson County,CO,2.60,91.00,6.41,0.00,0.00,0.00,2025-11-18,2025-11-24,2
20251111,08059,Jefferson County,CO,2.60,91.00,6.41,0.00,0.00,0.00,2025-11-11,2025-11-17,2
20251104,08059,Jefferson County,CO,78.17,15.42,6.41,0.00,0.00,0.00,2025-11-04,2025-11-10,2
20251028,08059,Jefferson County,CO,83.96,9.67,6.37,0.00,0.00,0.00,2025-10-28,2025-11-03,2
20251021,08059,Jefferson County,CO,83.96,9.67,6.37,0.00,0.00,0.00,2025-10-21,2025-10-27,2
20251014,08059,Jefferson County,CO,83.96,9.67,6.37,0.00,0.00,0.00,2025-10-14,2025-10-20,2
20251007,08059,Jefferson County,CO,83.96,9.67,6.37,0.00,0.00,0.00,2025-10-07,2025-10-13,2
20250930,08059,Jefferson County,CO,83.96,9.67,6.37,0.00,0.00,0.00,2025-09-30,2025-10-06,2
20261006,08061,Kiowa County,CO,65.22,34.78,0.00,0.00,0.00,0.00,2026-10-06,2026-10-12,2
20260929,08061,Kiowa County,CO,6.41,16.97,76.62,0.00,0.00,0.00,2026-09-29,2026-10-05,2
20260922,08061,Kiowa County,CO,0.00,6.32,17.42,76.25,0.00,0.00,2026-09-22,2026-09-28,2
20260915,08061,Kiowa County,CO,0.00,0.00,23.74,54.62,21.64,0.00,2026-09-15,2026-09-21,2
20260908,08061,Kiowa County,CO,0.00,0.00,4.78,52.62,42.59,0.00,2026-09-08,2026-09-14,2
20260901,08061,Kiowa County,CO,0.00,0.00,4.78,52.62,42.59,0.00,2026-09-01,2026-09-07,2
20260825,08061,Kiowa County,CO,0.00,0.00,0.16,45.88,37.32,16.65,2026-08-25,2026-08-31,2
20260818,08061,Kiowa County,CO,0.00,0.00,1.20,44.83,37.32,16.65,2026-08-18,2026-08-24,2
20260811,08061,Kiowa County,CO,0.00,0.00,1.20,30.92,51.23,16.65,2026-08-11,2026-08-17,2
20260804,08061,Kiowa County,CO,0.00,0.00,1.20,30.92,51.23,16.65,2026-08-04,2026-08-10,2
20260728,08061,Kiowa County,CO,0.00,0.00,0.16,9.39,54.35,36.10,2026-07-28,2026-08-03,2
20260721,08061,Kiowa County,CO,0.00,0.00,0.16,48.45,31.57,19.82,2026-07-21,2026-07-27,2
20260714,08061,Kiowa County,CO,0.00,0.00,10.93,37.68,31.57,19.82,2026-07-14,2026-07-20,2
20260707,08061,Kiowa County,CO,0.00,0.00,10.93,37.59,31.65,19.82,2026-07-07,2026-07-13,2
20260630,08061,Kiowa County,CO,0.00,0.00,10.93,37.59,43.71,7.77,2026-06-30,2026-07-06,2
20260623,08061,Kiowa County,CO,0.00,0.00,11.15,41.31,39.76,7.77,2026-06-23,2026-06-29,2
20260616,08061,Kiowa County,CO,0.00,0.00,11.15,51.84,37.01,0.00,2026-06-16,2026-06-22,2
20260609,08061,Kiowa County,CO,0.00,0.00,11.16,55.83,33.01,0.00,2026-06-09,2026-06-15,2
20260602,08061,Kiowa County,CO,0.00,0.00,11.16,57.73,31.11,0.00,2026-06-02,2026-06-08,2
20260526,08061,Kiowa County,CO,0.00,0.00,11.16,57.73,31.11,0.00,2026-05-26,2026-06-01,2
20260519,08061,Kiowa County,CO,0.00,0.00,28.05,71.95,0.00,0.00,2026-05-19,2026-05-25,2
20260512,08061,Kiowa County,CO,0.00,0.00,28.05,71.95,0.00,0.00,2026-05-12,2026-05-18,2
20260505,08061,Kiowa County,CO,0.00,0.00,22.44,77.56,0.00,0.00,2026-05-05,2026-05-11,2
20260428,08061,Kiowa County,CO,0.00,0.00,21.87,78.13,0.00,0.00,2026-04-28,2026-05-04,2
20260421,08061,Kiowa County,CO,0.00,0.00,28.55,71.45,0.00,0.00,2026-04-21,2026-04-27,2
20260414,08061,Kiowa County,CO,0.00,10.46,86.76,2.78,0.00,0.00,2026-04-14,2026-04-20,2
20260407,08061,Kiowa County,CO,0.00,1.21,98.79,0.00,0.00,0.00,2026-04-07,2026-04-13,2
20260331,08061,Kiowa County,CO,0.00,35.31,64.69,0.00,0.00,0.00,2026-03-31,2026-04-06,2
20260324,08061,Kiowa County,CO,33.21,66.79,0.00,0.00,0.00,0.00,2026-03-24,2026-03-30,2
20260317,08061,Kiowa County,CO,100.00,0.00,0.00,0.00,0.00,0.00,2026-03-17,2026-03-23,2
20260310,08061,Kiowa County,CO,100.00,0.00,0.00,0.00,0.00,0.00,2026-03-10,2026-03-16,2
20260303,08061,Kiowa County,CO,100.00,0.00,0.00,0.00,0.00,0.00,2026-03-03,2026-03-09,2
20260224,08061,Kiowa County,CO,100.00,0.00,0.00,0.00,0.00,0.00,2026-02-24,2026-03-02,2
20260217,08061,Kiowa County,CO,100.00,0.00,0.00,0.00,0.00,0.00,2026-02-17,2026-02-23,2
20260210,08061,Kiowa County,CO,100.00,0.00,0.00,0.00,0.00,0.00,2026-02-10,2026-02-16,2
20260203,08061,Kiowa County,CO,100.00,0.00,0.00,0.00,0.00,0.00,2026-02-03,2026-02-09,2
20260127,08061,Kiowa County,CO,100.00,0.00,0.00,0.00,0.00,0.00,2026-01-27,2026-02-02,2
20260120,08061,Kiowa County,CO,100.00,0.00,0.00,0.00,0.00,0.00,2026-01-20,2026-01-26,2
20260113,08061,Kiowa County,CO,100.00,0.00,0.00,0.00,0.00,0.00,2026-01-13,2026-01-19,2
20260106,08061,Kiowa County,CO,100.00,0.00,0.00,0.00,0.00,0.00,2026-01-06,2026-01-12,2
20251230,08061,Kiowa County,CO,100.00,0.00,0.00,0.00,0.00,0.00,2025-12-30,2026-01-05,2
20251223,08061,Kiowa County,CO,100.00,0.00,0.00,0.00,0.00,0.00,2025-12-23,2025-12-29,2
20251216,08061,Kiowa County,CO,100.00,0.00,0.00,0.00,0.00,0.00,2025-12-16,2025-12-22,2
20251209,08061,Kiowa County,CO,100.00,0.00,0.00,0.00,0.00,0.00,2025-12-09,2025-12-15,2
20251202,08061,Kiowa County,CO,100.00,0.00,0.00,0.00,0.00,0.00,2025-12-02,2025-12-08,2
20251125,08061,Kiowa County,CO,100.00,0.00,0.00,0.00,0.00,0.00,2025-11-25,2025-12-01,2
20251118,08061,Kiowa County,CO,100.00,0.00,0.00,0.00,0.00,0.00,2025-11-18,2025-11-24,2
20251111,08061,Kiowa County,CO,100.00,0.00,0.00,0.00,0.00,0.00,2025-11-11,2025-11-17,2
20251104,08061,Kiowa County,CO,100.00,0.00,0.00,0.00,0.00,0.00,2025-11-04,2025-11-10,2
20251028,08061,Kiowa County,CO,100.00,0.00,0.00,0.00,0.00,0.00,2025-10-28,2025-11-03,2
20251021,08061,Kiowa County,CO,100.00,0.00,0.00,0.00,0.00,0.00,2025-10-21,2025-10-27,2
20251014,08061,Kiowa County,CO,100.00,0.00,0.00,0.00,0.00,0.00,2025-10-14,2025-10-20,2
20251007,08061,Kiowa County,CO,100.00,0.00,0.00,0.00,0.00,0.00,2025-10-07,2025-10-13,2
20250930,08061,Kiowa County,CO,100.00,0.00,0.00,0.00,0.00,0.00,2025-09-30,2025-10-06,2
20261006,08063,Kit Carson County,CO,62.51,37.49,0.00,0.00,0.00,0.00,2026-10-06,2026-10-12,2
20260929,08063,Kit Carson County,CO,56.25,26.58,17.17,0.00,0.00,0.00,2026-09-29,2026-10-05,2
20260922,08063,Kit Carson County,CO,50.98,25.73,23.29,0.00,0.00,0.00,2026-09-22,2026-09-28,2
20260915,08063,Kit Carson County,CO,50.98,24.76,24.25,0.00,0.00,0.00,2026-09-15,2026-09-21,2
20260908,08063,Kit Carson County,CO,50.98,24.76,24.25,0.00,0.00,0.00,2026-09-08,2026-09-14,2
20260901,08063,Kit Carson County,CO,50.98,24.76,24.25,0.00,0.00,0.00,2026-09-01,2026-09-07,2
20260825,08063,Kit Carson County,CO,49.99,25.75,24.25,0.00,0.00,0.00,2026-08-25,2026-08-31,2
20260818,08063,Kit Carson County,CO,26.61,45.90,27.49,0.00,0.00,0.00,2026-08-18,2026-08-24,2
20260811,08063,Kit Carson County,CO,26.61,57.19,16.20,0.00,0.00,0.00,2026-08-11,2026-08-17,2
20260804,08063,Kit Carson County,CO,29.13,55.10,15.77,0.00,0.00,0.00,2026-08-04,2026-08-10,2
20260728,08063,Kit Carson County,CO,9.74,71.31,18.95,0.00,0.00,0.00,2026-07-28,2026-08-03,2
20260721,08063,Kit Carson County,CO,18.11,72.82,9.08,0.00,0.00,0.00,2026-07-21,2026-07-27,2
20260714,08063,Kit Carson County,CO,18.11,73.50,8.39,0.00,0.00,0.00,2026-07-14,2026-07-20,2
20260707,08063,Kit Carson County,CO,18.11,73.50,8.40,0.00,0.00,0.00,2026-07-07,2026-07-13,2
20260630,08063,Kit Carson County,CO,0.00,91.60,8.40,0.00,0.00,0.00,2026-06-30,2026-07-06,2
20260623,08063,Kit Carson County,CO,0.00,72.42,27.58,0.00,0.00,0.00,2026-06-23,2026-06-29,2
20260616,08063,Kit Carson County,CO,0.00,48.18,51.82,0.00,0.00,0.00,2026-06-16,2026-06-22,2
20260609,08063,Kit Carson County,CO,22.85,75.93,1.22,0.00,0.00,0.00,2026-06-09,2026-06-15,2
20260602,08063,Kit Carson County,CO,22.85,76.70,0.45,0.00,0.00,0.00,2026-06-02,2026-06-08,2
20260526,08063,Kit Carson County,CO,0.00,89.71,10.29,0.00,0.00,0.00,2026-05-26,2026-06-01,2
20260519,08063,Kit Carson County,CO,0.00,0.00,99.24,0.76,0.00,0.00,2026-05-19,2026-05-25,2
20260512,08063,Kit Carson County,CO,0.00,0.00,37.75,62.25,0.00,0.00,2026-05-12,2026-05-18,2
20260505,08063,Kit Carson County,CO,0.00,0.00,2.93,75.97,21.11,0.00,2026-05-05,2026-05-11,2
20260428,08063,Kit Carson County,CO,0.00,0.00,2.93,75.97,21.11,0.00,2026-04-28,2026-05-04,2
20260421,08063,Kit Carson County,CO,0.00,0.00,4.93,83.04,12.02,0.00,2026-04-21,2026-04-27,2
20260414,08063,Kit Carson County,CO,0.00,3.41,5.87,89.33,1.39,0.00,2026-04-14,2026-04-20,2
20260407,08063,Kit Carson County,CO,0.00,2.35,94.86,2.79,0.00,0.00,2026-04-07,2026-04-13,2
20260331,08063,Kit Carson County,CO,0.00,26.74,70.47,2.79,0.00,0.00,2026-03-31,2026-04-06,2
20260324,08063,Kit Carson County,CO,23.64,75.95,0.41,0.00,0.00,0.00,2026-03-24,2026-03-30,2
20260317,08063,Kit Carson County,CO,69.04,30.55,0.41,0.00,0.00,0.00,2026-03-17,2026-03-23,2
20260310,08063,Kit Carson County,CO,69.04,30.30,0.66,0.00,0.00,0.00,2026-03-10,2026-03-16,2
20260303,08063,Kit Carson County,CO,69.04,30.30,0.66,0.00,0.00,0.00,2026-03-03,2026-03-09,2
20260224,08063,Kit Carson County,CO,77.67,21.67,0.66,0.00,0.00,0.00,2026-02-24,2026-03-02,2
20260217,08063,Kit Carson County,CO,77.11,22.23,0.66,0.00,0.00,0.00,2026-02-17,2026-02-23,2
20260210,08063,Kit Carson County,CO,32.38,66.96,0.66,0.00,0.00,0.00,2026-02-10,2026-02-16,2
20260203,08063,Kit Carson County,CO,72.81,26.53,0.66,0.00,0.00,0.00,2026-02-03,2026-02-09,2
20260127,08063,Kit Carson County,CO,99.31,0.69,0.00,0.00,0.00,0.00,2026-01-27,2026-02-02,2
20260120,08063,Kit Carson County,CO,99.29,0.71,0.00,0.00,0.00,0.00,2026-01-20,2026-01-26,2
20260113,08063,Kit Carson County,CO,99.98,0.02,0.00,0.00,0.00,0.00,2026-01-13,2026-01-19,2
20260106,08063,Kit Carson County,CO,99.81,0.19,0.00,0.00,0.00,0.00,2026-01-06,2026-01-12,2
20251230,08063,Kit Carson County,CO,99.81,0.19,0.00,0.00,0.00,0.00,2025-12-30,2026-01-05,2
20251223,08063,Kit Carson County,CO,100.00,0.00,0.00,0.00,0.00,0.00,2025-12-23,2025-12-29,2
20251216,08063,Kit Carson County,CO,100.00,0.00,0.00,0.00,0.00,0.00,2025-12-16,2025-12-22,2
20251209,08063,Kit Carson County,CO,100.00,0.00,0.00,0.00,0.00,0.00,2025-12-09,2025-12-15,2
20251202,08063,Kit Carson County,CO,100.00,0.00,0.00,0.00,0.00,0.00,2025-12-02,2025-12-08,2
20251125,08063,Kit Carson County,CO,100.00,0.00,0.00,0.00,0.00,0.00,2025-11-25,2025-12-01,2
20251118,08063,Kit Carson County,CO,100.00,0.00,0.00,0.00,0.00,0.00,2025-11-18,2025-11-24,2
20251111,08063,Kit Carson County,CO,100.00,0.00,0.00,0.00,0.00,0.00,2025-11-11,2025-11-17,2
20251104,08063,Kit Carson County,CO,100.00,0.00,0.00,0.00,0.00,0.00,2025-11-04,2025-11-10,2
20251028,08063,Kit Carson County,CO,100.00,0.00,0.00,0.00,0.00,0.00,2025-10-28,2025-11-03,2
20251021,08063,Kit Carson County,CO,100.00,0.00,0.00,0.00,0.00,0.00,2025-10-21,2025-10-27,2
20251014,08063,Kit Carson County,CO,100.00,0.00,0.00,0.00,0.00,0.00,2025-10-14,2025-10-20,2
20251007,08063,Kit Carson County,CO,100.00,0.00,0.00,0.00,0.00,0.00,2025-10-07,2025-10-13,2
20250930,08063,Kit Carson County,CO,100.00,0.00,0.00,0.00,0.00,0.00,2025-09-30,2025-10-06,2
20261006,08067,La Plata County,CO,0.00,27.16,66.93,5.91,0.00,0.00,2026-10-06,2026-10-12,2
20260929,08067,La Plata County,CO,0.00,27.16,66.93,5.91,0.00,0.00,2026-09-29,2026-10-05,2
20260922,08067,La Plata County,CO,0.00,0.00,43.36,56.59,0.05,0.00,2026-09-22,2026-09-28,2
20260915,08067,La Plata County,CO,0.00,0.00,1.79,71.99,26.22,0.00,2026-09-15,2026-09-21,2
20260908,08067,La Plata County,CO,0.00,0.00,1.79,32.73,65.48,0.00,2026-09-08,2026-09-14,2
20260901,08067,La Plata County,CO,0.00,0.00,1.79,62.64,35.58,0.00,2026-09-01,2026-09-07,2
20260825,08067,La Plata County,CO,0.00,0.00,0.00,91.60,8.40,0.00,2026-08-25,2026-08-31,2
20260818,08067,La Plata County,CO,0.00,0.00,0.00,91.60,8.40,0.00,2026-08-18,2026-08-24,2
20260811,08067,La Plata County,CO,0.00,0.00,0.00,91.60,8.40,0.00,2026-08-11,2026-08-17,2
20260804,08067,La Plata County,CO,0.00,0.00,0.00,91.60,8.40,0.00,2026-08-04,2026-08-10,2
20260728,08067,La Plata County,CO,0.00,0.00,0.00,91.60,8.40,0.00,2026-07-28,2026-08-03,2
20260721,08067,La Plata County,CO,0.00,0.00,0.00,91.60,8.40,0.00,2026-07-21,2026-07-27,2
20260714,08067,La Plata County,CO,0.00,0.00,0.00,80.41,19.59,0.00,2026-07-14,2026-07-20,2
20260707,08067,La Plata County,CO,0.00,0.00,0.00,80.41,19.59,0.00,2026-07-07,2026-07-13,2
20260630,08067,La Plata County,CO,0.00,0.00,0.00,81.60,18.40,0.00,2026-06-30,2026-07-06,2
20260623,08067,La Plata County,CO,0.00,0.00,0.00,83.86,16.14,0.00,2026-06-23,2026-06-29,2
20260616,08067,La Plata County,CO,0.00,0.00,0.00,83.86,16.14,0.00,2026-06-16,2026-06-22,2
20260609,08067,La Plata County,CO,0.00,0.00,0.00,83.86,16.14,0.00,2026-06-09,2026-06-15,2
20260602,08067,La Plata County,CO,0.00,0.00,0.00,83.86,16.14,0.00,2026-06-02,2026-06-08,2
20260526,08067,La Plata County,CO,0.00,0.00,0.00,83.86,16.14,0.00,2026-05-26,2026-06-01,2
20260519,08067,La Plata County,CO,0.00,0.00,0.00,83.86,16.14,0.00,2026-05-19,2026-05-25,2
20260512,08067,La Plata County,CO,0.00,0.00,0.00,83.86,16.14,0.00,2026-05-12,2026-05-18,2
20260505,08067,La Plata County,CO,0.00,0.00,0.00,83.86,16.14,0.00,2026-05-05,2026-05-11,2
20260428,08067,La Plata County,CO,0.00,0.00,0.00,83.86,16.14,0.00,2026-04-28,2026-05-04,2
20260421,08067,La Plata County,CO,0.00,0.00,0.00,61.57,33.91,4.52,2026-04-21,2026-04-27,2
20260414,08067,La Plata County,CO,0.00,0.00,0.00,61.57,33.91,4.52,2026-04-14,2026-04-20,2
20260407,08067,La Plata County,CO,0.00,0.00,0.00,61.57,33.91,4.52,2026-04-07,2026-04-13,2
20260331,08067,La Plata County,CO,0.00,0.00,0.00,0.00,95.48,4.52,2026-03-31,2026-04-06,2
20260324,08067,La Plata County,CO,0.00,0.00,0.00,94.13,5.87,0.00,2026-03-24,2026-03-30,2
20260317,08067,La Plata County,CO,0.00,0.00,94.13,5.87,0.00,0.00,2026-03-17,2026-03-23,2
20260310,08067,La Plata County,CO,0.00,0.00,94.13,5.87,0.00,0.00,2026-03-10,2026-03-16,2
20260303,08067,La Plata County,CO,0.00,58.42,35.71,5.87,0.00,0.00,2026-03-03,2026-03-09,2
20260224,08067,La Plata County,CO,0.00,58.42,35.71,5.87,0.00,0.00,2026-02-24,2026-03-02,2
20260217,08067,La Plata County,CO,0.00,58.42,13.85,27.73,0.00,0.00,2026-02-17,2026-02-23,2
20260210,08067,La Plata County,CO,0.00,58.42,13.85,27.73,0.00,0.00,2026-02-10,2026-02-16,2
20260203,08067,La Plata County,CO,0.00,58.42,41.58,0.00,0.00,0.00,2026-02-03,2026-02-09,2
20260127,08067,La Plata County,CO,0.00,58.42,41.58,0.00,0.00,0.00,2026-01-27,2026-02-02,2
20260120,08067,La Plata County,CO,0.00,58.49,41.51,0.00,0.00,0.00,2026-01-20,2026-01-26,2
20260113,08067,La Plata County,CO,0.00,98.02,1.98,0.00,0.00,0.00,2026-01-13,2026-01-19,2
20260106,08067,La Plata County,CO,0.00,98.02,1.98,0.00,0.00,0.00,2026-01-06,2026-01-12,2
20251230,08067,La Plata County,CO,0.00,98.02,1.98,0.00,0.00,0.00,2025-12-30,2026-01-05,2
20251223,08067,La Plata County,CO,0.00,98.02,1.98,0.00,0.00,0.00,2025-12-23,2025-12-29,2
20251216,08067,La Plata County,CO,48.79,49.23,1.98,0.00,0.00,0.00,2025-12-16,2025-12-22,2
20251209,08067,La Plata County,CO,48.79,49.23,1.98,0.00,0.00,0.00,2025-12-09,2025-12-15,2
20251202,08067,La Plata County,CO,48.79,49.23,1.98,0.00,0.00,0.00,2025-12-02,2025-12-08,2
20251125,08067,La Plata County,CO,48.79,49.23,1.98,0.00,0.00,0.00,2025-11-25,2025-12-01,2
20251118,08067,La Plata County,CO,48.79,45.29,5.92,0.00,0.00,0.00,2025-11-18,2025-11-24,2
20251111,08067,La Plata County,CO,48.79,45.29,5.92,0.00,0.00,0.00,2025-11-11,2025-11-17,2
20251104,08067,La Plata County,CO,48.91,45.03,6.06,0.00,0.00,0.00,2025-11-04,2025-11-10,2
20251028,08067,La Plata County,CO,49.27,44.67,6.06,0.00,0.00,0.00,2025-10-28,2025-11-03,2
20251021,08067,La Plata County,CO,49.16,44.88,5.95,0.00,0.00,0.00,2025-10-21,2025-10-27,2
20251014,08067,La Plata County,CO,8.67,42.99,43.72,4.62,0.00,0.00,2025-10-14,2025-10-20,2
20251007,08067,La Plata County,CO,0.00,0.00,10.13,40.67,49.21,0.00,2025-10-07,2025-10-13,2
20250930,08067,La Plata County,CO,0.00,0.00,0.00,50.79,49.21,0.00,2025-09-30,2025-10-06,2
20261006,08065,Lake County,CO,0.00,0.00,0.00,0.00,0.00,100.00,2026-10-06,2026-10-12,2
20260929,08065,Lake County,CO,0.00,0.00,0.00,0.00,0.00,100.00,2026-09-29,2026-10-05,2
20260922,08065,Lake County,CO,0.00,0.00,0.00,0.00,0.00,100.00,2026-09-22,2026-09-28,2
20260915,08065,Lake County,CO,0.00,0.00,0.00,0.00,0.00,100.00,2026-09-15,2026-09-21,2
20260908,08065,Lake County,CO,0.00,0.00,0.00,0.00,0.00,100.00,2026-09-08,2026-09-14,2
20260901,08065,Lake County,CO,0.00,0.00,0.00,0.00,0.00,100.00,2026-09-01,2026-09-07,2
20260825,08065,Lake County,CO,0.00,0.00,0.00,0.00,0.00,100.00,2026-08-25,2026-08-31,2
20260818,08065,Lake County,CO,0.00,0.00,0.00,0.00,0.00,100.00,2026-08-18,2026-08-24,2
20260811,08065,Lake County,CO,0.00,0.00,0.00,0.00,0.00,100.00,2026-08-11,2026-08-17,2
20260804,08065,Lake County,CO,0.00,0.00,0.00,0.00,0.00,100.00,2026-08-04,2026-08-10,2
20260728,08065,Lake County,CO,0.00,0.00,0.00,0.00,0.00,100.00,2026-07-28,2026-08-03,2
20260721,08065,Lake County,CO,0.00,0.00,0.00,0.00,0.00,100.00,2026-07-21,2026-07-27,2
20260714,08065,Lake County,CO,0.00,0.00,0.00,0.00,0.00,100.00,2026-07-14,2026-07-20,2
20260707,08065,Lake County,CO,0.00,0.00,0.00,0.00,0.00,100.00,2026-07-07,2026-07-13,2
20260630,08065,Lake County,CO,0.00,0.00,0.00,0.00,0.00,100.00,2026-06-30,2026-07-06,2
20260623,08065,Lake County,CO,0.00,0.00,0.00,0.00,0.00,100.00,2026-06-23,2026-06-29,2
20260616,08065,Lake County,CO,0.00,0.00,0.00,0.00,0.00,100.00,2026-06-16,2026-06-22,2
20260609,08065,Lake County,CO,0.00,0.00,0.00,0.00,3.65,96.35,2026-06-09,2026-06-15,2
20260602,08065,Lake County,CO,0.00,0.00,0.00,0.00,3.65,96.35,2026-06-02,2026-06-08,2
20260526,08065,Lake County,CO,0.00,0.00,0.00,0.00,3.65,96.35,2026-05-26,2026-06-01,2
20260519,08065,Lake County,CO,0.00,0.00,0.00,0.00,3.65,96.35,2026-05-19,2026-05-25,2
20260512,08065,Lake County,CO,0.00,0.00,0.00,0.00,3.65,96.35,2026-05-12,2026-05-18,2
20260505,08065,Lake County,CO,0.00,0.00,0.00,0.00,3.65,96.35,2026-05-05,2026-05-11,2
20260428,08065,Lake County,CO,0.00,0.00,0.00,0.00,3.65,96.35,2026-04-28,2026-05-04,2
20260421,08065,Lake County,CO,0.00,0.00,0.00,0.00,3.65,96.35,2026-04-21,2026-04-27,2
20260414,08065,Lake County,CO,0.00,0.00,0.00,0.00,3.65,96.35,2026-04-14,2026-04-20,2
20260407,08065,Lake County,CO,0.00,0.00,0.00,0.00,3.65,96.35,2026-04-07,2026-04-13,2
20260331,08065,Lake County,CO,0.00,0.00,0.00,0.00,3.65,96.35,2026-03-31,2026-04-06,2
20260324,08065,Lake County,CO,0.00,0.00,0.00,1.58,79.48,18.93,2026-03-24,2026-03-30,2
20260317,08065,Lake County,CO,0.00,0.00,1.58,43.85,36.38,18.20,2026-03-17,2026-03-23,2
20260310,08065,Lake County,CO,0.00,0.00,1.58,43.85,36.38,18.20,2026-03-10,2026-03-16,2
20260303,08065,Lake County,CO,0.00,0.00,1.58,43.85,36.38,18.20,2026-03-03,2026-03-09,2
20260224,08065,Lake County,CO,0.00,0.00,1.58,43.85,36.38,18.20,2026-02-24,2026-03-02,2
20260217,08065,Lake County,CO,0.00,0.00,1.58,43.85,36.38,18.20,2026-02-17,2026-02-23,2
20260210,08065,Lake County,CO,0.00,0.00,1.58,43.85,36.38,18.20,2026-02-10,2026-02-16,2
20260203,08065,Lake County,CO,0.00,0.00,22.26,44.70,14.84,18.20,2026-02-03,2026-02-09,2
20260127,08065,Lake County,CO,0.00,0.00,22.26,44.70,14.84,18.20,2026-01-27,2026-02-02,2
20260120,08065,Lake County,CO,0.00,0.00,22.26,44.70,14.84,18.20,2026-01-20,2026-01-26,2
20260113,08065,Lake County,CO,0.00,0.00,22.26,44.70,14.84,18.20,2026-01-13,2026-01-19,2
20260106,08065,Lake County,CO,0.00,0.00,27.78,52.18,17.59,2.45,2026-01-06,2026-01-12,2
20251230,08065,Lake County,CO,0.00,0.00,27.78,52.18,20.04,0.00,2025-12-30,2026-01-05,2
20251223,08065,Lake County,CO,0.00,0.00,27.78,52.18,20.04,0.00,2025-12-23,2025-12-29,2
20251216,08065,Lake County,CO,0.00,0.00,40.71,54.06,5.23,0.00,2025-12-16,2025-12-22,2
20251209,08065,Lake County,CO,0.00,0.00,40.71,54.06,5.23,0.00,2025-12-09,2025-12-15,2
20251202,08065,Lake County,CO,0.00,0.00,40.71,52.44,6.84,0.00,2025-12-02,2025-12-08,2
20251125,08065,Lake County,CO,0.00,2.44,46.12,49.90,1.54,0.00,2025-11-25,2025-12-01,2
20251118,08065,Lake County,CO,0.00,2.44,46.12,49.90,1.54,0.00,2025-11-18,2025-11-24,2
20251111,08065,Lake County,CO,0.00,2.44,46.12,49.90,1.54,0.00,2025-11-11,2025-11-17,2
20251104,08065,Lake County,CO,0.00,2.23,46.33,49.90,1.54,0.00,2025-11-04,2025-11-10,2
20251028,08065,Lake County,CO,0.00,2.23,46.33,49.90,1.54,0.00,2025-10-28,2025-11-03,2
20251021,08065,Lake County,CO,0.00,2.22,46.34,49.90,1.54,0.00,2025-10-21,2025-10-27,2
20251014,08065,Lake County,CO,0.00,3.55,42.71,52.19,1.54,0.00,2025-10-14,2025-10-20,2
20251007,08065,Lake County,CO,0.00,0.00,46.14,49.65,4.20,0.00,2025-10-07,2025-10-13,2
20250930,08065,Lake County,CO,0.00,0.00,46.14,49.65,4.20,0.00,2025-09-30,2025-10-06,2
20261006,08069,Larimer County,CO,0.00,0.00,0.00,35.16,38.92,25.92,2026-10-06,2026-10-12,2
20260929,08069,Larimer County,CO,0.00,0.00,0.00,50.90,49.10,0.00,2026-09-29,2026-10-05,2
20260922,08069,Larimer County,CO,0.00,0.00,0.00,50.90,49.10,0.00,2026-09-22,2026-09-28,2
20260915,08069,Larimer County,CO,0.00,0.00,0.00,50.90,49.10,0.00,2026-09-15,2026-09-21,2
20260908,08069,Larimer County,CO,0.00,0.00,0.00,51.00,49.00,0.00,2026-09-08,2026-09-14,2
20260901,08069,Larimer County,CO,0.00,0.00,0.00,51.00,49.00,0.00,2026-09-01,2026-09-07,2
20260825,08069,Larimer County,CO,0.00,0.00,0.00,51.00,49.00,0.00,2026-08-25,2026-08-31,2
20260818,08069,Larimer County,CO,0.00,0.00,0.00,51.00,49.00,0.00,2026-08-18,2026-08-24,2
20260811,08069,Larimer County,CO,0.00,0.00,0.00,51.00,49.00,0.00,2026-08-11,2026-08-17,2
20260804,08069,Larimer County,CO,0.00,0.00,0.00,51.00,49.00,0.00,2026-08-04,2026-08-10,2
20260728,08069,Larimer County,CO,0.00,0.00,0.00,52.20,47.80,0.00,2026-07-28,2026-08-03,2
20260721,08069,Larimer County,CO,0.00,0.00,0.00,52.20,47.80,0.00,2026-07-21,2026-07-27,2
20260714,08069,Larimer County,CO,0.00,0.00,0.00,84.69,15.31,0.00,2026-07-14,2026-07-20,2
20260707,08069,Larimer County,CO,0.00,0.00,0.00,84.69,15.31,0.00,2026-07-07,2026-07-13,2
20260630,08069,Larimer County,CO,0.00,0.00,0.00,100.00,0.00,0.00,2026-06-30,2026-07-06,2
20260623,08069,Larimer County,CO,0.00,0.00,0.00,100.00,0.00,0.00,2026-06-23,2026-06-29,2
20260616,08069,Larimer County,CO,0.00,0.00,65.70,34.30,0.00,0.00,2026-06-16,2026-06-22,2
20260609,08069,Larimer County,CO,0.00,0.00,87.47,12.53,0.00,0.00,2026-06-09,2026-06-15,2
20260602,08069,Larimer County,CO,0.00,0.00,87.47,12.53,0.00,0.00,2026-06-02,2026-06-08,2
20260526,08069,Larimer County,CO,0.00,0.00,83.05,16.95,0.00,0.00,2026-05-26,2026-06-01,2
20260519,08069,Larimer County,CO,0.00,0.00,55.88,42.61,1.51,0.00,2026-05-19,2026-05-25,2
20260512,08069,Larimer County,CO,0.00,0.00,0.00,65.07,34.93,0.00,2026-05-12,2026-05-18,2
20260505,08069,Larimer County,CO,0.00,0.00,0.00,0.00,69.84,30.16,2026-05-05,2026-05-11,2
20260428,08069,Larimer County,CO,0.00,0.00,0.00,0.00,69.84,30.16,2026-04-28,2026-05-04,2
20260421,08069,Larimer County,CO,0.00,0.00,0.00,0.00,69.84,30.16,2026-04-21,2026-04-27,2
20260414,08069,Larimer County,CO,0.00,0.00,0.00,0.00,69.84,30.16,2026-04-14,2026-04-20,2
20260407,08069,Larimer County,CO,0.00,0.00,0.00,0.00,69.84,30.16,2026-04-07,2026-04-13,2
20260331,08069,Larimer County,CO,0.00,0.00,0.00,0.00,69.84,30.16,2026-03-31,2026-04-06,2
20260324,08069,Larimer County,CO,0.00,0.00,0.00,58.39,41.61,0.00,2026-03-24,2026-03-30,2
20260317,08069,Larimer County,CO,0.00,0.00,0.00,97.12,2.88,0.00,2026-03-17,2026-03-23,2
20260310,08069,Larimer County,CO,0.00,0.00,0.00,97.12,2.88,0.00,2026-03-10,2026-03-16,2
20260303,08069,Larimer County,CO,0.00,0.00,0.00,98.21,1.79,0.00,2026-03-03,2026-03-09,2
20260224,08069,Larimer County,CO,0.00,0.00,0.00,98.21,1.79,0.00,2026-02-24,2026-03-02,2
20260217,08069,Larimer County,CO,0.00,0.00,37.56,60.65,1.79,0.00,2026-02-17,2026-02-23,2
20260210,08069,Larimer County,CO,0.00,0.00,37.56,60.65,1.79,0.00,2026-02-10,2026-02-16,2
20260203,08069,Larimer County,CO,0.00,0.00,65.73,32.48,1.79,0.00,2026-02-03,2026-02-09,2
20260127,08069,Larimer County,CO,0.00,0.00,73.59,24.62,1.79,0.00,2026-01-27,2026-02-02,2
20260120,08069,Larimer County,CO,0.00,0.00,73.59,24.62,1.79,0.00,2026-01-20,2026-01-26,2
20260113,08069,Larimer County,CO,0.00,0.00,73.59,24.62,1.79,0.00,2026-01-13,2026-01-19,2
20260106,08069,Larimer County,CO,0.00,0.00,73.59,24.62,1.79,0.00,2026-01-06,2026-01-12,2
20251230,08069,Larimer County,CO,0.00,0.00,77.27,22.73,0.00,0.00,2025-12-30,2026-01-05,2
20251223,08069,Larimer County,CO,0.00,0.00,77.27,22.73,0.00,0.00,2025-12-23,2025-12-29,2
20251216,08069,Larimer County,CO,0.00,0.00,77.27,22.73,0.00,0.00,2025-12-16,2025-12-22,2
20251209,08069,Larimer County,CO,0.00,0.00,77.27,22.73,0.00,0.00,2025-12-09,2025-12-15,2
20251202,08069,Larimer County,CO,0.00,0.00,77.27,22.73,0.00,0.00,2025-12-02,2025-12-08,2
20251125,08069,Larimer County,CO,0.00,71.87,25.59,2.53,0.00,0.00,2025-11-25,2025-12-01,2
20251118,08069,Larimer County,CO,0.00,95.77,3.60,0.63,0.00,0.00,2025-11-18,2025-11-24,2
20251111,08069,Larimer County,CO,0.00,95.77,3.60,0.63,0.00,0.00,2025-11-11,2025-11-17,2
20251104,08069,Larimer County,CO,65.32,30.08,3.97,0.63,0.00,0.00,2025-11-04,2025-11-10,2
20251028,08069,Larimer County,CO,65.90,29.51,3.97,0.63,0.00,0.00,2025-10-28,2025-11-03,2
20251021,08069,Larimer County,CO,65.87,29.64,3.87,0.63,0.00,0.00,2025-10-21,2025-10-27,2
20251014,08069,Larimer County,CO,65.87,28.97,4.53,0.63,0.00,0.00,2025-10-14,2025-10-20,2
20251007,08069,Larimer County,CO,62.06,28.19,9.08,0.67,0.00,0.00,2025-10-07,2025-10-13,2
20250930,08069,Larimer County,CO,62.06,20.48,16.79,0.67,0.00,0.00,2025-09-30,2025-10-06,2
20261006,08071,Las Animas County,CO,33.14,12.84,30.70,15.04,8.27,0.00,2026-10-06,2026-10-12,2
20260929,08071,Las Animas County,CO,0.00,11.60,32.90,32.32,17.34,5.84,2026-09-29,2026-10-05,2
20260922,08071,Las Animas County,CO,0.00,0.00,39.66,36.54,17.96,5.84,2026-09-22,2026-09-28,2
20260915,08071,Las Animas County,CO,0.00,0.00,39.66,36.54,17.96,5.84,2026-09-15,2026-09-21,2
20260908,08071,Las Animas County,CO,0.00,0.00,38.77,37.38,18.01,5.84,2026-09-08,2026-09-14,2
20260901,08071,Las Animas County,CO,0.00,0.00,38.77,37.38,18.01,5.84,2026-09-01,2026-09-07,2
20260825,08071,Las Animas County,CO,0.00,0.00,38.77,27.40,27.01,6.82,2026-08-25,2026-08-31,2
20260818,08071,Las Animas County,CO,0.00,0.00,46.38,19.80,27.01,6.82,2026-08-18,2026-08-24,2
20260811,08071,Las Animas County,CO,0.00,0.00,37.20,23.56,32.42,6.82,2026-08-11,2026-08-17,2
20260804,08071,Las Animas County,CO,0.00,0.00,37.20,23.56,32.42,6.82,2026-08-04,2026-08-10,2
20260728,08071,Las Animas County,CO,0.00,0.00,9.65,27.39,56.14,6.82,2026-07-28,2026-08-03,2
20260721,08071,Las Animas County,CO,0.00,0.00,9.65,43.25,41.63,5.47,2026-07-21,2026-07-27,2
20260714,08071,Las Animas County,CO,0.00,0.00,10.83,67.51,16.19,5.47,2026-07-14,2026-07-20,2
20260707,08071,Las Animas County,CO,0.00,0.00,10.79,67.55,16.19,5.47,2026-07-07,2026-07-13,2
20260630,08071,Las Animas County,CO,0.00,0.00,10.79,67.55,16.19,5.47,2026-06-30,2026-07-06,2
20260623,08071,Las Animas County,CO,0.00,0.00,3.70,71.67,19.16,5.47,2026-06-23,2026-06-29,2
20260616,08071,Las Animas County,CO,0.00,0.00,3.70,71.67,19.16,5.47,2026-06-16,2026-06-22,2
20260609,08071,Las Animas County,CO,0.00,0.00,3.70,71.67,19.16,5.47,2026-06-09,2026-06-15,2
20260602,08071,Las Animas County,CO,0.00,0.00,3.70,48.07,42.76,5.47,2026-06-02,2026-06-08,2
20260526,08071,Las Animas County,CO,0.00,0.00,0.00,11.60,82.93,5.47,2026-05-26,2026-06-01,2
20260519,08071,Las Animas County,CO,0.00,0.00,0.00,11.60,82.93,5.47,2026-05-19,2026-05-25,2
20260512,08071,Las Animas County,CO,0.00,0.00,0.00,11.60,82.93,5.47,2026-05-12,2026-05-18,2
20260505,08071,Las Animas County,CO,0.00,0.00,0.00,0.00,94.53,5.47,2026-05-05,2026-05-11,2
20260428,08071,Las Animas County,CO,0.00,0.00,0.00,0.00,94.53,5.47,2026-04-28,2026-05-04,2
20260421,08071,Las Animas County,CO,0.00,0.00,0.00,13.79,80.74,5.47,2026-04-21,2026-04-27,2
20260414,08071,Las Animas County,CO,0.00,0.00,0.00,27.25,71.95,0.80,2026-04-14,2026-04-20,2
20260407,08071,Las Animas County,CO,0.00,0.00,0.11,85.57,13.52,0.80,2026-04-07,2026-04-13,2
20260331,08071,Las Animas County,CO,0.00,0.00,41.15,45.42,12.62,0.80,2026-03-31,2026-04-06,2
20260324,08071,Las Animas County,CO,0.00,0.00,61.98,32.84,5.19,0.00,2026-03-24,2026-03-30,2
20260317,08071,Las Animas County,CO,0.00,37.27,43.98,17.25,1.49,0.00,2026-03-17,2026-03-23,2
20260310,08071,Las Animas County,CO,37.53,32.86,28.11,1.50,0.00,0.00,2026-03-10,2026-03-16,2
20260303,08071,Las Animas County,CO,37.53,32.86,28.11,1.50,0.00,0.00,2026-03-03,2026-03-09,2
20260224,08071,Las Animas County,CO,59.81,19.10,19.59,1.50,0.00,0.00,2026-02-24,2026-03-02,2
20260217,08071,Las Animas County,CO,63.65,15.27,19.59,1.50,0.00,0.00,2026-02-17,2026-02-23,2
20260210,08071,Las Animas County,CO,63.64,15.28,19.59,1.50,0.00,0.00,2026-02-10,2026-02-16,2
20260203,08071,Las Animas County,CO,63.64,15.28,19.59,1.50,0.00,0.00,2026-02-03,2026-02-09,2
20260127,08071,Las Animas County,CO,63.64,15.28,19.59,1.50,0.00,0.00,2026-01-27,2026-02-02,2
20260120,08071,Las Animas County,CO,64.07,14.84,19.59,1.50,0.00,0.00,2026-01-20,2026-01-26,2
20260113,08071,Las Animas County,CO,64.12,14.79,19.59,1.50,0.00,0.00,2026-01-13,2026-01-19,2
20260106,08071,Las Animas County,CO,4.46,58.60,35.43,1.50,0.00,0.00,2026-01-06,2026-01-12,2
20251230,08071,Las Animas County,CO,47.03,44.06,8.91,0.00,0.00,0.00,2025-12-30,2026-01-05,2
20251223,08071,Las Animas County,CO,47.03,48.47,4.50,0.00,0.00,0.00,2025-12-23,2025-12-29,2
20251216,08071,Las Animas County,CO,47.03,48.47,4.50,0.00,0.00,0.00,2025-12-16,2025-12-22,2
20251209,08071,Las Animas County,CO,47.03,48.47,4.50,0.00,0.00,0.00,2025-12-09,2025-12-15,2
20251202,08071,Las Animas County,CO,47.03,48.47,4.50,0.00,0.00,0.00,2025-12-02,2025-12-08,2
20251125,08071,Las Animas County,CO,47.03,52.95,0.02,0.00,0.00,0.00,2025-11-25,2025-12-01,2
20251118,08071,Las Animas County,CO,0.00,99.98,0.02,0.00,0.00,0.00,2025-11-18,2025-11-24,2
20251111,08071,Las Animas County,CO,59.81,40.17,0.02,0.00,0.00,0.00,2025-11-11,2025-11-17,2
20251104,08071,Las Animas County,CO,59.72,40.28,0.00,0.00,0.00,0.00,2025-11-04,2025-11-10,2
20251028,08071,Las Animas County,CO,60.78,39.22,0.00,0.00,0.00,0.00,2025-10-28,2025-11-03,2
20251021,08071,Las Animas County,CO,76.30,23.70,0.00,0.00,0.00,0.00,2025-10-21,2025-10-27,2
20251014,08071,Las Animas County,CO,76.30,23.70,0.00,0.00,0.00,0.00,2025-10-14,2025-10-20,2
20251007,08071,Las Animas County,CO,76.30,23.70,0.00,0.00,0.00,0.00,2025-10-07,2025-10-13,2
20250930,08071,Las Animas County,CO,76.30,23.70,0.00,0.00,0.00,0.00,2025-09-30,2025-10-06,2
20261006,08073,Lincoln County,CO,51.03,47.47,1.50,0.00,0.00,0.00,2026-10-06,2026-10-12,2
20260929,08073,Lincoln County,CO,50.29,3.49,46.23,0.00,0.00,0.00,2026-09-29,2026-10-05,2
20260922,08073,Lincoln County,CO,35.70,9.73,31.65,22.92,0.00,0.00,2026-09-22,2026-09-28,2
20260915,08073,Lincoln County,CO,34.33,3.90,19.15,42.61,0.00,0.00,2026-09-15,2026-09-21,2
20260908,08073,Lincoln County,CO,34.33,3.90,19.16,39.64,2.97,0.00,2026-09-08,2026-09-14,2
20260901,08073,Lincoln County,CO,34.33,3.90,19.16,39.64,2.97,0.00,2026-09-01,2026-09-07,2
20260825,08073,Lincoln County,CO,24.89,10.96,20.16,33.86,9.97,0.16,2026-08-25,2026-08-31,2
20260818,08073,Lincoln County,CO,14.19,16.32,5.35,54.02,9.97,0.16,2026-08-18,2026-08-24,2
20260811,08073,Lincoln County,CO,4.18,15.36,16.31,33.74,30.24,0.16,2026-08-11,2026-08-17,2
20260804,08073,Lincoln County,CO,5.09,29.64,7.09,45.38,12.64,0.16,2026-08-04,2026-08-10,2
20260728,08073,Lincoln County,CO,0.39,16.32,25.11,17.14,32.32,8.72,2026-07-28,2026-08-03,2
20260721,08073,Lincoln County,CO,0.39,16.32,15.76,26.49,34.51,6.53,2026-07-21,2026-07-27,2
20260714,08073,Lincoln County,CO,0.39,17.51,16.73,27.47,31.38,6.53,2026-07-14,2026-07-20,2
20260707,08073,Lincoln County,CO,0.39,17.51,16.73,27.47,31.38,6.53,2026-07-07,2026-07-13,2
20260630,08073,Lincoln County,CO,0.00,4.26,30.37,49.01,16.37,0.00,2026-06-30,2026-07-06,2
20260623,08073,Lincoln County,CO,0.00,0.00,33.26,63.70,3.04,0.00,2026-06-23,2026-06-29,2
20260616,08073,Lincoln County,CO,0.00,0.00,77.00,21.96,1.04,0.00,2026-06-16,2026-06-22,2
20260609,08073,Lincoln County,CO,0.00,27.30,65.53,6.63,0.54,0.00,2026-06-09,2026-06-15,2
20260602,08073,Lincoln County,CO,0.00,39.93,52.90,7.05,0.12,0.00,2026-06-02,2026-06-08,2
20260526,08073,Lincoln County,CO,0.00,39.93,52.90,7.05,0.12,0.00,2026-05-26,2026-06-01,2
20260519,08073,Lincoln County,CO,0.00,19.18,67.12,13.70,0.00,0.00,2026-05-19,2026-05-25,2
20260512,08073,Lincoln County,CO,0.00,19.18,42.86,37.96,0.00,0.00,2026-05-12,2026-05-18,2
20260505,08073,Lincoln County,CO,0.00,19.18,35.58,44.08,1.16,0.00,2026-05-05,2026-05-11,2
20260428,08073,Lincoln County,CO,0.00,0.00,19.18,79.66,1.16,0.00,2026-04-28,2026-05-04,2
20260421,08073,Lincoln County,CO,0.00,0.00,20.11,79.65,0.24,0.00,2026-04-21,2026-04-27,2
20260414,08073,Lincoln County,CO,0.00,0.00,52.04,47.96,0.00,0.00,2026-04-14,2026-04-20,2
20260407,08073,Lincoln County,CO,0.00,0.00,100.00,0.00,0.00,0.00,2026-04-07,2026-04-13,2
20260331,08073,Lincoln County,CO,0.00,79.19,20.81,0.00,0.00,0.00,2026-03-31,2026-04-06,2
20260324,08073,Lincoln County,CO,78.07,21.93,0.00,0.00,0.00,0.00,2026-03-24,2026-03-30,2
20260317,08073,Lincoln County,CO,78.15,21.85,0.00,0.00,0.00,0.00,2026-03-17,2026-03-23,2
20260310,08073,Lincoln County,CO,78.15,21.85,0.00,0.00,0.00,0.00,2026-03-10,2026-03-16,2
20260303,08073,Lincoln County,CO,78.15,21.85,0.00,0.00,0.00,0.00,2026-03-03,2026-03-09,2
20260224,08073,Lincoln County,CO,95.75,4.25,0.00,0.00,0.00,0.00,2026-02-24,2026-03-02,2
20260217,08073,Lincoln County,CO,95.76,4.24,0.00,0.00,0.00,0.00,2026-02-17,2026-02-23,2
20260210,08073,Lincoln County,CO,95.17,4.83,0.00,0.00,0.00,0.00,2026-02-10,2026-02-16,2
20260203,08073,Lincoln County,CO,95.17,4.83,0.00,0.00,0.00,0.00,2026-02-03,2026-02-09,2
20260127,08073,Lincoln County,CO,100.00,0.00,0.00,0.00,0.00,0.00,2026-01-27,2026-02-02,2
20260120,08073,Lincoln County,CO,100.00,0.00,0.00,0.00,0.00,0.00,2026-01-20,2026-01-26,2
20260113,08073,Lincoln County,CO,100.00,0.00,0.00,0.00,0.00,0.00,2026-01-13,2026-01-19,2
20260106,08073,Lincoln County,CO,100.00,0.00,0.00,0.00,0.00,0.00,2026-01-06,2026-01-12,2
20251230,08073,Lincoln County,CO,100.00,0.00,0.00,0.00,0.00,0.00,2025-12-30,2026-01-05,2
20251223,08073,Lincoln County,CO,100.00,0.00,0.00,0.00,0.00,0.00,2025-12-23,2025-12-29,2
20251216,08073,Lincoln County,CO,100.00,0.00,0.00,0.00,0.00,0.00,2025-12-16,2025-12-22,2
20251209,08073,Lincoln County,CO,100.00,0.00,0.00,0.00,0.00,0.00,2025-12-09,2025-12-15,2
20251202,08073,Lincoln County,CO,99.87,0.13,0.00,0.00,0.00,0.00,2025-12-02,2025-12-08,2
20251125,08073,Lincoln County,CO,99.87,0.13,0.00,0.00,0.00,0.00,2025-11-25,2025-12-01,2
20251118,08073,Lincoln County,CO,98.36,1.64,0.00,0.00,0.00,0.00,2025-11-18,2025-11-24,2
20251111,08073,Lincoln County,CO,98.36,1.64,0.00,0.00,0.00,0.00,2025-11-11,2025-11-17,2
20251104,08073,Lincoln County,CO,98.35,1.65,0.00,0.00,0.00,0.00,2025-11-04,2025-11-10,2
20251028,08073,Lincoln County,CO,100.00,0.00,0.00,0.00,0.00,0.00,2025-10-28,2025-11-03,2
20251021,08073,Lincoln County,CO,100.00,0.00,0.00,0.00,0.00,0.00,2025-10-21,2025-10-27,2
20251014,08073,Lincoln County,CO,100.00,0.00,0.00,0.00,0.00,0.00,2025-10-14,2025-10-20,2
20251007,08073,Lincoln County,CO,100.00,0.00,0.00,0.00,0.00,0.00,2025-10-07,2025-10-13,2
20250930,08073,Lincoln County,CO,100.00,0.00,0.00,0.00,0.00,0.00,2025-09-30,2025-10-06,2
20261006,08075,Logan County,CO,22.75,66.06,11.19,0.00,0.00,0.00,2026-10-06,2026-10-12,2
20260929,08075,Logan County,CO,34.65,54.54,10.82,0.00,0.00,0.00,2026-09-29,2026-10-05,2
20260922,08075,Logan County,CO,17.96,71.23,10.82,0.00,0.00,0.00,2026-09-22,2026-09-28,2
20260915,08075,Logan County,CO,14.04,73.67,11.35,0.94,0.00,0.00,2026-09-15,2026-09-21,2
20260908,08075,Logan County,CO,14.04,73.67,11.34,0.95,0.00,0.00,2026-09-08,2026-09-14,2
20260901,08075,Logan County,CO,14.04,42.83,32.42,10.70,0.00,0.00,2026-09-01,2026-09-07,2
20260825,08075,Logan County,CO,0.00,43.88,45.19,10.93,0.00,0.00,2026-08-25,2026-08-31,2
20260818,08075,Logan County,CO,0.00,43.88,45.19,10.93,0.00,0.00,2026-08-18,2026-08-24,2
20260811,08075,Logan County,CO,0.00,8.28,56.30,35.42,0.00,0.00,2026-08-11,2026-08-17,2
20260804,08075,Logan County,CO,0.00,14.12,64.73,21.16,0.00,0.00,2026-08-04,2026-08-10,2
20260728,08075,Logan County,CO,0.00,15.66,70.35,13.98,0.01,0.00,2026-07-28,2026-08-03,2
20260721,08075,Logan County,CO,0.00,15.66,70.35,13.98,0.01,0.00,2026-07-21,2026-07-27,2
20260714,08075,Logan County,CO,0.00,15.66,70.35,13.98,0.01,0.00,2026-07-14,2026-07-20,2
20260707,08075,Logan County,CO,0.00,7.76,78.25,13.98,0.01,0.00,2026-07-07,2026-07-13,2
20260630,08075,Logan County,CO,0.00,0.00,45.99,40.70,13.32,0.00,2026-06-30,2026-07-06,2
20260623,08075,Logan County,CO,0.00,0.00,0.00,69.65,30.35,0.00,2026-06-23,2026-06-29,2
20260616,08075,Logan County,CO,0.00,0.00,0.00,69.65,30.35,0.00,2026-06-16,2026-06-22,2
20260609,08075,Logan County,CO,0.00,0.00,0.00,69.65,30.35,0.00,2026-06-09,2026-06-15,2
20260602,08075,Logan County,CO,0.00,0.00,0.00,69.38,30.62,0.00,2026-06-02,2026-06-08,2
20260526,08075,Logan County,CO,0.00,0.00,0.00,69.38,30.62,0.00,2026-05-26,2026-06-01,2
20260519,08075,Logan County,CO,0.00,0.00,0.00,42.03,57.97,0.00,2026-05-19,2026-05-25,2
20260512,08075,Logan County,CO,0.00,0.00,0.00,42.03,57.97,0.00,2026-05-12,2026-05-18,2
20260505,08075,Logan County,CO,0.00,0.00,0.00,33.68,66.32,0.00,2026-05-05,2026-05-11,2
20260428,08075,Logan County,CO,0.00,0.00,0.00,33.68,66.32,0.00,2026-04-28,2026-05-04,2
20260421,08075,Logan County,CO,0.00,0.00,0.00,37.16,62.84,0.00,2026-04-21,2026-04-27,2
20260414,08075,Logan County,CO,0.00,0.00,0.00,37.16,62.84,0.00,2026-04-14,2026-04-20,2
20260407,08075,Logan County,CO,0.00,0.00,17.21,49.77,33.02,0.00,2026-04-07,2026-04-13,2
20260331,08075,Logan County,CO,0.00,0.00,17.21,49.77,33.02,0.00,2026-03-31,2026-04-06,2
20260324,08075,Logan County,CO,0.00,0.00,44.08,55.92,0.00,0.00,2026-03-24,2026-03-30,2
20260317,08075,Logan County,CO,0.00,0.00,44.08,55.92,0.00,0.00,2026-03-17,2026-03-23,2
20260310,08075,Logan County,CO,0.00,0.00,44.08,55.92,0.00,0.00,2026-03-10,2026-03-16,2
20260303,08075,Logan County,CO,0.00,0.00,44.08,55.92,0.00,0.00,2026-03-03,2026-03-09,2
20260224,08075,Logan County,CO,0.00,0.00,44.08,55.92,0.00,0.00,2026-02-24,2026-03-02,2
20260217,08075,Logan County,CO,0.00,0.00,44.08,55.92,0.00,0.00,2026-02-17,2026-02-23,2
20260210,08075,Logan County,CO,0.00,0.00,44.08,55.92,0.00,0.00,2026-02-10,2026-02-16,2
20260203,08075,Logan County,CO,0.00,0.00,45.77,54.23,0.00,0.00,2026-02-03,2026-02-09,2
20260127,08075,Logan County,CO,0.00,0.00,71.98,28.02,0.00,0.00,2026-01-27,2026-02-02,2
20260120,08075,Logan County,CO,0.00,0.00,71.98,28.02,0.00,0.00,2026-01-20,2026-01-26,2
20260113,08075,Logan County,CO,0.00,0.00,100.00,0.00,0.00,0.00,2026-01-13,2026-01-19,2
20260106,08075,Logan County,CO,0.00,35.85,64.15,0.00,0.00,0.00,2026-01-06,2026-01-12,2
20251230,08075,Logan County,CO,0.00,100.00,0.00,0.00,0.00,0.00,2025-12-30,2026-01-05,2
20251223,08075,Logan County,CO,40.80,59.20,0.00,0.00,0.00,0.00,2025-12-23,2025-12-29,2
20251216,08075,Logan County,CO,100.00,0.00,0.00,0.00,0.00,0.00,2025-12-16,2025-12-22,2
20251209,08075,Logan County,CO,100.00,0.00,0.00,0.00,0.00,0.00,2025-12-09,2025-12-15,2
20251202,08075,Logan County,CO,100.00,0.00,0.00,0.00,0.00,0.00,2025-12-02,2025-12-08,2
20251125,08075,Logan County,CO,100.00,0.00,0.00,0.00,0.00,0.00,2025-11-25,2025-12-01,2
20251118,08075,Logan County,CO,100.00,0.00,0.00,0.00,0.00,0.00,2025-11-18,2025-11-24,2
20251111,08075,Logan County,CO,100.00,0.00,0.00,0.00,0.00,0.00,2025-11-11,2025-11-17,2
20251104,08075,Logan County,CO,100.00,0.00,0.00,0.00,0.00,0.00,2025-11-04,2025-11-10,2
20251028,08075,Logan County,CO,100.00,0.00,0.00,0.00,0.00,0.00,2025-10-28,2025-11-03,2
20251021,08075,Logan County,CO,100.00,0.00,0.00,0.00,0.00,0.00,2025-10-21,2025-10-27,2
20251014,08075,Logan County,CO,100.00,0.00,0.00,0.00,0.00,0.00,2025-10-14,2025-10-20,2
20251007,08075,Logan County,CO,100.00,0.00,0.00,0.00,0.00,0.00,2025-10-07,2025-10-13,2
20250930,08075,Logan County,CO,100.00,0.00,0.00,0.00,0.00,0.00,2025-09-30,2025-10-06,2
20261006,08077,Mesa County,CO,0.00,0.00,3.09,13.78,83.13,0.00,2026-10-06,2026-10-12,2
20260929,08077,Mesa County,CO,0.00,0.00,3.09,13.78,83.13,0.00,2026-09-29,2026-10-05,2
20260922,08077,Mesa County,CO,0.00,0.00,2.69,14.18,83.13,0.00,2026-09-22,2026-09-28,2
20260915,08077,Mesa County,CO,0.00,0.00,0.00,16.87,79.91,3.22,2026-09-15,2026-09-21,2
20260908,08077,Mesa County,CO,0.00,0.00,0.00,16.89,79.87,3.24,2026-09-08,2026-09-14,2
20260901,08077,Mesa County,CO,0.00,0.00,0.00,16.89,79.87,3.24,2026-09-01,2026-09-07,2
20260825,08077,Mesa County,CO,0.00,0.00,0.00,16.89,79.87,3.24,2026-08-25,2026-08-31,2
20260818,08077,Mesa County,CO,0.00,0.00,0.00,16.89,79.87,3.24,2026-08-18,2026-08-24,2
20260811,08077,Mesa County,CO,0.00,0.00,0.00,16.89,79.87,3.24,2026-08-11,2026-08-17,2
20260804,08077,Mesa County,CO,0.00,0.00,0.00,16.89,79.87,3.24,2026-08-04,2026-08-10,2
20260728,08077,Mesa County,CO,0.00,0.00,0.00,16.89,79.87,3.24,2026-07-28,2026-08-03,2
20260721,08077,Mesa County,CO,0.00,0.00,0.00,16.89,79.87,3.24,2026-07-21,2026-07-27,2
20260714,08077,Mesa County,CO,0.00,0.00,0.00,9.50,87.26,3.24,2026-07-14,2026-07-20,2
20260707,08077,Mesa County,CO,0.00,0.00,0.00,9.50,87.26,3.24,2026-07-07,2026-07-13,2
20260630,08077,Mesa County,CO,0.00,0.00,0.00,9.50,87.26,3.24,2026-06-30,2026-07-06,2
20260623,08077,Mesa County,CO,0.00,0.00,0.00,39.92,56.84,3.24,2026-06-23,2026-06-29,2
20260616,08077,Mesa County,CO,0.00,0.00,0.00,39.92,56.84,3.24,2026-06-16,2026-06-22,2
20260609,08077,Mesa County,CO,0.00,0.00,0.00,3.06,93.71,3.24,2026-06-09,2026-06-15,2
20260602,08077,Mesa County,CO,0.00,0.00,0.00,2.90,93.86,3.24,2026-06-02,2026-06-08,2
20260526,08077,Mesa County,CO,0.00,0.00,0.00,2.90,93.86,3.24,2026-05-26,2026-06-01,2
20260519,08077,Mesa County,CO,0.00,0.00,0.00,2.90,93.86,3.24,2026-05-19,2026-05-25,2
20260512,08077,Mesa County,CO,0.00,0.00,0.00,2.90,93.86,3.24,2026-05-12,2026-05-18,2
20260505,08077,Mesa County,CO,0.00,0.00,0.00,2.90,93.86,3.24,2026-05-05,2026-05-11,2
20260428,08077,Mesa County,CO,0.00,0.00,0.00,2.90,93.86,3.24,2026-04-28,2026-05-04,2
20260421,08077,Mesa County,CO,0.00,0.00,0.00,0.74,85.89,13.37,2026-04-21,2026-04-27,2
20260414,08077,Mesa County,CO,0.00,0.00,0.00,0.74,85.89,13.37,2026-04-14,2026-04-20,2
20260407,08077,Mesa County,CO,0.00,0.00,0.00,0.74,85.89,13.37,2026-04-07,2026-04-13,2
20260331,08077,Mesa County,CO,0.00,0.00,0.00,0.74,85.89,13.37,2026-03-31,2026-04-06,2
20260324,08077,Mesa County,CO,0.00,0.00,0.00,84.67,15.33,0.00,2026-03-24,2026-03-30,2
20260317,08077,Mesa County,CO,0.00,0.00,69.51,30.49,0.00,0.00,2026-03-17,2026-03-23,2
20260310,08077,Mesa County,CO,0.00,0.00,69.51,30.49,0.00,0.00,2026-03-10,2026-03-16,2
20260303,08077,Mesa County,CO,0.00,28.26,41.25,30.49,0.00,0.00,2026-03-03,2026-03-09,2
20260224,08077,Mesa County,CO,0.00,28.26,42.85,28.89,0.00,0.00,2026-02-24,2026-03-02,2
20260217,08077,Mesa County,CO,0.00,28.26,42.85,28.89,0.00,0.00,2026-02-17,2026-02-23,2
20260210,08077,Mesa County,CO,0.00,28.26,42.85,28.89,0.00,0.00,2026-02-10,2026-02-16,2
20260203,08077,Mesa County,CO,0.00,28.26,57.87,13.87,0.00,0.00,2026-02-03,2026-02-09,2
20260127,08077,Mesa County,CO,0.00,28.26,57.87,13.87,0.00,0.00,2026-01-27,2026-02-02,2
20260120,08077,Mesa County,CO,0.00,50.70,38.13,11.17,0.00,0.00,2026-01-20,2026-01-26,2
20260113,08077,Mesa County,CO,0.00,50.70,38.13,11.17,0.00,0.00,2026-01-13,2026-01-19,2
20260106,08077,Mesa County,CO,0.00,50.70,31.32,17.98,0.00,0.00,2026-01-06,2026-01-12,2
20251230,08077,Mesa County,CO,0.00,50.70,31.32,17.98,0.00,0.00,2025-12-30,2026-01-05,2
20251223,08077,Mesa County,CO,0.00,50.70,31.32,17.98,0.00,0.00,2025-12-23,2025-12-29,2
20251216,08077,Mesa County,CO,0.00,50.70,31.57,17.74,0.00,0.00,2025-12-16,2025-12-22,2
20251209,08077,Mesa County,CO,0.00,50.70,31.57,17.74,0.00,0.00,2025-12-09,2025-12-15,2
20251202,08077,Mesa County,CO,0.00,50.70,31.57,17.74,0.00,0.00,2025-12-02,2025-12-08,2
20251125,08077,Mesa County,CO,0.00,50.70,31.57,17.74,0.00,0.00,2025-11-25,2025-12-01,2
20251118,08077,Mesa County,CO,0.00,19.53,62.73,17.74,0.00,0.00,2025-11-18,2025-11-24,2
20251111,08077,Mesa County,CO,0.00,19.53,62.73,17.74,0.00,0.00,2025-11-11,2025-11-17,2
20251104,08077,Mesa County,CO,0.00,19.48,62.78,17.74,0.00,0.00,2025-11-04,2025-11-10,2
20251028,08077,Mesa County,CO,0.00,19.48,62.78,17.74,0.00,0.00,2025-10-28,2025-11-03,2
20251021,08077,Mesa County,CO,0.00,19.48,62.78,17.74,0.00,0.00,2025-10-21,2025-10-27,2
20251014,08077,Mesa County,CO,0.00,5.38,42.56,52.07,0.00,0.00,2025-10-14,2025-10-20,2
20251007,08077,Mesa County,CO,0.00,0.00,5.26,41.75,53.00,0.00,2025-10-07,2025-10-13,2
20250930,08077,Mesa County,CO,0.00,0.00,5.26,41.75,53.00,0.00,2025-09-30,2025-10-06,2
20261006,08079,Mineral County,CO,0.00,0.00,28.85,36.74,34.41,0.00,2026-10-06,2026-10-12,2
20260929,08079,Mineral County,CO,0.00,0.00,28.85,36.74,33.68,0.73,2026-09-29,2026-10-05,2
20260922,08079,Mineral County,CO,0.00,0.00,0.00,50.54,45.28,4.18,2026-09-22,2026-09-28,2
20260915,08079,Mineral County,CO,0.00,0.00,0.00,30.60,44.79,24.61,2026-09-15,2026-09-21,2
20260908,08079,Mineral County,CO,0.00,0.00,0.00,30.63,45.34,24.03,2026-09-08,2026-09-14,2
20260901,08079,Mineral County,CO,0.00,0.00,0.00,46.27,29.70,24.03,2026-09-01,2026-09-07,2
20260825,08079,Mineral County,CO,0.00,0.00,0.00,46.27,29.70,24.03,2026-08-25,2026-08-31,2
20260818,08079,Mineral County,CO,0.00,0.00,0.00,8.05,67.91,24.03,2026-08-18,2026-08-24,2
20260811,08079,Mineral County,CO,0.00,0.00,0.00,8.05,67.91,24.03,2026-08-11,2026-08-17,2
20260804,08079,Mineral County,CO,0.00,0.00,0.00,8.05,67.91,24.03,2026-08-04,2026-08-10,2
20260728,08079,Mineral County,CO,0.00,0.00,0.00,8.05,67.91,24.03,2026-07-28,2026-08-03,2
20260721,08079,Mineral County,CO,0.00,0.00,0.00,8.05,67.91,24.03,2026-07-21,2026-07-27,2
20260714,08079,Mineral County,CO,0.00,0.00,0.00,7.66,68.31,24.03,2026-07-14,2026-07-20,2
20260707,08079,Mineral County,CO,0.00,0.00,0.00,7.66,92.34,0.00,2026-07-07,2026-07-13,2
20260630,08079,Mineral County,CO,0.00,0.00,0.00,7.66,92.34,0.00,2026-06-30,2026-07-06,2
20260623,08079,Mineral County,CO,0.00,0.00,0.00,7.66,92.34,0.00,2026-06-23,2026-06-29,2
20260616,08079,Mineral County,CO,0.00,0.00,0.00,7.66,92.34,0.00,2026-06-16,2026-06-22,2
20260609,08079,Mineral County,CO,0.00,0.00,0.00,7.66,92.34,0.00,2026-06-09,2026-06-15,2
20260602,08079,Mineral County,CO,0.00,0.00,0.00,7.66,92.34,0.00,2026-06-02,2026-06-08,2
20260526,08079,Mineral County,CO,0.00,0.00,0.00,7.66,92.34,0.00,2026-05-26,2026-06-01,2
20260519,08079,Mineral County,CO,0.00,0.00,0.00,7.66,92.34,0.00,2026-05-19,2026-05-25,2
20260512,08079,Mineral County,CO,0.00,0.00,0.00,7.66,92.34,0.00,2026-05-12,2026-05-18,2
20260505,08079,Mineral County,CO,0.00,0.00,0.00,7.66,92.34,0.00,2026-05-05,2026-05-11,2
20260428,08079,Mineral County,CO,0.00,0.00,0.00,7.66,92.34,0.00,2026-04-28,2026-05-04,2
20260421,08079,Mineral County,CO,0.00,0.00,0.00,0.00,100.00,0.00,2026-04-21,2026-04-27,2
20260414,08079,Mineral County,CO,0.00,0.00,0.00,0.00,100.00,0.00,2026-04-14,2026-04-20,2
20260407,08079,Mineral County,CO,0.00,0.00,0.00,0.00,100.00,0.00,2026-04-07,2026-04-13,2
20260331,08079,Mineral County,CO,0.00,0.00,0.00,0.00,100.00,0.00,2026-03-31,2026-04-06,2
20260324,08079,Mineral County,CO,0.00,0.00,0.00,68.87,31.13,0.00,2026-03-24,2026-03-30,2
20260317,08079,Mineral County,CO,0.00,0.00,68.82,31.18,0.00,0.00,2026-03-17,2026-03-23,2
20260310,08079,Mineral County,CO,0.00,0.00,100.00,0.00,0.00,0.00,2026-03-10,2026-03-16,2
20260303,08079,Mineral County,CO,0.00,0.00,100.00,0.00,0.00,0.00,2026-03-03,2026-03-09,2
20260224,08079,Mineral County,CO,0.00,0.00,100.00,0.00,0.00,0.00,2026-02-24,2026-03-02,2
20260217,08079,Mineral County,CO,0.00,0.00,96.84,3.16,0.00,0.00,2026-02-17,2026-02-23,2
20260210,08079,Mineral County,CO,0.00,0.00,96.84,3.16,0.00,0.00,2026-02-10,2026-02-16,2
20260203,08079,Mineral County,CO,0.00,55.18,44.82,0.00,0.00,0.00,2026-02-03,2026-02-09,2
20260127,08079,Mineral County,CO,0.00,55.18,44.82,0.00,0.00,0.00,2026-01-27,2026-02-02,2
20260120,08079,Mineral County,CO,0.00,55.01,44.99,0.00,0.00,0.00,2026-01-20,2026-01-26,2
20260113,08079,Mineral County,CO,0.00,100.00,0.00,0.00,0.00,0.00,2026-01-13,2026-01-19,2
20260106,08079,Mineral County,CO,0.00,100.00,0.00,0.00,0.00,0.00,2026-01-06,2026-01-12,2
20251230,08079,Mineral County,CO,0.00,100.00,0.00,0.00,0.00,0.00,2025-12-30,2026-01-05,2
20251223,08079,Mineral County,CO,54.26,45.74,0.00,0.00,0.00,0.00,2025-12-23,2025-12-29,2
20251216,08079,Mineral County,CO,100.00,0.00,0.00,0.00,0.00,0.00,2025-12-16,2025-12-22,2
20251209,08079,Mineral County,CO,100.00,0.00,0.00,0.00,0.00,0.00,2025-12-09,2025-12-15,2
20251202,08079,Mineral County,CO,100.00,0.00,0.00,0.00,0.00,0.00,2025-12-02,2025-12-08,2
20251125,08079,Mineral County,CO,100.00,0.00,0.00,0.00,0.00,0.00,2025-11-25,2025-12-01,2
20251118,08079,Mineral County,CO,100.00,0.00,0.00,0.00,0.00,0.00,2025-11-18,2025-11-24,2
20251111,08079,Mineral County,CO,100.00,0.00,0.00,0.00,0.00,0.00,2025-11-11,2025-11-17,2
20251104,08079,Mineral County,CO,100.00,0.00,0.00,0.00,0.00,0.00,2025-11-04,2025-11-10,2
20251028,08079,Mineral County,CO,100.00,0.00,0.00,0.00,0.00,0.00,2025-10-28,2025-11-03,2
20251021,08079,Mineral County,CO,100.00,0.00,0.00,0.00,0.00,0.00,2025-10-21,2025-10-27,2
20251014,08079,Mineral County,CO,99.98,0.02,0.00,0.00,0.00,0.00,2025-10-14,2025-10-20,2
20251007,08079,Mineral County,CO,0.00,0.00,100.00,0.00,0.00,0.00,2025-10-07,2025-10-13,2
20250930,08079,Mineral County,CO,0.00,0.00,100.00,0.00,0.00,0.00,2025-09-30,2025-10-06,2
20261006,08081,Moffat County,CO,0.00,0.00,52.59,40.93,6.49,0.00,2026-10-06,2026-10-12,2
20260929,08081,Moffat County,CO,0.00,0.00,52.28,41.23,6.49,0.00,2026-09-29,2026-10-05,2
20260922,08081,Moffat County,CO,0.00,0.00,4.60,88.91,6.49,0.00,2026-09-22,2026-09-28,2
20260915,08081,Moffat County,CO,0.00,0.00,0.00,81.05,18.73,0.22,2026-09-15,2026-09-21,2
20260908,08081,Moffat County,CO,0.00,0.00,0.00,81.10,18.68,0.22,2026-09-08,2026-09-14,2
20260901,08081,Moffat County,CO,0.00,0.00,0.00,81.10,18.68,0.22,2026-09-01,2026-09-07,2
20260825,08081,Moffat County,CO,0.00,0.00,0.00,35.88,63.90,0.22,2026-08-25,2026-08-31,2
20260818,08081,Moffat County,CO,0.00,0.00,0.00,79.90,19.88,0.22,2026-08-18,2026-08-24,2
20260811,08081,Moffat County,CO,0.00,0.00,0.00,91.23,8.55,0.22,2026-08-11,2026-08-17,2
20260804,08081,Moffat County,CO,0.00,0.00,0.00,91.23,8.55,0.22,2026-08-04,2026-08-10,2
20260728,08081,Moffat County,CO,0.00,0.00,0.00,91.23,8.55,0.22,2026-07-28,2026-08-03,2
20260721,08081,Moffat County,CO,0.00,0.00,0.00,91.23,8.55,0.22,2026-07-21,2026-07-27,2
20260714,08081,Moffat County,CO,0.00,0.00,0.00,91.23,8.55,0.22,2026-07-14,2026-07-20,2
20260707,08081,Moffat County,CO,0.00,0.00,0.00,91.23,8.55,0.22,2026-07-07,2026-07-13,2
20260630,08081,Moffat County,CO,0.00,0.00,0.00,91.23,8.55,0.22,2026-06-30,2026-07-06,2
20260623,08081,Moffat County,CO,0.00,0.00,0.00,91.23,8.55,0.22,2026-06-23,2026-06-29,2
20260616,08081,Moffat County,CO,0.00,0.00,0.00,91.23,8.55,0.22,2026-06-16,2026-06-22,2
20260609,08081,Moffat County,CO,0.00,0.00,0.00,76.95,22.83,0.22,2026-06-09,2026-06-15,2
20260602,08081,Moffat County,CO,0.00,0.00,0.00,76.95,22.83,0.22,2026-06-02,2026-06-08,2
20260526,08081,Moffat County,CO,0.00,0.00,0.00,70.88,27.33,1.79,2026-05-26,2026-06-01,2
20260519,08081,Moffat County,CO,0.00,0.00,0.00,20.30,77.90,1.79,2026-05-19,2026-05-25,2
20260512,08081,Moffat County,CO,0.00,0.00,0.00,0.00,27.87,72.13,2026-05-12,2026-05-18,2
20260505,08081,Moffat County,CO,0.00,0.00,0.00,0.00,27.87,72.13,2026-05-05,2026-05-11,2
20260428,08081,Moffat County,CO,0.00,0.00,0.00,0.00,27.87,72.13,2026-04-28,2026-05-04,2
20260421,08081,Moffat County,CO,0.00,0.00,0.00,0.00,3.58,96.42,2026-04-21,2026-04-27,2
20260414,08081,Moffat County,CO,0.00,0.00,0.00,0.00,3.58,96.42,2026-04-14,2026-04-20,2
20260407,08081,Moffat County,CO,0.00,0.00,0.00,0.00,3.58,96.42,2026-04-07,2026-04-13,2
20260331,08081,Moffat County,CO,0.00,0.00,0.00,0.00,3.58,96.42,2026-03-31,2026-04-06,2
20260324,08081,Moffat County,CO,0.00,0.00,0.00,0.00,96.25,3.75,2026-03-24,2026-03-30,2
20260317,08081,Moffat County,CO,0.00,0.00,0.00,55.93,44.07,0.00,2026-03-17,2026-03-23,2
20260310,08081,Moffat County,CO,0.00,0.00,0.00,55.93,44.07,0.00,2026-03-10,2026-03-16,2
20260303,08081,Moffat County,CO,0.00,0.00,0.04,61.35,38.61,0.00,2026-03-03,2026-03-09,2
20260224,08081,Moffat County,CO,0.00,0.00,0.04,61.35,38.61,0.00,2026-02-24,2026-03-02,2
20260217,08081,Moffat County,CO,0.00,0.00,0.04,61.35,38.61,0.00,2026-02-17,2026-02-23,2
20260210,08081,Moffat County,CO,0.00,0.00,0.04,61.35,38.61,0.00,2026-02-10,2026-02-16,2
20260203,08081,Moffat County,CO,0.00,0.00,0.04,99.66,0.29,0.00,2026-02-03,2026-02-09,2
20260127,08081,Moffat County,CO,0.00,0.00,0.04,99.96,0.00,0.00,2026-01-27,2026-02-02,2
20260120,08081,Moffat County,CO,0.00,0.00,64.14,35.86,0.00,0.00,2026-01-20,2026-01-26,2
20260113,08081,Moffat County,CO,0.00,0.00,64.14,35.86,0.00,0.00,2026-01-13,2026-01-19,2
20260106,08081,Moffat County,CO,0.00,0.00,64.14,35.86,0.00,0.00,2026-01-06,2026-01-12,2
20251230,08081,Moffat County,CO,0.00,0.00,64.14,34.91,0.95,0.00,2025-12-30,2026-01-05,2
20251223,08081,Moffat County,CO,0.00,0.00,64.14,34.91,0.95,0.00,2025-12-23,2025-12-29,2
20251216,08081,Moffat County,CO,0.00,0.00,64.14,34.91,0.95,0.00,2025-12-16,2025-12-22,2
20251209,08081,Moffat County,CO,0.00,0.00,64.14,34.91,0.95,0.00,2025-12-09,2025-12-15,2
20251202,08081,Moffat County,CO,0.00,0.00,64.14,34.91,0.95,0.00,2025-12-02,2025-12-08,2
20251125,08081,Moffat County,CO,0.00,0.00,64.14,33.09,2.77,0.00,2025-11-25,2025-12-01,2
20251118,08081,Moffat County,CO,0.00,0.00,64.14,33.09,2.77,0.00,2025-11-18,2025-11-24,2
20251111,08081,Moffat County,CO,0.00,0.37,63.77,33.09,2.77,0.00,2025-11-11,2025-11-17,2
20251104,08081,Moffat County,CO,0.00,0.38,63.76,33.09,2.77,0.00,2025-11-04,2025-11-10,2
20251028,08081,Moffat County,CO,0.00,0.38,63.76,32.74,3.12,0.00,2025-10-28,2025-11-03,2
20251021,08081,Moffat County,CO,0.00,0.37,63.77,32.74,3.12,0.00,2025-10-21,2025-10-27,2
20251014,08081,Moffat County,CO,0.00,0.00,64.14,32.74,3.12,0.00,2025-10-14,2025-10-20,2
20251007,08081,Moffat County,CO,0.00,0.00,0.00,83.67,16.33,0.00,2025-10-07,2025-10-13,2
20250930,08081,Moffat County,CO,0.00,0.00,0.00,83.67,16.33,0.00,2025-09-30,2025-10-06,2
20261006,08083,Montezuma County,CO,0.00,0.24,9.96,89.80,0.00,0.00,2026-10-06,2026-10-12,2
20260929,08083,Montezuma County,CO,0.00,0.24,9.96,89.80,0.00,0.00,2026-09-29,2026-10-05,2
20260922,08083,Montezuma County,CO,0.00,0.00,5.18,40.55,54.27,0.00,2026-09-22,2026-09-28,2
20260915,08083,Montezuma County,CO,0.00,0.00,0.01,34.18,65.81,0.00,2026-09-15,2026-09-21,2
20260908,08083,Montezuma County,CO,0.00,0.00,0.00,34.13,65.87,0.00,2026-09-08,2026-09-14,2
20260901,08083,Montezuma County,CO,0.00,0.00,0.00,45.58,54.42,0.00,2026-09-01,2026-09-07,2
20260825,08083,Montezuma County,CO,0.00,0.00,0.00,45.58,54.42,0.00,2026-08-25,2026-08-31,2
20260818,08083,Montezuma County,CO,0.00,0.00,0.00,45.58,54.42,0.00,2026-08-18,2026-08-24,2
20260811,08083,Montezuma County,CO,0.00,0.00,0.00,45.58,54.42,0.00,2026-08-11,2026-08-17,2
20260804,08083,Montezuma County,CO,0.00,0.00,0.00,45.58,54.42,0.00,2026-08-04,2026-08-10,2
20260728,08083,Montezuma County,CO,0.00,0.00,0.00,45.58,54.42,0.00,2026-07-28,2026-08-03,2
20260721,08083,Montezuma County,CO,0.00,0.00,0.00,45.58,54.42,0.00,2026-07-21,2026-07-27,2
20260714,08083,Montezuma County,CO,0.00,0.00,0.00,13.45,86.55,0.00,2026-07-14,2026-07-20,2
20260707,08083,Montezuma County,CO,0.00,0.00,0.00,13.45,86.55,0.00,2026-07-07,2026-07-13,2
20260630,08083,Montezuma County,CO,0.00,0.00,0.00,53.74,46.26,0.00,2026-06-30,2026-07-06,2
20260623,08083,Montezuma County,CO,0.00,0.00,0.00,93.79,6.21,0.00,2026-06-23,2026-06-29,2
20260616,08083,Montezuma County,CO,0.00,0.00,0.00,93.79,6.21,0.00,2026-06-16,2026-06-22,2
20260609,08083,Montezuma County,CO,0.00,0.00,0.00,77.45,22.55,0.00,2026-06-09,2026-06-15,2
20260602,08083,Montezuma County,CO,0.00,0.00,0.00,77.45,22.55,0.00,2026-06-02,2026-06-08,2
20260526,08083,Montezuma County,CO,0.00,0.00,0.00,77.45,22.55,0.00,2026-05-26,2026-06-01,2
20260519,08083,Montezuma County,CO,0.00,0.00,0.00,73.78,26.22,0.00,2026-05-19,2026-05-25,2
20260512,08083,Montezuma County,CO,0.00,0.00,0.00,73.82,26.18,0.00,2026-05-12,2026-05-18,2
20260505,08083,Montezuma County,CO,0.00,0.00,0.00,73.82,26.18,0.00,2026-05-05,2026-05-11,2
20260428,08083,Montezuma County,CO,0.00,0.00,0.00,73.82,26.18,0.00,2026-04-28,2026-05-04,2
20260421,08083,Montezuma County,CO,0.00,0.00,0.00,58.36,41.64,0.00,2026-04-21,2026-04-27,2
20260414,08083,Montezuma County,CO,0.00,0.00,0.00,58.36,41.64,0.00,2026-04-14,2026-04-20,2
20260407,08083,Montezuma County,CO,0.00,0.00,0.00,58.36,41.64,0.00,2026-04-07,2026-04-13,2
20260331,08083,Montezuma County,CO,0.00,0.00,0.00,1.35,98.65,0.00,2026-03-31,2026-04-06,2
20260324,08083,Montezuma County,CO,0.00,0.00,0.00,100.00,0.00,0.00,2026-03-24,2026-03-30,2
20260317,08083,Montezuma County,CO,0.00,0.00,100.00,0.00,0.00,0.00,2026-03-17,2026-03-23,2
20260310,08083,Montezuma County,CO,0.00,0.00,100.00,0.00,0.00,0.00,2026-03-10,2026-03-16,2
20260303,08083,Montezuma County,CO,0.00,84.45,15.55,0.00,0.00,0.00,2026-03-03,2026-03-09,2
20260224,08083,Montezuma County,CO,0.00,84.45,15.55,0.00,0.00,0.00,2026-02-24,2026-03-02,2
20260217,08083,Montezuma County,CO,0.00,84.45,15.00,0.55,0.00,0.00,2026-02-17,2026-02-23,2
20260210,08083,Montezuma County,CO,0.00,84.45,15.00,0.55,0.00,0.00,2026-02-10,2026-02-16,2
20260203,08083,Montezuma County,CO,0.00,84.45,15.55,0.00,0.00,0.00,2026-02-03,2026-02-09,2
20260127,08083,Montezuma County,CO,0.00,84.45,15.55,0.00,0.00,0.00,2026-01-27,2026-02-02,2
20260120,08083,Montezuma County,CO,0.00,84.41,15.59,0.00,0.00,0.00,2026-01-20,2026-01-26,2
20260113,08083,Montezuma County,CO,0.00,95.40,4.60,0.00,0.00,0.00,2026-01-13,2026-01-19,2
20260106,08083,Montezuma County,CO,0.00,95.40,4.60,0.00,0.00,0.00,2026-01-06,2026-01-12,2
20251230,08083,Montezuma County,CO,0.00,95.40,4.60,0.00,0.00,0.00,2025-12-30,2026-01-05,2
20251223,08083,Montezuma County,CO,0.00,95.40,4.60,0.00,0.00,0.00,2025-12-23,2025-12-29,2
20251216,08083,Montezuma County,CO,13.44,81.95,4.60,0.00,0.00,0.00,2025-12-16,2025-12-22,2
20251209,08083,Montezuma County,CO,13.44,81.95,4.60,0.00,0.00,0.00,2025-12-09,2025-12-15,2
20251202,08083,Montezuma County,CO,13.44,81.95,4.60,0.00,0.00,0.00,2025-12-02,2025-12-08,2
20251125,08083,Montezuma County,CO,13.44,81.95,4.60,0.00,0.00,0.00,2025-11-25,2025-12-01,2
20251118,08083,Montezuma County,CO,13.44,74.48,12.08,0.00,0.00,0.00,2025-11-18,2025-11-24,2
20251111,08083,Montezuma County,CO,13.44,74.48,12.08,0.00,0.00,0.00,2025-11-11,2025-11-17,2
20251104,08083,Montezuma County,CO,13.47,74.24,12.29,0.00,0.00,0.00,2025-11-04,2025-11-10,2
20251028,08083,Montezuma County,CO,13.74,73.98,12.29,0.00,0.00,0.00,2025-10-28,2025-11-03,2
20251021,08083,Montezuma County,CO,13.73,74.08,12.19,0.00,0.00,0.00,2025-10-21,2025-10-27,2
20251014,08083,Montezuma County,CO,0.00,14.41,71.51,14.08,0.00,0.00,2025-10-14,2025-10-20,2
20251007,08083,Montezuma County,CO,0.00,0.00,0.05,96.91,3.04,0.00,2025-10-07,2025-10-13,2
20250930,08083,Montezuma County,CO,0.00,0.00,0.00,96.96,3.04,0.00,2025-09-30,2025-10-06,2
20261006,08085,Montrose County,CO,0.00,0.00,67.65,30.23,2.11,0.00,2026-10-06,2026-10-12,2
20260929,08085,Montrose County,CO,0.00,0.00,67.65,30.23,2.11,0.00,2026-09-29,2026-10-05,2
20260922,08085,Montrose County,CO,0.00,0.00,37.28,60.57,2.15,0.00,2026-09-22,2026-09-28,2
20260915,08085,Montrose County,CO,0.00,0.00,7.65,90.20,2.15,0.00,2026-09-15,2026-09-21,2
20260908,08085,Montrose County,CO,0.00,0.00,2.77,77.34,19.88,0.00,2026-09-08,2026-09-14,2
20260901,08085,Montrose County,CO,0.00,0.00,2.77,96.84,0.38,0.00,2026-09-01,2026-09-07,2
20260825,08085,Montrose County,CO,0.00,0.00,2.77,96.84,0.38,0.00,2026-08-25,2026-08-31,2
20260818,08085,Montrose County,CO,0.00,0.00,2.77,96.84,0.38,0.00,2026-08-18,2026-08-24,2
20260811,08085,Montrose County,CO,0.00,0.00,0.00,99.62,0.38,0.00,2026-08-11,2026-08-17,2
20260804,08085,Montrose County,CO,0.00,0.00,0.00,99.62,0.38,0.00,2026-08-04,2026-08-10,2
20260728,08085,Montrose County,CO,0.00,0.00,0.00,99.62,0.38,0.00,2026-07-28,2026-08-03,2
20260721,08085,Montrose County,CO,0.00,0.00,0.00,99.62,0.38,0.00,2026-07-21,2026-07-27,2
20260714,08085,Montrose County,CO,0.00,0.00,0.00,99.62,0.38,0.00,2026-07-14,2026-07-20,2
20260707,08085,Montrose County,CO,0.00,0.00,0.00,99.62,0.38,0.00,2026-07-07,2026-07-13,2
20260630,08085,Montrose County,CO,0.00,0.00,0.00,100.00,0.00,0.00,2026-06-30,2026-07-06,2
20260623,08085,Montrose County,CO,0.00,0.00,0.00,100.00,0.00,0.00,2026-06-23,2026-06-29,2
20260616,08085,Montrose County,CO,0.00,0.00,0.00,100.00,0.00,0.00,2026-06-16,2026-06-22,2
20260609,08085,Montrose County,CO,0.00,0.00,0.00,99.31,0.69,0.00,2026-06-09,2026-06-15,2
20260602,08085,Montrose County,CO,0.00,0.00,0.00,93.72,6.28,0.00,2026-06-02,2026-06-08,2
20260526,08085,Montrose County,CO,0.00,0.00,52.29,41.43,6.28,0.00,2026-05-26,2026-06-01,2
20260519,08085,Montrose County,CO,0.00,0.00,52.29,34.64,13.08,0.00,2026-05-19,2026-05-25,2
20260512,08085,Montrose County,CO,0.00,0.00,52.29,34.64,13.08,0.00,2026-05-12,2026-05-18,2
20260505,08085,Montrose County,CO,0.00,0.00,52.29,34.64,13.08,0.00,2026-05-05,2026-05-11,2
20260428,08085,Montrose County,CO,0.00,0.00,52.29,34.64,13.08,0.00,2026-04-28,2026-05-04,2
20260421,08085,Montrose County,CO,0.00,0.00,52.29,19.72,27.99,0.00,2026-04-21,2026-04-27,2
20260414,08085,Montrose County,CO,0.00,0.00,52.29,19.72,27.99,0.00,2026-04-14,2026-04-20,2
20260407,08085,Montrose County,CO,0.00,0.00,52.29,19.72,27.99,0.00,2026-04-07,2026-04-13,2
20260331,08085,Montrose County,CO,0.00,0.00,52.29,19.72,27.99,0.00,2026-03-31,2026-04-06,2
20260324,08085,Montrose County,CO,0.00,0.00,52.29,47.71,0.00,0.00,2026-03-24,2026-03-30,2
20260317,08085,Montrose County,CO,0.00,0.00,100.00,0.00,0.00,0.00,2026-03-17,2026-03-23,2
20260310,08085,Montrose County,CO,0.00,0.00,100.00,0.00,0.00,0.00,2026-03-10,2026-03-16,2
20260303,08085,Montrose County,CO,0.00,49.98,50.02,0.00,0.00,0.00,2026-03-03,2026-03-09,2
20260224,08085,Montrose County,CO,0.00,49.98,50.02,0.00,0.00,0.00,2026-02-24,2026-03-02,2
20260217,08085,Montrose County,CO,0.00,49.98,50.02,0.00,0.00,0.00,2026-02-17,2026-02-23,2
20260210,08085,Montrose County,CO,0.00,49.98,50.02,0.00,0.00,0.00,2026-02-10,2026-02-16,2
20260203,08085,Montrose County,CO,0.00,49.98,50.02,0.00,0.00,0.00,2026-02-03,2026-02-09,2
20260127,08085,Montrose County,CO,0.00,49.98,50.02,0.00,0.00,0.00,2026-01-27,2026-02-02,2
20260120,08085,Montrose County,CO,0.00,48.63,51.37,0.00,0.00,0.00,2026-01-20,2026-01-26,2
20260113,08085,Montrose County,CO,0.00,49.50,50.50,0.00,0.00,0.00,2026-01-13,2026-01-19,2
20260106,08085,Montrose County,CO,0.00,49.50,31.87,18.64,0.00,0.00,2026-01-06,2026-01-12,2
20251230,08085,Montrose County,CO,0.00,49.50,31.87,18.64,0.00,0.00,2025-12-30,2026-01-05,2
20251223,08085,Montrose County,CO,0.00,49.50,31.87,18.64,0.00,0.00,2025-12-23,2025-12-29,2
20251216,08085,Montrose County,CO,0.00,49.50,31.87,18.64,0.00,0.00,2025-12-16,2025-12-22,2
20251209,08085,Montrose County,CO,0.00,49.50,31.87,18.64,0.00,0.00,2025-12-09,2025-12-15,2
20251202,08085,Montrose County,CO,0.00,49.50,31.87,18.64,0.00,0.00,2025-12-02,2025-12-08,2
20251125,08085,Montrose County,CO,0.00,49.50,18.19,32.31,0.00,0.00,2025-11-25,2025-12-01,2
20251118,08085,Montrose County,CO,0.00,42.38,25.28,32.35,0.00,0.00,2025-11-18,2025-11-24,2
20251111,08085,Montrose County,CO,0.00,42.38,25.28,32.35,0.00,0.00,2025-11-11,2025-11-17,2
20251104,08085,Montrose County,CO,0.00,42.61,25.04,32.35,0.00,0.00,2025-11-04,2025-11-10,2
20251028,08085,Montrose County,CO,0.00,42.61,25.04,32.35,0.00,0.00,2025-10-28,2025-11-03,2
20251021,08085,Montrose County,CO,0.00,42.52,25.13,32.35,0.00,0.00,2025-10-21,2025-10-27,2
20251014,08085,Montrose County,CO,0.00,0.00,60.16,39.84,0.00,0.00,2025-10-14,2025-10-20,2
20251007,08085,Montrose County,CO,0.00,0.00,0.00,63.97,36.03,0.00,2025-10-07,2025-10-13,2
20250930,08085,Montrose County,CO,0.00,0.00,0.00,63.97,36.03,0.00,2025-09-30,2025-10-06,2
20261006,08087,Morgan County,CO,0.00,1.26,81.10,17.65,0.00,0.00,2026-10-06,2026-10-12,2
20260929,08087,Morgan County,CO,0.03,6.43,93.54,0.00,0.00,0.00,2026-09-29,2026-10-05,2
20260922,08087,Morgan County,CO,0.00,31.83,68.17,0.00,0.00,0.00,2026-09-22,2026-09-28,2
20260915,08087,Morgan County,CO,15.75,28.25,56.01,0.00,0.00,0.00,2026-09-15,2026-09-21,2
20260908,08087,Morgan County,CO,15.75,28.25,56.01,0.00,0.00,0.00,2026-09-08,2026-09-14,2
20260901,08087,Morgan County,CO,15.75,28.25,56.01,0.00,0.00,0.00,2026-09-01,2026-09-07,2
20260825,08087,Morgan County,CO,0.00,23.14,49.71,27.15,0.00,0.00,2026-08-25,2026-08-31,2
20260818,08087,Morgan County,CO,0.00,23.14,49.71,24.98,2.17,0.00,2026-08-18,2026-08-24,2
20260811,08087,Morgan County,CO,0.00,9.67,26.31,61.85,2.17,0.00,2026-08-11,2026-08-17,2
20260804,08087,Morgan County,CO,0.00,9.67,31.65,56.51,2.17,0.00,2026-08-04,2026-08-10,2
20260728,08087,Morgan County,CO,0.00,9.67,76.71,11.45,2.17,0.00,2026-07-28,2026-08-03,2
20260721,08087,Morgan County,CO,0.00,9.67,76.71,11.45,2.17,0.00,2026-07-21,2026-07-27,2
20260714,08087,Morgan County,CO,0.00,9.67,79.28,9.47,1.58,0.00,2026-07-14,2026-07-20,2
20260707,08087,Morgan County,CO,0.00,1.21,85.08,12.13,1.58,0.00,2026-07-07,2026-07-13,2
20260630,08087,Morgan County,CO,0.00,0.00,86.29,12.13,1.58,0.00,2026-06-30,2026-07-06,2
20260623,08087,Morgan County,CO,0.00,0.00,0.00,96.58,3.42,0.00,2026-06-23,2026-06-29,2
20260616,08087,Morgan County,CO,0.00,0.00,0.00,96.84,3.16,0.00,2026-06-16,2026-06-22,2
20260609,08087,Morgan County,CO,0.00,0.00,67.67,29.17,3.16,0.00,2026-06-09,2026-06-15,2
20260602,08087,Morgan County,CO,0.00,0.00,67.67,32.33,0.00,0.00,2026-06-02,2026-06-08,2
20260526,08087,Morgan County,CO,0.00,0.00,67.67,32.33,0.00,0.00,2026-05-26,2026-06-01,2
20260519,08087,Morgan County,CO,0.00,0.00,67.28,32.72,0.00,0.00,2026-05-19,2026-05-25,2
20260512,08087,Morgan County,CO,0.00,0.00,67.28,32.72,0.00,0.00,2026-05-12,2026-05-18,2
20260505,08087,Morgan County,CO,0.00,0.00,0.00,100.00,0.00,0.00,2026-05-05,2026-05-11,2
20260428,08087,Morgan County,CO,0.00,0.00,0.00,100.00,0.00,0.00,2026-04-28,2026-05-04,2
20260421,08087,Morgan County,CO,0.00,0.00,0.00,100.00,0.00,0.00,2026-04-21,2026-04-27,2
20260414,08087,Morgan County,CO,0.00,0.00,0.00,100.00,0.00,0.00,2026-04-14,2026-04-20,2
20260407,08087,Morgan County,CO,0.00,0.00,100.00,0.00,0.00,0.00,2026-04-07,2026-04-13,2
20260331,08087,Morgan County,CO,0.00,0.00,100.00,0.00,0.00,0.00,2026-03-31,2026-04-06,2
20260324,08087,Morgan County,CO,0.00,71.20,28.80,0.00,0.00,0.00,2026-03-24,2026-03-30,2
20260317,08087,Morgan County,CO,0.00,71.20,28.80,0.00,0.00,0.00,2026-03-17,2026-03-23,2
20260310,08087,Morgan County,CO,0.00,70.55,29.45,0.00,0.00,0.00,2026-03-10,2026-03-16,2
20260303,08087,Morgan County,CO,0.00,70.55,29.45,0.00,0.00,0.00,2026-03-03,2026-03-09,2
20260224,08087,Morgan County,CO,0.00,70.55,29.45,0.00,0.00,0.00,2026-02-24,2026-03-02,2
20260217,08087,Morgan County,CO,17.15,53.43,29.42,0.00,0.00,0.00,2026-02-17,2026-02-23,2
20260210,08087,Morgan County,CO,17.13,53.45,29.42,0.00,0.00,0.00,2026-02-10,2026-02-16,2
20260203,08087,Morgan County,CO,17.13,53.45,29.42,0.00,0.00,0.00,2026-02-03,2026-02-09,2
20260127,08087,Morgan County,CO,37.56,41.96,20.48,0.00,0.00,0.00,2026-01-27,2026-02-02,2
20260120,08087,Morgan County,CO,37.80,41.84,20.36,0.00,0.00,0.00,2026-01-20,2026-01-26,2
20260113,08087,Morgan County,CO,35.37,44.27,20.36,0.00,0.00,0.00,2026-01-13,2026-01-19,2
20260106,08087,Morgan County,CO,45.81,54.19,0.00,0.00,0.00,0.00,2026-01-06,2026-01-12,2
20251230,08087,Morgan County,CO,76.00,24.00,0.00,0.00,0.00,0.00,2025-12-30,2026-01-05,2
20251223,08087,Morgan County,CO,99.97,0.03,0.00,0.00,0.00,0.00,2025-12-23,2025-12-29,2
20251216,08087,Morgan County,CO,99.97,0.03,0.00,0.00,0.00,0.00,2025-12-16,2025-12-22,2
20251209,08087,Morgan County,CO,99.97,0.03,0.00,0.00,0.00,0.00,2025-12-09,2025-12-15,2
20251202,08087,Morgan County,CO,99.97,0.03,0.00,0.00,0.00,0.00,2025-12-02,2025-12-08,2
20251125,08087,Morgan County,CO,99.97,0.03,0.00,0.00,0.00,0.00,2025-11-25,2025-12-01,2
20251118,08087,Morgan County,CO,99.97,0.03,0.00,0.00,0.00,0.00,2025-11-18,2025-11-24,2
20251111,08087,Morgan County,CO,99.97,0.03,0.00,0.00,0.00,0.00,2025-11-11,2025-11-17,2
20251104,08087,Morgan County,CO,100.00,0.00,0.00,0.00,0.00,0.00,2025-11-04,2025-11-10,2
20251028,08087,Morgan County,CO,100.00,0.00,0.00,0.00,0.00,0.00,2025-10-28,2025-11-03,2
20251021,08087,Morgan County,CO,100.00,0.00,0.00,0.00,0.00,0.00,2025-10-21,2025-10-27,2
20251014,08087,Morgan County,CO,100.00,0.00,0.00,0.00,0.00,0.00,2025-10-14,2025-10-20,2
20251007,08087,Morgan County,CO,100.00,0.00,0.00,0.00,0.00,0.00,2025-10-07,2025-10-13,2
20250930,08087,Morgan County,CO,100.00,0.00,0.00,0.00,0.00,0.00,2025-09-30,2025-10-06,2
20261006,08089,Otero County,CO,51.57,44.68,3.75,0.00,0.00,0.00,2026-10-06,2026-10-12,2
20260929,08089,Otero County,CO,0.00,12.67,83.40,3.93,0.00,0.00,2026-09-29,2026-10-05,2
20260922,08089,Otero County,CO,0.00,0.00,88.16,11.84,0.00,0.00,2026-09-22,2026-09-28,2
20260915,08089,Otero County,CO,0.00,0.00,78.79,18.75,2.47,0.00,2026-09-15,2026-09-21,2
20260908,08089,Otero County,CO,0.00,0.00,20.10,72.48,7.43,0.00,2026-09-08,2026-09-14,2
20260901,08089,Otero County,CO,0.00,0.00,20.10,72.48,7.43,0.00,2026-09-01,2026-09-07,2
20260825,08089,Otero County,CO,0.00,0.00,20.10,72.48,4.31,3.12,2026-08-25,2026-08-31,2
20260818,08089,Otero County,CO,0.00,0.00,76.65,15.92,4.31,3.12,2026-08-18,2026-08-24,2
20260811,08089,Otero County,CO,0.00,0.00,76.65,15.92,4.31,3.12,2026-08-11,2026-08-17,2
20260804,08089,Otero County,CO,0.00,0.00,76.65,15.92,4.31,3.12,2026-08-04,2026-08-10,2
20260728,08089,Otero County,CO,0.00,0.00,24.78,52.30,15.99,6.93,2026-07-28,2026-08-03,2
20260721,08089,Otero County,CO,0.00,0.00,24.78,52.30,15.99,6.93,2026-07-21,2026-07-27,2
20260714,08089,Otero County,CO,0.00,0.00,32.88,44.20,15.99,6.93,2026-07-14,2026-07-20,2
20260707,08089,Otero County,CO,0.00,0.00,32.88,44.20,15.99,6.93,2026-07-07,2026-07-13,2
20260630,08089,Otero County,CO,0.00,0.00,32.88,44.20,15.99,6.93,2026-06-30,2026-07-06,2
20260623,08089,Otero County,CO,0.00,0.00,24.36,32.75,34.86,8.02,2026-06-23,2026-06-29,2
20260616,08089,Otero County,CO,0.00,0.00,24.36,37.89,37.75,0.00,2026-06-16,2026-06-22,2
20260609,08089,Otero County,CO,0.00,0.00,24.36,37.97,37.66,0.00,2026-06-09,2026-06-15,2
20260602,08089,Otero County,CO,0.00,0.00,24.36,37.97,37.66,0.00,2026-06-02,2026-06-08,2
20260526,08089,Otero County,CO,0.00,0.00,0.00,62.34,37.66,0.00,2026-05-26,2026-06-01,2
20260519,08089,Otero County,CO,0.00,0.00,0.00,100.00,0.00,0.00,2026-05-19,2026-05-25,2
20260512,08089,Otero County,CO,0.00,0.00,0.00,100.00,0.00,0.00,2026-05-12,2026-05-18,2
20260505,08089,Otero County,CO,0.00,0.00,0.00,75.21,24.79,0.00,2026-05-05,2026-05-11,2
20260428,08089,Otero County,CO,0.00,0.00,0.00,75.21,24.79,0.00,2026-04-28,2026-05-04,2
20260421,08089,Otero County,CO,0.00,0.00,0.00,94.42,5.58,0.00,2026-04-21,2026-04-27,2
20260414,08089,Otero County,CO,0.00,0.00,0.00,94.42,5.58,0.00,2026-04-14,2026-04-20,2
20260407,08089,Otero County,CO,0.00,0.00,90.92,9.08,0.00,0.00,2026-04-07,2026-04-13,2
20260331,08089,Otero County,CO,0.00,9.35,86.25,4.39,0.00,0.00,2026-03-31,2026-04-06,2
20260324,08089,Otero County,CO,7.68,73.60,18.72,0.00,0.00,0.00,2026-03-24,2026-03-30,2
20260317,08089,Otero County,CO,9.85,81.09,9.06,0.00,0.00,0.00,2026-03-17,2026-03-23,2
20260310,08089,Otero County,CO,45.07,54.93,0.00,0.00,0.00,0.00,2026-03-10,2026-03-16,2
20260303,08089,Otero County,CO,45.07,54.93,0.00,0.00,0.00,0.00,2026-03-03,2026-03-09,2
20260224,08089,Otero County,CO,47.33,52.67,0.00,0.00,0.00,0.00,2026-02-24,2026-03-02,2
20260217,08089,Otero County,CO,47.18,52.82,0.00,0.00,0.00,0.00,2026-02-17,2026-02-23,2
20260210,08089,Otero County,CO,47.17,52.83,0.00,0.00,0.00,0.00,2026-02-10,2026-02-16,2
20260203,08089,Otero County,CO,47.17,52.83,0.00,0.00,0.00,0.00,2026-02-03,2026-02-09,2
20260127,08089,Otero County,CO,47.17,52.83,0.00,0.00,0.00,0.00,2026-01-27,2026-02-02,2
20260120,08089,Otero County,CO,47.66,52.34,0.00,0.00,0.00,0.00,2026-01-20,2026-01-26,2
20260113,08089,Otero County,CO,47.66,52.34,0.00,0.00,0.00,0.00,2026-01-13,2026-01-19,2
20260106,08089,Otero County,CO,2.46,47.20,50.34,0.00,0.00,0.00,2026-01-06,2026-01-12,2
20251230,08089,Otero County,CO,8.75,55.92,35.33,0.00,0.00,0.00,2025-12-30,2026-01-05,2
20251223,08089,Otero County,CO,8.75,71.36,19.89,0.00,0.00,0.00,2025-12-23,2025-12-29,2
20251216,08089,Otero County,CO,8.75,71.36,19.89,0.00,0.00,0.00,2025-12-16,2025-12-22,2
20251209,08089,Otero County,CO,8.75,71.36,19.89,0.00,0.00,0.00,2025-12-09,2025-12-15,2
20251202,08089,Otero County,CO,8.75,71.36,19.89,0.00,0.00,0.00,2025-12-02,2025-12-08,2
20251125,08089,Otero County,CO,8.75,71.36,19.89,0.00,0.00,0.00,2025-11-25,2025-12-01,2
20251118,08089,Otero County,CO,2.46,77.65,19.89,0.00,0.00,0.00,2025-11-18,2025-11-24,2
20251111,08089,Otero County,CO,20.06,60.05,19.89,0.00,0.00,0.00,2025-11-11,2025-11-17,2
20251104,08089,Otero County,CO,19.96,80.04,0.00,0.00,0.00,0.00,2025-11-04,2025-11-10,2
20251028,08089,Otero County,CO,47.98,52.02,0.00,0.00,0.00,0.00,2025-10-28,2025-11-03,2
20251021,08089,Otero County,CO,47.98,52.02,0.00,0.00,0.00,0.00,2025-10-21,2025-10-27,2
20251014,08089,Otero County,CO,47.98,52.02,0.00,0.00,0.00,0.00,2025-10-14,2025-10-20,2
20251007,08089,Otero County,CO,47.98,52.02,0.00,0.00,0.00,0.00,2025-10-07,2025-10-13,2
20250930,08089,Otero County,CO,47.98,52.02,0.00,0.00,0.00,0.00,2025-09-30,2025-10-06,2
20261006,08091,Ouray County,CO,0.00,0.00,97.98,2.02,0.00,0.00,2026-10-06,2026-10-12,2
20260929,08091,Ouray County,CO,0.00,0.00,97.98,2.02,0.00,0.00,2026-09-29,2026-10-05,2
20260922,08091,Ouray County,CO,0.00,0.00,57.38,42.62,0.00,0.00,2026-09-22,2026-09-28,2
20260915,08091,Ouray County,CO,0.00,0.00,4.36,95.64,0.00,0.00,2026-09-15,2026-09-21,2
20260908,08091,Ouray County,CO,0.00,0.00,0.00,42.61,57.39,0.00,2026-09-08,2026-09-14,2
20260901,08091,Ouray County,CO,0.00,0.00,0.00,44.24,55.76,0.00,2026-09-01,2026-09-07,2
20260825,08091,Ouray County,CO,0.00,0.00,0.00,37.04,62.96,0.00,2026-08-25,2026-08-31,2
20260818,08091,Ouray County,CO,0.00,0.00,0.00,37.04,62.96,0.00,2026-08-18,2026-08-24,2
20260811,08091,Ouray County,CO,0.00,0.00,0.00,37.04,62.96,0.00,2026-08-11,2026-08-17,2
20260804,08091,Ouray County,CO,0.00,0.00,0.00,37.04,62.96,0.00,2026-08-04,2026-08-10,2
20260728,08091,Ouray County,CO,0.00,0.00,0.00,37.04,62.96,0.00,2026-07-28,2026-08-03,2
20260721,08091,Ouray County,CO,0.00,0.00,0.00,37.04,62.96,0.00,2026-07-21,2026-07-27,2
20260714,08091,Ouray County,CO,0.00,0.00,0.00,36.97,63.03,0.00,2026-07-14,2026-07-20,2
20260707,08091,Ouray County,CO,0.00,0.00,0.00,36.97,63.03,0.00,2026-07-07,2026-07-13,2
20260630,08091,Ouray County,CO,0.00,0.00,0.00,77.89,22.11,0.00,2026-06-30,2026-07-06,2
20260623,08091,Ouray County,CO,0.00,0.00,0.00,77.89,22.11,0.00,2026-06-23,2026-06-29,2
20260616,08091,Ouray County,CO,0.00,0.00,0.00,94.55,5.45,0.00,2026-06-16,2026-06-22,2
20260609,08091,Ouray County,CO,0.00,0.00,0.00,94.55,5.45,0.00,2026-06-09,2026-06-15,2
20260602,08091,Ouray County,CO,0.00,0.00,0.00,94.55,5.45,0.00,2026-06-02,2026-06-08,2
20260526,08091,Ouray County,CO,0.00,0.00,71.59,22.97,5.45,0.00,2026-05-26,2026-06-01,2
20260519,08091,Ouray County,CO,0.00,0.00,71.59,22.97,5.45,0.00,2026-05-19,2026-05-25,2
20260512,08091,Ouray County,CO,0.00,0.00,71.59,22.97,5.45,0.00,2026-05-12,2026-05-18,2
20260505,08091,Ouray County,CO,0.00,0.00,71.59,22.97,5.45,0.00,2026-05-05,2026-05-11,2
20260428,08091,Ouray County,CO,0.00,0.00,71.59,22.97,5.45,0.00,2026-04-28,2026-05-04,2
20260421,08091,Ouray County,CO,0.00,0.00,71.59,13.02,15.39,0.00,2026-04-21,2026-04-27,2
20260414,08091,Ouray County,CO,0.00,0.00,71.59,13.02,15.39,0.00,2026-04-14,2026-04-20,2
20260407,08091,Ouray County,CO,0.00,0.00,71.59,13.02,15.39,0.00,2026-04-07,2026-04-13,2
20260331,08091,Ouray County,CO,0.00,0.00,71.59,13.02,15.39,0.00,2026-03-31,2026-04-06,2
20260324,08091,Ouray County,CO,0.00,0.00,71.59,28.41,0.00,0.00,2026-03-24,2026-03-30,2
20260317,08091,Ouray County,CO,0.00,0.00,100.00,0.00,0.00,0.00,2026-03-17,2026-03-23,2
20260310,08091,Ouray County,CO,0.00,0.00,100.00,0.00,0.00,0.00,2026-03-10,2026-03-16,2
20260303,08091,Ouray County,CO,0.00,0.00,100.00,0.00,0.00,0.00,2026-03-03,2026-03-09,2
20260224,08091,Ouray County,CO,0.00,0.00,100.00,0.00,0.00,0.00,2026-02-24,2026-03-02,2
20260217,08091,Ouray County,CO,0.00,0.00,100.00,0.00,0.00,0.00,2026-02-17,2026-02-23,2
20260210,08091,Ouray County,CO,0.00,0.00,100.00,0.00,0.00,0.00,2026-02-10,2026-02-16,2
20260203,08091,Ouray County,CO,0.00,0.00,100.00,0.00,0.00,0.00,2026-02-03,2026-02-09,2
20260127,08091,Ouray County,CO,0.00,0.00,100.00,0.00,0.00,0.00,2026-01-27,2026-02-02,2
20260120,08091,Ouray County,CO,0.00,0.00,100.00,0.00,0.00,0.00,2026-01-20,2026-01-26,2
20260113,08091,Ouray County,CO,0.00,4.37,95.63,0.00,0.00,0.00,2026-01-13,2026-01-19,2
20260106,08091,Ouray County,CO,0.00,4.37,95.57,0.06,0.00,0.00,2026-01-06,2026-01-12,2
20251230,08091,Ouray County,CO,0.00,4.37,95.57,0.06,0.00,0.00,2025-12-30,2026-01-05,2
20251223,08091,Ouray County,CO,0.00,4.37,95.57,0.06,0.00,0.00,2025-12-23,2025-12-29,2
20251216,08091,Ouray County,CO,1.11,3.26,95.57,0.06,0.00,0.00,2025-12-16,2025-12-22,2
20251209,08091,Ouray County,CO,1.11,3.26,95.57,0.06,0.00,0.00,2025-12-09,2025-12-15,2
20251202,08091,Ouray County,CO,1.11,3.26,95.57,0.06,0.00,0.00,2025-12-02,2025-12-08,2
20251125,08091,Ouray County,CO,1.11,3.26,89.71,5.92,0.00,0.00,2025-11-25,2025-12-01,2
20251118,08091,Ouray County,CO,1.11,3.26,61.58,34.05,0.00,0.00,2025-11-18,2025-11-24,2
20251111,08091,Ouray County,CO,1.11,3.26,61.58,34.05,0.00,0.00,2025-11-11,2025-11-17,2
20251104,08091,Ouray County,CO,1.04,3.47,61.43,34.05,0.00,0.00,2025-11-04,2025-11-10,2
20251028,08091,Ouray County,CO,1.03,3.49,61.43,34.05,0.00,0.00,2025-10-28,2025-11-03,2
20251021,08091,Ouray County,CO,1.10,3.34,61.51,34.05,0.00,0.00,2025-10-21,2025-10-27,2
20251014,08091,Ouray County,CO,0.00,1.43,64.52,34.05,0.00,0.00,2025-10-14,2025-10-20,2
20251007,08091,Ouray County,CO,0.00,0.00,0.00,67.15,32.85,0.00,2025-10-07,2025-10-13,2
20250930,08091,Ouray County,CO,0.00,0.00,0.00,67.15,32.85,0.00,2025-09-30,2025-10-06,2
20261006,08093,Park County,CO,0.00,0.00,0.00,25.24,41.27,33.49,2026-10-06,2026-10-12,2
20260929,08093,Park County,CO,0.00,0.00,0.00,25.24,41.27,33.49,2026-09-29,2026-10-05,2
20260922,08093,Park County,CO,0.00,0.00,0.00,25.24,41.27,33.49,2026-09-22,2026-09-28,2
20260915,08093,Park County,CO,0.00,0.00,0.00,25.24,41.27,33.49,2026-09-15,2026-09-21,2
20260908,08093,Park County,CO,0.00,0.00,0.00,35.58,49.00,15.42,2026-09-08,2026-09-14,2
20260901,08093,Park County,CO,0.00,0.00,0.00,35.58,49.00,15.42,2026-09-01,2026-09-07,2
20260825,08093,Park County,CO,0.00,0.00,0.00,35.58,49.00,15.42,2026-08-25,2026-08-31,2
20260818,08093,Park County,CO,0.00,0.00,0.00,3.88,80.70,15.42,2026-08-18,2026-08-24,2
20260811,08093,Park County,CO,0.00,0.00,0.00,0.00,84.58,15.42,2026-08-11,2026-08-17,2
20260804,08093,Park County,CO,0.00,0.00,0.00,0.00,84.58,15.42,2026-08-04,2026-08-10,2
20260728,08093,Park County,CO,0.00,0.00,0.00,0.00,84.58,15.42,2026-07-28,2026-08-03,2
20260721,08093,Park County,CO,0.00,0.00,0.00,0.00,84.58,15.42,2026-07-21,2026-07-27,2
20260714,08093,Park County,CO,0.00,0.00,0.00,0.03,84.54,15.42,2026-07-14,2026-07-20,2
20260707,08093,Park County,CO,0.00,0.00,0.00,38.45,47.36,14.20,2026-07-07,2026-07-13,2
20260630,08093,Park County,CO,0.00,0.00,29.49,23.86,32.45,14.20,2026-06-30,2026-07-06,2
20260623,08093,Park County,CO,0.00,0.00,29.49,29.78,26.53,14.20,2026-06-23,2026-06-29,2
20260616,08093,Park County,CO,0.00,0.00,29.53,37.11,19.16,14.20,2026-06-16,2026-06-22,2
20260609,08093,Park County,CO,0.00,0.00,35.77,30.87,19.24,14.12,2026-06-09,2026-06-15,2
20260602,08093,Park County,CO,0.00,0.00,35.77,30.87,19.24,14.12,2026-06-02,2026-06-08,2
20260526,08093,Park County,CO,0.00,0.00,35.77,25.52,15.94,22.77,2026-05-26,2026-06-01,2
20260519,08093,Park County,CO,0.00,0.00,36.16,24.96,16.11,22.77,2026-05-19,2026-05-25,2
20260512,08093,Park County,CO,0.00,0.00,36.16,24.96,16.11,22.77,2026-05-12,2026-05-18,2
20260505,08093,Park County,CO,0.00,0.00,36.16,18.35,22.72,22.77,2026-05-05,2026-05-11,2
20260428,08093,Park County,CO,0.00,0.00,0.00,38.41,38.82,22.77,2026-04-28,2026-05-04,2
20260421,08093,Park County,CO,0.00,0.00,0.00,38.41,38.82,22.77,2026-04-21,2026-04-27,2
20260414,08093,Park County,CO,0.00,0.00,23.64,14.77,38.82,22.77,2026-04-14,2026-04-20,2
20260407,08093,Park County,CO,0.00,11.41,12.23,25.74,27.85,22.77,2026-04-07,2026-04-13,2
20260331,08093,Park County,CO,0.00,11.41,12.23,26.43,27.16,22.77,2026-03-31,2026-04-06,2
20260324,08093,Park County,CO,0.00,16.26,15.02,42.27,21.38,5.06,2026-03-24,2026-03-30,2
20260317,08093,Park County,CO,0.00,16.26,16.11,52.69,10.44,4.50,2026-03-17,2026-03-23,2
20260310,08093,Park County,CO,0.00,15.75,16.61,52.69,10.44,4.50,2026-03-10,2026-03-16,2
20260303,08093,Park County,CO,0.00,15.75,16.61,52.69,10.44,4.50,2026-03-03,2026-03-09,2
20260224,08093,Park County,CO,0.00,15.75,16.61,52.69,10.44,4.50,2026-02-24,2026-03-02,2
20260217,08093,Park County,CO,0.00,15.75,17.40,51.91,10.44,4.50,2026-02-17,2026-02-23,2
20260210,08093,Park County,CO,0.00,15.75,17.40,51.91,10.44,4.50,2026-02-10,2026-02-16,2
20260203,08093,Park County,CO,0.00,15.75,36.58,35.13,8.04,4.50,2026-02-03,2026-02-09,2
20260127,08093,Park County,CO,0.00,15.75,58.25,13.45,8.04,4.50,2026-01-27,2026-02-02,2
20260120,08093,Park County,CO,0.00,15.81,58.20,13.45,8.04,4.50,2026-01-20,2026-01-26,2
20260113,08093,Park County,CO,0.00,15.81,58.20,13.45,8.04,4.50,2026-01-13,2026-01-19,2
20260106,08093,Park County,CO,0.00,15.81,65.73,12.59,5.25,0.62,2026-01-06,2026-01-12,2
20251230,08093,Park County,CO,0.00,47.62,33.92,14.59,3.87,0.00,2025-12-30,2026-01-05,2
20251223,08093,Park County,CO,0.00,47.62,33.92,14.59,3.87,0.00,2025-12-23,2025-12-29,2
20251216,08093,Park County,CO,0.00,47.62,37.45,14.93,0.00,0.00,2025-12-16,2025-12-22,2
20251209,08093,Park County,CO,0.00,47.62,37.45,14.93,0.00,0.00,2025-12-09,2025-12-15,2
20251202,08093,Park County,CO,0.00,47.62,37.45,11.98,2.95,0.00,2025-12-02,2025-12-08,2
20251125,08093,Park County,CO,24.10,50.36,18.51,7.03,0.00,0.00,2025-11-25,2025-12-01,2
20251118,08093,Park County,CO,24.10,56.40,12.47,7.03,0.00,0.00,2025-11-18,2025-11-24,2
20251111,08093,Park County,CO,24.10,56.40,12.47,7.03,0.00,0.00,2025-11-11,2025-11-17,2
20251104,08093,Park County,CO,34.18,45.88,12.91,7.03,0.00,0.00,2025-11-04,2025-11-10,2
20251028,08093,Park County,CO,34.94,45.13,12.91,7.03,0.00,0.00,2025-10-28,2025-11-03,2
20251021,08093,Park County,CO,35.06,45.05,12.86,7.03,0.00,0.00,2025-10-21,2025-10-27,2
20251014,08093,Park County,CO,35.06,46.46,11.46,7.03,0.00,0.00,2025-10-14,2025-10-20,2
20251007,08093,Park County,CO,36.17,26.84,29.95,6.76,0.28,0.00,2025-10-07,2025-10-13,2
20250930,08093,Park County,CO,36.17,26.84,29.95,6.76,0.28,0.00,2025-09-30,2025-10-06,2
20261006,08095,Phillips County,CO,25.77,42.02,32.21,0.00,0.00,0.00,2026-10-06,2026-10-12,2
20260929,08095,Phillips County,CO,37.61,41.12,21.28,0.00,0.00,0.00,2026-09-29,2026-10-05,2
20260922,08095,Phillips County,CO,0.10,78.63,21.28,0.00,0.00,0.00,2026-09-22,2026-09-28,2
20260915,08095,Phillips County,CO,0.00,33.01,66.99,0.00,0.00,0.00,2026-09-15,2026-09-21,2
20260908,08095,Phillips County,CO,0.00,37.97,62.03,0.00,0.00,0.00,2026-09-08,2026-09-14,2
20260901,08095,Phillips County,CO,0.00,35.79,64.21,0.00,0.00,0.00,2026-09-01,2026-09-07,2
20260825,08095,Phillips County,CO,0.00,0.53,99.47,0.00,0.00,0.00,2026-08-25,2026-08-31,2
20260818,08095,Phillips County,CO,0.00,0.53,99.47,0.00,0.00,0.00,2026-08-18,2026-08-24,2
20260811,08095,Phillips County,CO,0.00,0.00,16.63,83.37,0.00,0.00,2026-08-11,2026-08-17,2
20260804,08095,Phillips County,CO,0.00,0.09,92.87,7.04,0.00,0.00,2026-08-04,2026-08-10,2
20260728,08095,Phillips County,CO,0.00,38.41,61.59,0.00,0.00,0.00,2026-07-28,2026-08-03,2
20260721,08095,Phillips County,CO,0.00,38.41,61.59,0.00,0.00,0.00,2026-07-21,2026-07-27,2
20260714,08095,Phillips County,CO,0.00,38.41,61.59,0.00,0.00,0.00,2026-07-14,2026-07-20,2
20260707,08095,Phillips County,CO,0.00,36.37,63.63,0.00,0.00,0.00,2026-07-07,2026-07-13,2
20260630,08095,Phillips County,CO,0.00,26.52,59.51,13.97,0.00,0.00,2026-06-30,2026-07-06,2
20260623,08095,Phillips County,CO,0.00,0.00,34.25,65.57,0.18,0.00,2026-06-23,2026-06-29,2
20260616,08095,Phillips County,CO,0.00,0.00,34.25,65.57,0.18,0.00,2026-06-16,2026-06-22,2
20260609,08095,Phillips County,CO,0.00,0.00,34.25,65.58,0.17,0.00,2026-06-09,2026-06-15,2
20260602,08095,Phillips County,CO,0.00,0.00,34.25,65.58,0.17,0.00,2026-06-02,2026-06-08,2
20260526,08095,Phillips County,CO,0.00,0.00,0.00,99.83,0.17,0.00,2026-05-26,2026-06-01,2
20260519,08095,Phillips County,CO,0.00,0.00,0.00,0.00,100.00,0.00,2026-05-19,2026-05-25,2
20260512,08095,Phillips County,CO,0.00,0.00,0.00,0.00,100.00,0.00,2026-05-12,2026-05-18,2
20260505,08095,Phillips County,CO,0.00,0.00,0.00,0.00,100.00,0.00,2026-05-05,2026-05-11,2
20260428,08095,Phillips County,CO,0.00,0.00,0.00,0.00,100.00,0.00,2026-04-28,2026-05-04,2
20260421,08095,Phillips County,CO,0.00,0.00,0.00,0.00,100.00,0.00,2026-04-21,2026-04-27,2
20260414,08095,Phillips County,CO,0.00,0.00,0.00,0.00,100.00,0.00,2026-04-14,2026-04-20,2
20260407,08095,Phillips County,CO,0.00,0.00,0.00,26.50,73.50,0.00,2026-04-07,2026-04-13,2
20260331,08095,Phillips County,CO,0.00,0.00,0.00,26.50,73.50,0.00,2026-03-31,2026-04-06,2
20260324,08095,Phillips County,CO,0.00,0.00,9.82,90.18,0.00,0.00,2026-03-24,2026-03-30,2
20260317,08095,Phillips County,CO,0.00,0.00,9.82,90.18,0.00,0.00,2026-03-17,2026-03-23,2
20260310,08095,Phillips County,CO,0.00,0.00,9.82,90.18,0.00,0.00,2026-03-10,2026-03-16,2
20260303,08095,Phillips County,CO,0.00,0.00,9.82,90.18,0.00,0.00,2026-03-03,2026-03-09,2
20260224,08095,Phillips County,CO,0.00,0.00,37.50,62.50,0.00,0.00,2026-02-24,2026-03-02,2
20260217,08095,Phillips County,CO,0.00,0.00,37.50,62.50,0.00,0.00,2026-02-17,2026-02-23,2
20260210,08095,Phillips County,CO,0.00,0.00,37.50,62.50,0.00,0.00,2026-02-10,2026-02-16,2
20260203,08095,Phillips County,CO,0.00,0.00,100.00,0.00,0.00,0.00,2026-02-03,2026-02-09,2
20260127,08095,Phillips County,CO,0.00,0.00,100.00,0.00,0.00,0.00,2026-01-27,2026-02-02,2
20260120,08095,Phillips County,CO,0.00,0.00,100.00,0.00,0.00,0.00,2026-01-20,2026-01-26,2
20260113,08095,Phillips County,CO,0.00,0.00,100.00,0.00,0.00,0.00,2026-01-13,2026-01-19,2
20260106,08095,Phillips County,CO,0.00,0.00,100.00,0.00,0.00,0.00,2026-01-06,2026-01-12,2
20251230,08095,Phillips County,CO,0.00,100.00,0.00,0.00,0.00,0.00,2025-12-30,2026-01-05,2
20251223,08095,Phillips County,CO,99.43,0.57,0.00,0.00,0.00,0.00,2025-12-23,2025-12-29,2
20251216,08095,Phillips County,CO,99.43,0.57,0.00,0.00,0.00,0.00,2025-12-16,2025-12-22,2
20251209,08095,Phillips County,CO,99.43,0.57,0.00,0.00,0.00,0.00,2025-12-09,2025-12-15,2
20251202,08095,Phillips County,CO,99.43,0.57,0.00,0.00,0.00,0.00,2025-12-02,2025-12-08,2
20251125,08095,Phillips County,CO,99.43,0.57,0.00,0.00,0.00,0.00,2025-11-25,2025-12-01,2
20251118,08095,Phillips County,CO,100.00,0.00,0.00,0.00,0.00,0.00,2025-11-18,2025-11-24,2
20251111,08095,Phillips County,CO,100.00,0.00,0.00,0.00,0.00,0.00,2025-11-11,2025-11-17,2
20251104,08095,Phillips County,CO,100.00,0.00,0.00,0.00,0.00,0.00,2025-11-04,2025-11-10,2
20251028,08095,Phillips County,CO,100.00,0.00,0.00,0.00,0.00,0.00,2025-10-28,2025-11-03,2
20251021,08095,Phillips County,CO,100.00,0.00,0.00,0.00,0.00,0.00,2025-10-21,2025-10-27,2
20251014,08095,Phillips County,CO,100.00,0.00,0.00,0.00,0.00,0.00,2025-10-14,2025-10-20,2
20251007,08095,Phillips County,CO,100.00,0.00,0.00,0.00,0.00,0.00,2025-10-07,2025-10-13,2
20250930,08095,Phillips County,CO,100.00,0.00,0.00,0.00,0.00,0.00,2025-09-30,2025-10-06,2
20261006,08097,Pitkin County,CO,0.00,0.00,0.00,0.00,19.75,80.25,2026-10-06,2026-10-12,2
20260929,08097,Pitkin County,CO,0.00,0.00,0.00,0.00,19.75,80.25,2026-09-29,2026-10-05,2
20260922,08097,Pitkin County,CO,0.00,0.00,0.00,0.00,19.75,80.25,2026-09-22,2026-09-28,2
20260915,08097,Pitkin County,CO,0.00,0.00,0.00,0.00,1.16,98.84,2026-09-15,2026-09-21,2
20260908,08097,Pitkin County,CO,0.00,0.00,0.00,0.00,0.00,100.00,2026-09-08,2026-09-14,2
20260901,08097,Pitkin County,CO,0.00,0.00,0.00,0.00,0.00,100.00,2026-09-01,2026-09-07,2
20260825,08097,Pitkin County,CO,0.00,0.00,0.00,0.00,0.00,100.00,2026-08-25,2026-08-31,2
20260818,08097,Pitkin County,CO,0.00,0.00,0.00,0.00,0.00,100.00,2026-08-18,2026-08-24,2
20260811,08097,Pitkin County,CO,0.00,0.00,0.00,0.00,0.00,100.00,2026-08-11,2026-08-17,2
20260804,08097,Pitkin County,CO,0.00,0.00,0.00,0.00,0.00,100.00,2026-08-04,2026-08-10,2
20260728,08097,Pitkin County,CO,0.00,0.00,0.00,0.00,0.00,100.00,2026-07-28,2026-08-03,2
20260721,08097,Pitkin County,CO,0.00,0.00,0.00,0.00,0.00,100.00,2026-07-21,2026-07-27,2
20260714,08097,Pitkin County,CO,0.00,0.00,0.00,0.00,0.00,100.00,2026-07-14,2026-07-20,2
20260707,08097,Pitkin County,CO,0.00,0.00,0.00,0.00,0.00,100.00,2026-07-07,2026-07-13,2
20260630,08097,Pitkin County,CO,0.00,0.00,0.00,0.00,0.00,100.00,2026-06-30,2026-07-06,2
20260623,08097,Pitkin County,CO,0.00,0.00,0.00,0.00,0.00,100.00,2026-06-23,2026-06-29,2
20260616,08097,Pitkin County,CO,0.00,0.00,0.00,0.00,0.00,100.00,2026-06-16,2026-06-22,2
20260609,08097,Pitkin County,CO,0.00,0.00,0.00,0.00,0.00,100.00,2026-06-09,2026-06-15,2
20260602,08097,Pitkin County,CO,0.00,0.00,0.00,0.00,0.00,100.00,2026-06-02,2026-06-08,2
20260526,08097,Pitkin County,CO,0.00,0.00,0.00,0.00,0.00,100.00,2026-05-26,2026-06-01,2
20260519,08097,Pitkin County,CO,0.00,0.00,0.00,0.00,0.00,100.00,2026-05-19,2026-05-25,2
20260512,08097,Pitkin County,CO,0.00,0.00,0.00,0.00,0.00,100.00,2026-05-12,2026-05-18,2
20260505,08097,Pitkin County,CO,0.00,0.00,0.00,0.00,0.00,100.00,2026-05-05,2026-05-11,2
20260428,08097,Pitkin County,CO,0.00,0.00,0.00,0.00,0.00,100.00,2026-04-28,2026-05-04,2
20260421,08097,Pitkin County,CO,0.00,0.00,0.00,0.00,0.00,100.00,2026-04-21,2026-04-27,2
20260414,08097,Pitkin County,CO,0.00,0.00,0.00,0.00,0.00,100.00,2026-04-14,2026-04-20,2
20260407,08097,Pitkin County,CO,0.00,0.00,0.00,0.00,0.00,100.00,2026-04-07,2026-04-13,2
20260331,08097,Pitkin County,CO,0.00,0.00,0.00,0.00,0.00,100.00,2026-03-31,2026-04-06,2
20260324,08097,Pitkin County,CO,0.00,0.00,0.00,0.00,70.55,29.45,2026-03-24,2026-03-30,2
20260317,08097,Pitkin County,CO,0.00,0.00,0.00,37.00,35.16,27.83,2026-03-17,2026-03-23,2
20260310,08097,Pitkin County,CO,0.00,0.00,0.00,37.00,35.16,27.83,2026-03-10,2026-03-16,2
20260303,08097,Pitkin County,CO,0.00,0.00,0.00,37.00,35.16,27.83,2026-03-03,2026-03-09,2
20260224,08097,Pitkin County,CO,0.00,0.00,0.00,37.00,35.16,27.83,2026-02-24,2026-03-02,2
20260217,08097,Pitkin County,CO,0.00,0.00,0.00,37.00,35.16,27.83,2026-02-17,2026-02-23,2
20260210,08097,Pitkin County,CO,0.00,0.00,0.00,37.00,35.16,27.83,2026-02-10,2026-02-16,2
20260203,08097,Pitkin County,CO,0.00,0.00,1.79,47.41,22.97,27.83,2026-02-03,2026-02-09,2
20260127,08097,Pitkin County,CO,0.00,0.00,1.79,47.42,22.96,27.83,2026-01-27,2026-02-02,2
20260120,08097,Pitkin County,CO,0.00,0.00,1.79,47.42,22.96,27.83,2026-01-20,2026-01-26,2
20260113,08097,Pitkin County,CO,0.00,0.00,1.79,47.42,22.95,27.83,2026-01-13,2026-01-19,2
20260106,08097,Pitkin County,CO,0.00,0.00,1.89,47.32,22.95,27.83,2026-01-06,2026-01-12,2
20251230,08097,Pitkin County,CO,0.00,0.00,1.89,47.32,22.95,27.83,2025-12-30,2026-01-05,2
20251223,08097,Pitkin County,CO,0.00,0.00,1.89,47.32,22.95,27.83,2025-12-23,2025-12-29,2
20251216,08097,Pitkin County,CO,0.00,0.00,32.58,35.48,31.94,0.00,2025-12-16,2025-12-22,2
20251209,08097,Pitkin County,CO,0.00,0.00,32.58,35.48,31.94,0.00,2025-12-09,2025-12-15,2
20251202,08097,Pitkin County,CO,0.00,0.00,32.58,35.48,31.94,0.00,2025-12-02,2025-12-08,2
20251125,08097,Pitkin County,CO,0.00,0.00,32.58,35.48,31.94,0.00,2025-11-25,2025-12-01,2
20251118,08097,Pitkin County,CO,0.00,0.00,32.58,35.48,31.94,0.00,2025-11-18,2025-11-24,2
20251111,08097,Pitkin County,CO,0.00,0.00,32.58,35.48,31.94,0.00,2025-11-11,2025-11-17,2
20251104,08097,Pitkin County,CO,0.00,0.00,32.58,35.48,31.94,0.00,2025-11-04,2025-11-10,2
20251028,08097,Pitkin County,CO,0.00,0.00,32.58,35.48,31.94,0.00,2025-10-28,2025-11-03,2
20251021,08097,Pitkin County,CO,0.00,0.00,32.58,35.48,31.94,0.00,2025-10-21,2025-10-27,2
20251014,08097,Pitkin County,CO,0.00,0.00,12.15,55.91,31.94,0.00,2025-10-14,2025-10-20,2
20251007,08097,Pitkin County,CO,0.00,0.00,0.00,58.26,41.74,0.00,2025-10-07,2025-10-13,2
20250930,08097,Pitkin County,CO,0.00,0.00,0.00,58.26,41.74,0.00,2025-09-30,2025-10-06,2
20261006,08099,Prowers County,CO,90.43,9.57,0.00,0.00,0.00,0.00,2026-10-06,2026-10-12,2
20260929,08099,Prowers County,CO,0.00,23.30,76.70,0.00,0.00,0.00,2026-09-29,2026-10-05,2
20260922,08099,Prowers County,CO,0.00,0.00,78.15,21.85,0.00,0.00,2026-09-22,2026-09-28,2
20260915,08099,Prowers County,CO,0.00,0.00,78.15,21.85,0.00,0.00,2026-09-15,2026-09-21,2
20260908,08099,Prowers County,CO,0.00,0.00,78.17,21.83,0.00,0.00,2026-09-08,2026-09-14,2
20260901,08099,Prowers County,CO,0.00,0.00,78.17,21.83,0.00,0.00,2026-09-01,2026-09-07,2
20260825,08099,Prowers County,CO,0.00,0.00,54.66,45.34,0.00,0.00,2026-08-25,2026-08-31,2
20260818,08099,Prowers County,CO,0.00,0.00,97.33,2.67,0.00,0.00,2026-08-18,2026-08-24,2
20260811,08099,Prowers County,CO,0.00,0.00,97.33,2.67,0.00,0.00,2026-08-11,2026-08-17,2
20260804,08099,Prowers County,CO,0.00,0.00,97.33,2.67,0.00,0.00,2026-08-04,2026-08-10,2
20260728,08099,Prowers County,CO,0.00,0.00,64.89,34.71,0.40,0.00,2026-07-28,2026-08-03,2
20260721,08099,Prowers County,CO,0.00,0.00,64.89,35.11,0.00,0.00,2026-07-21,2026-07-27,2
20260714,08099,Prowers County,CO,0.00,0.00,64.89,35.11,0.00,0.00,2026-07-14,2026-07-20,2
20260707,08099,Prowers County,CO,0.00,0.00,20.98,79.02,0.00,0.00,2026-07-07,2026-07-13,2
20260630,08099,Prowers County,CO,0.00,0.00,20.98,79.02,0.00,0.00,2026-06-30,2026-07-06,2
20260623,08099,Prowers County,CO,0.00,0.00,0.00,100.00,0.00,0.00,2026-06-23,2026-06-29,2
20260616,08099,Prowers County,CO,0.00,0.00,0.00,100.00,0.00,0.00,2026-06-16,2026-06-22,2
20260609,08099,Prowers County,CO,0.00,0.00,0.00,100.00,0.00,0.00,2026-06-09,2026-06-15,2
20260602,08099,Prowers County,CO,0.00,0.00,0.00,86.73,13.27,0.00,2026-06-02,2026-06-08,2
20260526,08099,Prowers County,CO,0.00,0.00,0.00,59.94,40.06,0.00,2026-05-26,2026-06-01,2
20260519,08099,Prowers County,CO,0.00,0.00,5.26,54.68,40.06,0.00,2026-05-19,2026-05-25,2
20260512,08099,Prowers County,CO,0.00,0.00,5.26,54.68,40.06,0.00,2026-05-12,2026-05-18,2
20260505,08099,Prowers County,CO,0.00,0.00,0.00,35.77,64.23,0.00,2026-05-05,2026-05-11,2
20260428,08099,Prowers County,CO,0.00,0.00,0.00,35.77,64.23,0.00,2026-04-28,2026-05-04,2
20260421,08099,Prowers County,CO,0.00,0.00,0.33,99.67,0.00,0.00,2026-04-21,2026-04-27,2
20260414,08099,Prowers County,CO,0.00,0.00,12.73,87.27,0.00,0.00,2026-04-14,2026-04-20,2
20260407,08099,Prowers County,CO,0.00,0.00,100.00,0.00,0.00,0.00,2026-04-07,2026-04-13,2
20260331,08099,Prowers County,CO,0.00,0.00,100.00,0.00,0.00,0.00,2026-03-31,2026-04-06,2
20260324,08099,Prowers County,CO,0.00,89.06,10.94,0.00,0.00,0.00,2026-03-24,2026-03-30,2
20260317,08099,Prowers County,CO,24.42,75.58,0.00,0.00,0.00,0.00,2026-03-17,2026-03-23,2
20260310,08099,Prowers County,CO,91.32,8.68,0.00,0.00,0.00,0.00,2026-03-10,2026-03-16,2
20260303,08099,Prowers County,CO,91.32,8.68,0.00,0.00,0.00,0.00,2026-03-03,2026-03-09,2
20260224,08099,Prowers County,CO,97.52,2.48,0.00,0.00,0.00,0.00,2026-02-24,2026-03-02,2
20260217,08099,Prowers County,CO,100.00,0.00,0.00,0.00,0.00,0.00,2026-02-17,2026-02-23,2
20260210,08099,Prowers County,CO,100.00,0.00,0.00,0.00,0.00,0.00,2026-02-10,2026-02-16,2
20260203,08099,Prowers County,CO,100.00,0.00,0.00,0.00,0.00,0.00,2026-02-03,2026-02-09,2
20260127,08099,Prowers County,CO,100.00,0.00,0.00,0.00,0.00,0.00,2026-01-27,2026-02-02,2
20260120,08099,Prowers County,CO,100.00,0.00,0.00,0.00,0.00,0.00,2026-01-20,2026-01-26,2
20260113,08099,Prowers County,CO,100.00,0.00,0.00,0.00,0.00,0.00,2026-01-13,2026-01-19,2
20260106,08099,Prowers County,CO,100.00,0.00,0.00,0.00,0.00,0.00,2026-01-06,2026-01-12,2
20251230,08099,Prowers County,CO,100.00,0.00,0.00,0.00,0.00,0.00,2025-12-30,2026-01-05,2
20251223,08099,Prowers County,CO,100.00,0.00,0.00,0.00,0.00,0.00,2025-12-23,2025-12-29,2
20251216,08099,Prowers County,CO,100.00,0.00,0.00,0.00,0.00,0.00,2025-12-16,2025-12-22,2
20251209,08099,Prowers County,CO,100.00,0.00,0.00,0.00,0.00,0.00,2025-12-09,2025-12-15,2
20251202,08099,Prowers County,CO,100.00,0.00,0.00,0.00,0.00,0.00,2025-12-02,2025-12-08,2
20251125,08099,Prowers County,CO,100.00,0.00,0.00,0.00,0.00,0.00,2025-11-25,2025-12-01,2
20251118,08099,Prowers County,CO,87.06,12.94,0.00,0.00,0.00,0.00,2025-11-18,2025-11-24,2
20251111,08099,Prowers County,CO,92.63,7.37,0.00,0.00,0.00,0.00,2025-11-11,2025-11-17,2
20251104,08099,Prowers County,CO,98.52,1.48,0.00,0.00,0.00,0.00,2025-11-04,2025-11-10,2
20251028,08099,Prowers County,CO,98.52,1.48,0.00,0.00,0.00,0.00,2025-10-28,2025-11-03,2
20251021,08099,Prowers County,CO,98.52,1.48,0.00,0.00,0.00,0.00,2025-10-21,2025-10-27,2
20251014,08099,Prowers County,CO,98.52,1.48,0.00,0.00,0.00,0.00,2025-10-14,2025-10-20,2
20251007,08099,Prowers County,CO,98.52,1.48,0.00,0.00,0.00,0.00,2025-10-07,2025-10-13,2
20250930,08099,Prowers County,CO,98.52,1.48,0.00,0.00,0.00,0.00,2025-09-30,2025-10-06,2
20261006,08101,Pueblo County,CO,0.00,25.34,21.47,48.76,4.44,0.00,2026-10-06,2026-10-12,2
20260929,08101,Pueblo County,CO,0.00,0.00,42.14,32.17,25.69,0.00,2026-09-29,2026-10-05,2
20260922,08101,Pueblo County,CO,0.00,0.00,42.14,32.17,25.69,0.00,2026-09-22,2026-09-28,2
20260915,08101,Pueblo County,CO,0.00,0.00,42.14,32.17,25.69,0.00,2026-09-15,2026-09-21,2
20260908,08101,Pueblo County,CO,0.00,0.00,41.99,33.14,24.87,0.00,2026-09-08,2026-09-14,2
20260901,08101,Pueblo County,CO,0.00,0.00,41.99,33.14,24.87,0.00,2026-09-01,2026-09-07,2
20260825,08101,Pueblo County,CO,0.00,0.00,41.99,33.14,24.17,0.70,2026-08-25,2026-08-31,2
20260818,08101,Pueblo County,CO,0.00,0.00,46.10,29.02,24.17,0.70,2026-08-18,2026-08-24,2
20260811,08101,Pueblo County,CO,0.00,0.00,46.10,29.02,24.17,0.70,2026-08-11,2026-08-17,2
20260804,08101,Pueblo County,CO,0.00,0.00,60.30,14.83,24.17,0.70,2026-08-04,2026-08-10,2
20260728,08101,Pueblo County,CO,0.00,0.00,22.81,52.32,24.17,0.70,2026-07-28,2026-08-03,2
20260721,08101,Pueblo County,CO,0.00,0.00,22.81,52.32,24.87,0.00,2026-07-21,2026-07-27,2
20260714,08101,Pueblo County,CO,0.00,0.00,22.81,67.82,9.38,0.00,2026-07-14,2026-07-20,2
20260707,08101,Pueblo County,CO,0.00,0.00,22.81,68.10,9.09,0.00,2026-07-07,2026-07-13,2
20260630,08101,Pueblo County,CO,0.00,0.00,29.39,70.25,0.36,0.00,2026-06-30,2026-07-06,2
20260623,08101,Pueblo County,CO,0.00,0.00,24.66,75.34,0.00,0.00,2026-06-23,2026-06-29,2
20260616,08101,Pueblo County,CO,0.00,0.00,63.46,36.54,0.00,0.00,2026-06-16,2026-06-22,2
20260609,08101,Pueblo County,CO,0.00,0.00,67.23,32.77,0.00,0.00,2026-06-09,2026-06-15,2
20260602,08101,Pueblo County,CO,0.00,28.21,39.02,32.75,0.01,0.00,2026-06-02,2026-06-08,2
20260526,08101,Pueblo County,CO,0.00,28.21,35.16,36.62,0.01,0.00,2026-05-26,2026-06-01,2
20260519,08101,Pueblo County,CO,0.00,37.13,30.68,32.17,0.01,0.00,2026-05-19,2026-05-25,2
20260512,08101,Pueblo County,CO,0.00,37.13,30.68,32.17,0.01,0.00,2026-05-12,2026-05-18,2
20260505,08101,Pueblo County,CO,0.00,37.13,30.68,28.28,3.90,0.00,2026-05-05,2026-05-11,2
20260428,08101,Pueblo County,CO,0.00,0.00,51.16,44.94,3.90,0.00,2026-04-28,2026-05-04,2
20260421,08101,Pueblo County,CO,0.00,27.25,25.29,44.60,2.86,0.00,2026-04-21,2026-04-27,2
20260414,08101,Pueblo County,CO,0.00,26.85,25.69,44.60,2.86,0.00,2026-04-14,2026-04-20,2
20260407,08101,Pueblo County,CO,0.00,28.68,64.60,6.61,0.11,0.00,2026-04-07,2026-04-13,2
20260331,08101,Pueblo County,CO,0.00,81.32,11.95,6.61,0.11,0.00,2026-03-31,2026-04-06,2
20260324,08101,Pueblo County,CO,76.23,14.71,8.57,0.48,0.00,0.00,2026-03-24,2026-03-30,2
20260317,08101,Pueblo County,CO,82.40,8.55,8.57,0.48,0.00,0.00,2026-03-17,2026-03-23,2
20260310,08101,Pueblo County,CO,89.18,10.34,0.48,0.00,0.00,0.00,2026-03-10,2026-03-16,2
20260303,08101,Pueblo County,CO,89.18,10.34,0.48,0.00,0.00,0.00,2026-03-03,2026-03-09,2
20260224,08101,Pueblo County,CO,89.19,10.69,0.12,0.00,0.00,0.00,2026-02-24,2026-03-02,2
20260217,08101,Pueblo County,CO,89.57,10.32,0.12,0.00,0.00,0.00,2026-02-17,2026-02-23,2
20260210,08101,Pueblo County,CO,89.59,10.29,0.12,0.00,0.00,0.00,2026-02-10,2026-02-16,2
20260203,08101,Pueblo County,CO,89.59,10.29,0.12,0.00,0.00,0.00,2026-02-03,2026-02-09,2
20260127,08101,Pueblo County,CO,89.59,10.29,0.12,0.00,0.00,0.00,2026-01-27,2026-02-02,2
20260120,08101,Pueblo County,CO,89.95,9.93,0.12,0.00,0.00,0.00,2026-01-20,2026-01-26,2
20260113,08101,Pueblo County,CO,89.95,9.93,0.12,0.00,0.00,0.00,2026-01-13,2026-01-19,2
20260106,08101,Pueblo County,CO,74.83,19.55,5.62,0.00,0.00,0.00,2026-01-06,2026-01-12,2
20251230,08101,Pueblo County,CO,74.83,19.55,5.62,0.00,0.00,0.00,2025-12-30,2026-01-05,2
20251223,08101,Pueblo County,CO,74.83,25.17,0.00,0.00,0.00,0.00,2025-12-23,2025-12-29,2
20251216,08101,Pueblo County,CO,74.83,25.17,0.00,0.00,0.00,0.00,2025-12-16,2025-12-22,2
20251209,08101,Pueblo County,CO,74.83,25.17,0.00,0.00,0.00,0.00,2025-12-09,2025-12-15,2
20251202,08101,Pueblo County,CO,27.05,72.95,0.00,0.00,0.00,0.00,2025-12-02,2025-12-08,2
20251125,08101,Pueblo County,CO,27.05,72.95,0.00,0.00,0.00,0.00,2025-11-25,2025-12-01,2
20251118,08101,Pueblo County,CO,0.68,93.93,5.39,0.00,0.00,0.00,2025-11-18,2025-11-24,2
20251111,08101,Pueblo County,CO,0.68,93.93,5.39,0.00,0.00,0.00,2025-11-11,2025-11-17,2
20251104,08101,Pueblo County,CO,0.77,99.23,0.00,0.00,0.00,0.00,2025-11-04,2025-11-10,2
20251028,08101,Pueblo County,CO,92.54,7.46,0.00,0.00,0.00,0.00,2025-10-28,2025-11-03,2
20251021,08101,Pueblo County,CO,94.21,5.79,0.00,0.00,0.00,0.00,2025-10-21,2025-10-27,2
20251014,08101,Pueblo County,CO,94.21,5.79,0.00,0.00,0.00,0.00,2025-10-14,2025-10-20,2
20251007,08101,Pueblo County,CO,94.42,5.58,0.00,0.00,0.00,0.00,2025-10-07,2025-10-13,2
20250930,08101,Pueblo County,CO,94.42,5.58,0.00,0.00,0.00,0.00,2025-09-30,2025-10-06,2
20261006,08103,Rio Blanco County,CO,0.00,0.00,1.52,82.76,15.61,0.11,2026-10-06,2026-10-12,2
20260929,08103,Rio Blanco County,CO,0.00,0.00,0.81,83.47,15.61,0.11,2026-09-29,2026-10-05,2
20260922,08103,Rio Blanco County,CO,0.00,0.00,0.00,84.29,15.61,0.11,2026-09-22,2026-09-28,2
20260915,08103,Rio Blanco County,CO,0.00,0.00,0.00,26.43,64.13,9.44,2026-09-15,2026-09-21,2
20260908,08103,Rio Blanco County,CO,0.00,0.00,0.00,26.48,64.08,9.44,2026-09-08,2026-09-14,2
20260901,08103,Rio Blanco County,CO,0.00,0.00,0.00,26.48,64.08,9.44,2026-09-01,2026-09-07,2
20260825,08103,Rio Blanco County,CO,0.00,0.00,0.00,26.48,50.64,22.87,2026-08-25,2026-08-31,2
20260818,08103,Rio Blanco County,CO,0.00,0.00,0.00,26.48,50.64,22.87,2026-08-18,2026-08-24,2
20260811,08103,Rio Blanco County,CO,0.00,0.00,0.00,26.48,50.64,22.87,2026-08-11,2026-08-17,2
20260804,08103,Rio Blanco County,CO,0.00,0.00,0.00,26.48,50.64,22.87,2026-08-04,2026-08-10,2
20260728,08103,Rio Blanco County,CO,0.00,0.00,0.00,26.48,50.64,22.87,2026-07-28,2026-08-03,2
20260721,08103,Rio Blanco County,CO,0.00,0.00,0.00,26.48,50.64,22.87,2026-07-21,2026-07-27,2
20260714,08103,Rio Blanco County,CO,0.00,0.00,0.00,26.48,50.64,22.87,2026-07-14,2026-07-20,2
20260707,08103,Rio Blanco County,CO,0.00,0.00,0.00,26.48,50.64,22.87,2026-07-07,2026-07-13,2
20260630,08103,Rio Blanco County,CO,0.00,0.00,0.00,26.48,50.64,22.87,2026-06-30,2026-07-06,2
20260623,08103,Rio Blanco County,CO,0.00,0.00,0.00,26.76,50.37,22.87,2026-06-23,2026-06-29,2
20260616,08103,Rio Blanco County,CO,0.00,0.00,0.00,56.67,20.46,22.87,2026-06-16,2026-06-22,2
20260609,08103,Rio Blanco County,CO,0.00,0.00,0.00,46.26,30.87,22.87,2026-06-09,2026-06-15,2
20260602,08103,Rio Blanco County,CO,0.00,0.00,0.00,46.26,30.87,22.87,2026-06-02,2026-06-08,2
20260526,08103,Rio Blanco County,CO,0.00,0.00,0.00,46.26,30.62,23.12,2026-05-26,2026-06-01,2
20260519,08103,Rio Blanco County,CO,0.00,0.00,0.00,42.56,34.32,23.12,2026-05-19,2026-05-25,2
20260512,08103,Rio Blanco County,CO,0.00,0.00,0.00,0.00,62.23,37.77,2026-05-12,2026-05-18,2
20260505,08103,Rio Blanco County,CO,0.00,0.00,0.00,0.00,62.23,37.77,2026-05-05,2026-05-11,2
20260428,08103,Rio Blanco County,CO,0.00,0.00,0.00,0.00,62.23,37.77,2026-04-28,2026-05-04,2
20260421,08103,Rio Blanco County,CO,0.00,0.00,0.00,0.00,14.49,85.51,2026-04-21,2026-04-27,2
20260414,08103,Rio Blanco County,CO,0.00,0.00,0.00,0.00,14.49,85.51,2026-04-14,2026-04-20,2
20260407,08103,Rio Blanco County,CO,0.00,0.00,0.00,0.00,14.49,85.51,2026-04-07,2026-04-13,2
20260331,08103,Rio Blanco County,CO,0.00,0.00,0.00,0.00,14.49,85.51,2026-03-31,2026-04-06,2
20260324,08103,Rio Blanco County,CO,0.00,0.00,0.00,12.32,66.70,20.98,2026-03-24,2026-03-30,2
20260317,08103,Rio Blanco County,CO,0.00,0.00,2.11,71.78,26.11,0.00,2026-03-17,2026-03-23,2
20260310,08103,Rio Blanco County,CO,0.00,0.00,2.11,71.78,26.11,0.00,2026-03-10,2026-03-16,2
20260303,08103,Rio Blanco County,CO,0.00,0.00,4.68,78.35,16.97,0.00,2026-03-03,2026-03-09,2
20260224,08103,Rio Blanco County,CO,0.00,0.00,4.68,78.35,16.97,0.00,2026-02-24,2026-03-02,2
20260217,08103,Rio Blanco County,CO,0.00,0.00,4.68,78.35,16.97,0.00,2026-02-17,2026-02-23,2
20260210,08103,Rio Blanco County,CO,0.00,0.00,4.68,78.35,16.97,0.00,2026-02-10,2026-02-16,2
20260203,08103,Rio Blanco County,CO,0.00,0.00,4.68,78.35,16.97,0.00,2026-02-03,2026-02-09,2
20260127,08103,Rio Blanco County,CO,0.00,0.00,4.68,95.32,0.00,0.00,2026-01-27,2026-02-02,2
20260120,08103,Rio Blanco County,CO,0.00,0.00,77.44,22.56,0.00,0.00,2026-01-20,2026-01-26,2
20260113,08103,Rio Blanco County,CO,0.00,0.00,77.44,22.56,0.00,0.00,2026-01-13,2026-01-19,2
20260106,08103,Rio Blanco County,CO,0.00,0.00,77.44,22.56,0.00,0.00,2026-01-06,2026-01-12,2
20251230,08103,Rio Blanco County,CO,0.00,0.00,77.44,22.56,0.00,0.00,2025-12-30,2026-01-05,2
20251223,08103,Rio Blanco County,CO,0.00,0.00,77.44,22.56,0.00,0.00,2025-12-23,2025-12-29,2
20251216,08103,Rio Blanco County,CO,0.00,0.00,77.44,22.56,0.00,0.00,2025-12-16,2025-12-22,2
20251209,08103,Rio Blanco County,CO,0.00,0.00,77.44,22.56,0.00,0.00,2025-12-09,2025-12-15,2
20251202,08103,Rio Blanco County,CO,0.00,0.00,77.44,22.56,0.00,0.00,2025-12-02,2025-12-08,2
20251125,08103,Rio Blanco County,CO,0.00,0.00,77.44,22.56,0.00,0.00,2025-11-25,2025-12-01,2
20251118,08103,Rio Blanco County,CO,0.00,0.00,77.44,22.56,0.00,0.00,2025-11-18,2025-11-24,2
20251111,08103,Rio Blanco County,CO,0.00,23.10,54.34,22.56,0.00,0.00,2025-11-11,2025-11-17,2
20251104,08103,Rio Blanco County,CO,0.00,23.08,54.36,22.56,0.00,0.00,2025-11-04,2025-11-10,2
20251028,08103,Rio Blanco County,CO,0.00,23.08,54.36,22.56,0.00,0.00,2025-10-28,2025-11-03,2
20251021,08103,Rio Blanco County,CO,0.00,23.10,54.34,22.56,0.00,0.00,2025-10-21,2025-10-27,2
20251014,08103,Rio Blanco County,CO,0.00,7.92,49.76,42.32,0.00,0.00,2025-10-14,2025-10-20,2
20251007,08103,Rio Blanco County,CO,0.00,0.00,8.44,50.10,41.46,0.00,2025-10-07,2025-10-13,2
20250930,08103,Rio Blanco County,CO,0.00,0.00,8.44,50.10,41.46,0.00,2025-09-30,2025-10-06,2
20261006,08105,Rio Grande County,CO,0.00,0.00,0.05,10.34,89.61,0.00,2026-10-06,2026-10-12,2
20260929,08105,Rio Grande County,CO,0.00,0.00,0.05,10.34,88.24,1.37,2026-09-29,2026-10-05,2
20260922,08105,Rio Grande County,CO,0.00,0.00,0.00,10.39,46.75,42.86,2026-09-22,2026-09-28,2
20260915,08105,Rio Grande County,CO,0.00,0.00,0.00,5.17,51.98,42.86,2026-09-15,2026-09-21,2
20260908,08105,Rio Grande County,CO,0.00,0.00,0.00,5.21,94.79,0.00,2026-09-08,2026-09-14,2
20260901,08105,Rio Grande County,CO,0.00,0.00,0.00,43.40,56.60,0.00,2026-09-01,2026-09-07,2
20260825,08105,Rio Grande County,CO,0.00,0.00,0.00,43.40,56.60,0.00,2026-08-25,2026-08-31,2
20260818,08105,Rio Grande County,CO,0.00,0.00,0.00,0.00,100.00,0.00,2026-08-18,2026-08-24,2
20260811,08105,Rio Grande County,CO,0.00,0.00,0.00,0.00,100.00,0.00,2026-08-11,2026-08-17,2
20260804,08105,Rio Grande County,CO,0.00,0.00,0.00,0.40,99.60,0.00,2026-08-04,2026-08-10,2
20260728,08105,Rio Grande County,CO,0.00,0.00,0.00,0.40,99.60,0.00,2026-07-28,2026-08-03,2
20260721,08105,Rio Grande County,CO,0.00,0.00,0.00,0.40,99.60,0.00,2026-07-21,2026-07-27,2
20260714,08105,Rio Grande County,CO,0.00,0.00,0.00,0.40,99.60,0.00,2026-07-14,2026-07-20,2
20260707,08105,Rio Grande County,CO,0.00,0.00,0.00,0.40,99.60,0.00,2026-07-07,2026-07-13,2
20260630,08105,Rio Grande County,CO,0.00,0.00,0.00,0.40,99.60,0.00,2026-06-30,2026-07-06,2
20260623,08105,Rio Grande County,CO,0.00,0.00,0.00,2.65,97.35,0.00,2026-06-23,2026-06-29,2
20260616,08105,Rio Grande County,CO,0.00,0.00,0.00,2.65,97.35,0.00,2026-06-16,2026-06-22,2
20260609,08105,Rio Grande County,CO,0.00,0.00,0.00,2.65,97.35,0.00,2026-06-09,2026-06-15,2
20260602,08105,Rio Grande County,CO,0.00,0.00,0.00,2.65,97.35,0.00,2026-06-02,2026-06-08,2
20260526,08105,Rio Grande County,CO,0.00,0.00,0.00,2.65,97.35,0.00,2026-05-26,2026-06-01,2
20260519,08105,Rio Grande County,CO,0.00,0.00,0.00,39.93,60.07,0.00,2026-05-19,2026-05-25,2
20260512,08105,Rio Grande County,CO,0.00,0.00,18.25,21.68,60.07,0.00,2026-05-12,2026-05-18,2
20260505,08105,Rio Grande County,CO,0.00,0.00,18.25,21.68,60.07,0.00,2026-05-05,2026-05-11,2
20260428,08105,Rio Grande County,CO,0.00,0.00,18.25,21.68,60.07,0.00,2026-04-28,2026-05-04,2
20260421,08105,Rio Grande County,CO,0.00,0.00,18.25,23.79,57.95,0.00,2026-04-21,2026-04-27,2
20260414,08105,Rio Grande County,CO,0.00,0.00,18.25,23.79,57.95,0.00,2026-04-14,2026-04-20,2
20260407,08105,Rio Grande County,CO,0.00,0.00,18.25,23.79,57.95,0.00,2026-04-07,2026-04-13,2
20260331,08105,Rio Grande County,CO,0.00,0.00,18.25,23.79,57.95,0.00,2026-03-31,2026-04-06,2
20260324,08105,Rio Grande County,CO,0.00,6.22,24.67,65.79,3.32,0.00,2026-03-24,2026-03-30,2
20260317,08105,Rio Grande County,CO,0.00,30.89,53.39,15.72,0.00,0.00,2026-03-17,2026-03-23,2
20260310,08105,Rio Grande County,CO,0.34,33.09,66.57,0.00,0.00,0.00,2026-03-10,2026-03-16,2
20260303,08105,Rio Grande County,CO,0.34,33.09,66.57,0.00,0.00,0.00,2026-03-03,2026-03-09,2
20260224,08105,Rio Grande County,CO,0.34,33.09,66.57,0.00,0.00,0.00,2026-02-24,2026-03-02,2
20260217,08105,Rio Grande County,CO,0.41,33.02,66.57,0.00,0.00,0.00,2026-02-17,2026-02-23,2
20260210,08105,Rio Grande County,CO,0.41,33.02,66.57,0.00,0.00,0.00,2026-02-10,2026-02-16,2
20260203,08105,Rio Grande County,CO,18.60,72.06,9.34,0.00,0.00,0.00,2026-02-03,2026-02-09,2
20260127,08105,Rio Grande County,CO,18.60,72.06,9.34,0.00,0.00,0.00,2026-01-27,2026-02-02,2
20260120,08105,Rio Grande County,CO,19.71,70.84,9.45,0.00,0.00,0.00,2026-01-20,2026-01-26,2
20260113,08105,Rio Grande County,CO,19.71,80.29,0.00,0.00,0.00,0.00,2026-01-13,2026-01-19,2
20260106,08105,Rio Grande County,CO,21.67,78.33,0.00,0.00,0.00,0.00,2026-01-06,2026-01-12,2
20251230,08105,Rio Grande County,CO,21.67,78.33,0.00,0.00,0.00,0.00,2025-12-30,2026-01-05,2
20251223,08105,Rio Grande County,CO,82.83,17.17,0.00,0.00,0.00,0.00,2025-12-23,2025-12-29,2
20251216,08105,Rio Grande County,CO,100.00,0.00,0.00,0.00,0.00,0.00,2025-12-16,2025-12-22,2
20251209,08105,Rio Grande County,CO,100.00,0.00,0.00,0.00,0.00,0.00,2025-12-09,2025-12-15,2
20251202,08105,Rio Grande County,CO,100.00,0.00,0.00,0.00,0.00,0.00,2025-12-02,2025-12-08,2
20251125,08105,Rio Grande County,CO,100.00,0.00,0.00,0.00,0.00,0.00,2025-11-25,2025-12-01,2
20251118,08105,Rio Grande County,CO,66.08,33.92,0.00,0.00,0.00,0.00,2025-11-18,2025-11-24,2
20251111,08105,Rio Grande County,CO,66.08,33.92,0.00,0.00,0.00,0.00,2025-11-11,2025-11-17,2
20251104,08105,Rio Grande County,CO,66.00,34.00,0.00,0.00,0.00,0.00,2025-11-04,2025-11-10,2
20251028,08105,Rio Grande County,CO,65.72,34.28,0.00,0.00,0.00,0.00,2025-10-28,2025-11-03,2
20251021,08105,Rio Grande County,CO,65.77,34.23,0.00,0.00,0.00,0.00,2025-10-21,2025-10-27,2
20251014,08105,Rio Grande County,CO,54.84,45.16,0.00,0.00,0.00,0.00,2025-10-14,2025-10-20,2
20251007,08105,Rio Grande County,CO,0.02,79.54,20.44,0.00,0.00,0.00,2025-10-07,2025-10-13,2
20250930,08105,Rio Grande County,CO,0.02,79.54,20.44,0.00,0.00,0.00,2025-09-30,2025-10-06,2
20261006,08107,Routt County,CO,0.00,0.00,0.00,40.67,32.88,26.44,2026-10-06,2026-10-12,2
20260929,08107,Routt County,CO,0.00,0.00,0.00,40.67,32.88,26.44,2026-09-29,2026-10-05,2
20260922,08107,Routt County,CO,0.00,0.00,0.00,40.67,32.88,26.44,2026-09-22,2026-09-28,2
20260915,08107,Routt County,CO,0.00,0.00,0.00,10.41,56.72,32.87,2026-09-15,2026-09-21,2
20260908,08107,Routt County,CO,0.00,0.00,0.00,10.35,56.78,32.87,2026-09-08,2026-09-14,2
20260901,08107,Routt County,CO,0.00,0.00,0.00,10.35,56.78,32.87,2026-09-01,2026-09-07,2
20260825,08107,Routt County,CO,0.00,0.00,0.00,0.04,67.09,32.87,2026-08-25,2026-08-31,2
20260818,08107,Routt County,CO,0.00,0.00,0.00,7.41,59.72,32.87,2026-08-18,2026-08-24,2
20260811,08107,Routt County,CO,0.00,0.00,0.00,54.44,12.69,32.87,2026-08-11,2026-08-17,2
20260804,08107,Routt County,CO,0.00,0.00,0.00,54.44,12.69,32.87,2026-08-04,2026-08-10,2
20260728,08107,Routt County,CO,0.00,0.00,0.00,54.44,12.69,32.87,2026-07-28,2026-08-03,2
20260721,08107,Routt County,CO,0.00,0.00,0.00,54.44,12.69,32.87,2026-07-21,2026-07-27,2
20260714,08107,Routt County,CO,0.00,0.00,0.00,54.44,12.69,32.87,2026-07-14,2026-07-20,2
20260707,08107,Routt County,CO,0.00,0.00,0.00,54.44,12.69,32.87,2026-07-07,2026-07-13,2
20260630,08107,Routt County,CO,0.00,0.00,0.00,54.44,12.69,32.87,2026-06-30,2026-07-06,2
20260623,08107,Routt County,CO,0.00,0.00,0.00,54.44,12.69,32.87,2026-06-23,2026-06-29,2
20260616,08107,Routt County,CO,0.00,0.00,0.00,54.44,12.69,32.87,2026-06-16,2026-06-22,2
20260609,08107,Routt County,CO,0.00,0.00,0.00,54.44,12.69,32.87,2026-06-09,2026-06-15,2
20260602,08107,Routt County,CO,0.00,0.00,0.00,54.44,12.69,32.87,2026-06-02,2026-06-08,2
20260526,08107,Routt County,CO,0.00,0.00,0.00,25.08,42.05,32.87,2026-05-26,2026-06-01,2
20260519,08107,Routt County,CO,0.00,0.00,0.00,0.00,67.13,32.87,2026-05-19,2026-05-25,2
20260512,08107,Routt County,CO,0.00,0.00,0.00,0.00,6.11,93.89,2026-05-12,2026-05-18,2
20260505,08107,Routt County,CO,0.00,0.00,0.00,0.00,0.00,100.00,2026-05-05,2026-05-11,2
20260428,08107,Routt County,CO,0.00,0.00,0.00,0.00,0.00,100.00,2026-04-28,2026-05-04,2
20260421,08107,Routt County,CO,0.00,0.00,0.00,0.00,0.00,100.00,2026-04-21,2026-04-27,2
20260414,08107,Routt County,CO,0.00,0.00,0.00,0.00,0.00,100.00,2026-04-14,2026-04-20,2
20260407,08107,Routt County,CO,0.00,0.00,0.00,0.00,0.00,100.00,2026-04-07,2026-04-13,2
20260331,08107,Routt County,CO,0.00,0.00,0.00,0.00,0.00,100.00,2026-03-31,2026-04-06,2
20260324,08107,Routt County,CO,0.00,0.00,0.00,0.00,61.97,38.03,2026-03-24,2026-03-30,2
20260317,08107,Routt County,CO,0.00,0.00,0.00,11.73,88.27,0.00,2026-03-17,2026-03-23,2
20260310,08107,Routt County,CO,0.00,0.00,0.00,11.73,88.27,0.00,2026-03-10,2026-03-16,2
20260303,08107,Routt County,CO,0.00,0.00,0.00,78.12,21.88,0.00,2026-03-03,2026-03-09,2
20260224,08107,Routt County,CO,0.00,0.00,0.00,78.12,21.88,0.00,2026-02-24,2026-03-02,2
20260217,08107,Routt County,CO,0.00,0.00,0.00,78.12,21.88,0.00,2026-02-17,2026-02-23,2
20260210,08107,Routt County,CO,0.00,0.00,0.00,78.12,21.88,0.00,2026-02-10,2026-02-16,2
20260203,08107,Routt County,CO,0.00,0.00,0.00,78.12,21.88,0.00,2026-02-03,2026-02-09,2
20260127,08107,Routt County,CO,0.00,0.00,0.00,88.58,11.42,0.00,2026-01-27,2026-02-02,2
20260120,08107,Routt County,CO,0.00,0.00,44.13,44.46,11.42,0.00,2026-01-20,2026-01-26,2
20260113,08107,Routt County,CO,0.00,0.00,44.13,55.87,0.00,0.00,2026-01-13,2026-01-19,2
20260106,08107,Routt County,CO,0.00,0.00,44.13,55.87,0.00,0.00,2026-01-06,2026-01-12,2
20251230,08107,Routt County,CO,0.00,0.00,44.13,55.87,0.00,0.00,2025-12-30,2026-01-05,2
20251223,08107,Routt County,CO,0.00,0.00,44.13,55.87,0.00,0.00,2025-12-23,2025-12-29,2
20251216,08107,Routt County,CO,0.00,0.00,44.13,55.87,0.00,0.00,2025-12-16,2025-12-22,2
20251209,08107,Routt County,CO,0.00,0.00,44.13,55.87,0.00,0.00,2025-12-09,2025-12-15,2
20251202,08107,Routt County,CO,0.00,0.00,44.13,55.87,0.00,0.00,2025-12-02,2025-12-08,2
20251125,08107,Routt County,CO,0.00,0.00,44.13,55.87,0.00,0.00,2025-11-25,2025-12-01,2
20251118,08107,Routt County,CO,0.00,0.00,62.12,37.88,0.00,0.00,2025-11-18,2025-11-24,2
20251111,08107,Routt County,CO,0.00,0.00,62.12,37.88,0.00,0.00,2025-11-11,2025-11-17,2
20251104,08107,Routt County,CO,0.00,0.00,62.12,37.88,0.00,0.00,2025-11-04,2025-11-10,2
20251028,08107,Routt County,CO,0.00,0.00,62.12,37.88,0.00,0.00,2025-10-28,2025-11-03,2
20251021,08107,Routt County,CO,0.00,0.00,62.12,37.88,0.00,0.00,2025-10-21,2025-10-27,2
20251014,08107,Routt County,CO,0.00,0.00,62.12,37.88,0.00,0.00,2025-10-14,2025-10-20,2
20251007,08107,Routt County,CO,0.00,0.00,0.00,64.21,35.79,0.00,2025-10-07,2025-10-13,2
20250930,08107,Routt County,CO,0.00,0.00,0.00,64.21,35.79,0.00,2025-09-30,2025-10-06,2
20261006,08109,Saguache County,CO,0.00,0.00,0.00,0.00,100.00,0.00,2026-10-06,2026-10-12,2
20260929,08109,Saguache County,CO,0.00,0.00,0.00,0.00,60.46,39.54,2026-09-29,2026-10-05,2
20260922,08109,Saguache County,CO,0.00,0.00,0.00,0.00,32.98,67.02,2026-09-22,2026-09-28,2
20260915,08109,Saguache County,CO,0.00,0.00,0.00,0.00,32.56,67.44,2026-09-15,2026-09-21,2
20260908,08109,Saguache County,CO,0.00,0.00,0.00,0.00,41.30,58.70,2026-09-08,2026-09-14,2
20260901,08109,Saguache County,CO,0.00,0.00,0.00,0.00,60.42,39.58,2026-09-01,2026-09-07,2
20260825,08109,Saguache County,CO,0.00,0.00,0.00,0.00,60.29,39.71,2026-08-25,2026-08-31,2
20260818,08109,Saguache County,CO,0.00,0.00,0.00,0.00,60.29,39.71,2026-08-18,2026-08-24,2
20260811,08109,Saguache County,CO,0.00,0.00,0.00,0.00,60.29,39.71,2026-08-11,2026-08-17,2
20260804,08109,Saguache County,CO,0.00,0.00,0.00,0.00,62.97,37.03,2026-08-04,2026-08-10,2
20260728,08109,Saguache County,CO,0.00,0.00,0.00,0.00,62.97,37.03,2026-07-28,2026-08-03,2
20260721,08109,Saguache County,CO,0.00,0.00,0.00,0.00,63.46,36.54,2026-07-21,2026-07-27,2
20260714,08109,Saguache County,CO,0.00,0.00,0.00,0.00,63.46,36.54,2026-07-14,2026-07-20,2
20260707,08109,Saguache County,CO,0.00,0.00,0.00,0.00,100.00,0.00,2026-07-07,2026-07-13,2
20260630,08109,Saguache County,CO,0.00,0.00,0.00,0.00,100.00,0.00,2026-06-30,2026-07-06,2
20260623,08109,Saguache County,CO,0.00,0.00,0.00,0.79,99.21,0.00,2026-06-23,2026-06-29,2
20260616,08109,Saguache County,CO,0.00,0.00,0.00,1.28,98.72,0.00,2026-06-16,2026-06-22,2
20260609,08109,Saguache County,CO,0.00,0.00,0.00,20.87,79.13,0.00,2026-06-09,2026-06-15,2
20260602,08109,Saguache County,CO,0.00,0.00,0.00,20.87,79.13,0.00,2026-06-02,2026-06-08,2
20260526,08109,Saguache County,CO,0.00,0.00,0.00,20.87,79.13,0.00,2026-05-26,2026-06-01,2
20260519,08109,Saguache County,CO,0.00,0.00,0.00,67.97,32.03,0.00,2026-05-19,2026-05-25,2
20260512,08109,Saguache County,CO,0.00,0.00,26.94,60.51,12.55,0.00,2026-05-12,2026-05-18,2
20260505,08109,Saguache County,CO,0.00,0.00,26.94,60.51,12.55,0.00,2026-05-05,2026-05-11,2
20260428,08109,Saguache County,CO,0.00,0.00,26.94,60.51,12.55,0.00,2026-04-28,2026-05-04,2
20260421,08109,Saguache County,CO,0.00,0.00,26.94,52.91,20.15,0.00,2026-04-21,2026-04-27,2
20260414,08109,Saguache County,CO,0.00,0.00,51.85,28.00,20.15,0.00,2026-04-14,2026-04-20,2
20260407,08109,Saguache County,CO,0.00,0.00,51.85,28.00,20.15,0.00,2026-04-07,2026-04-13,2
20260331,08109,Saguache County,CO,0.00,0.00,51.85,28.00,20.15,0.00,2026-03-31,2026-04-06,2
20260324,08109,Saguache County,CO,0.00,44.41,13.81,32.96,8.82,0.00,2026-03-24,2026-03-30,2
20260317,08109,Saguache County,CO,22.38,28.45,40.35,8.82,0.00,0.00,2026-03-17,2026-03-23,2
20260310,08109,Saguache County,CO,29.84,47.47,22.69,0.00,0.00,0.00,2026-03-10,2026-03-16,2
20260303,08109,Saguache County,CO,29.84,47.47,22.69,0.00,0.00,0.00,2026-03-03,2026-03-09,2
20260224,08109,Saguache County,CO,29.94,47.37,22.69,0.00,0.00,0.00,2026-02-24,2026-03-02,2
20260217,08109,Saguache County,CO,29.95,47.36,22.69,0.00,0.00,0.00,2026-02-17,2026-02-23,2
20260210,08109,Saguache County,CO,29.95,47.36,22.69,0.00,0.00,0.00,2026-02-10,2026-02-16,2
20260203,08109,Saguache County,CO,37.26,55.59,7.15,0.00,0.00,0.00,2026-02-03,2026-02-09,2
20260127,08109,Saguache County,CO,37.26,55.59,7.15,0.00,0.00,0.00,2026-01-27,2026-02-02,2
20260120,08109,Saguache County,CO,37.62,55.28,7.11,0.00,0.00,0.00,2026-01-20,2026-01-26,2
20260113,08109,Saguache County,CO,37.62,55.28,7.11,0.00,0.00,0.00,2026-01-13,2026-01-19,2
20260106,08109,Saguache County,CO,37.02,55.88,7.11,0.00,0.00,0.00,2026-01-06,2026-01-12,2
20251230,08109,Saguache County,CO,37.02,61.92,1.06,0.00,0.00,0.00,2025-12-30,2026-01-05,2
20251223,08109,Saguache County,CO,66.85,32.08,1.06,0.00,0.00,0.00,2025-12-23,2025-12-29,2
20251216,08109,Saguache County,CO,66.85,32.08,1.06,0.00,0.00,0.00,2025-12-16,2025-12-22,2
20251209,08109,Saguache County,CO,66.85,32.08,1.06,0.00,0.00,0.00,2025-12-09,2025-12-15,2
20251202,08109,Saguache County,CO,66.85,32.08,1.06,0.00,0.00,0.00,2025-12-02,2025-12-08,2
20251125,08109,Saguache County,CO,66.85,32.08,1.06,0.00,0.00,0.00,2025-11-25,2025-12-01,2
20251118,08109,Saguache County,CO,33.92,62.71,3.37,0.00,0.00,0.00,2025-11-18,2025-11-24,2
20251111,08109,Saguache County,CO,33.92,62.71,3.37,0.00,0.00,0.00,2025-11-11,2025-11-17,2
20251104,08109,Saguache County,CO,33.83,62.74,3.43,0.00,0.00,0.00,2025-11-04,2025-11-10,2
20251028,08109,Saguache County,CO,33.60,62.97,3.43,0.00,0.00,0.00,2025-10-28,2025-11-03,2
20251021,08109,Saguache County,CO,33.67,62.91,3.42,0.00,0.00,0.00,2025-10-21,2025-10-27,2
20251014,08109,Saguache County,CO,23.45,62.05,14.50,0.00,0.00,0.00,2025-10-14,2025-10-20,2
20251007,08109,Saguache County,CO,14.39,31.14,52.09,2.38,0.00,0.00,2025-10-07,2025-10-13,2
20250930,08109,Saguache County,CO,14.39,31.14,52.09,2.38,0.00,0.00,2025-09-30,2025-10-06,2
20261006,08111,San Juan County,CO,0.00,34.86,62.38,2.76,0.00,0.00,2026-10-06,2026-10-12,2
20260929,08111,San Juan County,CO,0.00,34.86,62.38,2.76,0.00,0.00,2026-09-29,2026-10-05,2
20260922,08111,San Juan County,CO,0.00,0.00,79.65,20.35,0.00,0.00,2026-09-22,2026-09-28,2
20260915,08111,San Juan County,CO,0.00,0.00,43.09,56.84,0.07,0.00,2026-09-15,2026-09-21,2
20260908,08111,San Juan County,CO,0.00,0.00,32.00,62.36,5.64,0.00,2026-09-08,2026-09-14,2
20260901,08111,San Juan County,CO,0.00,0.00,32.00,62.36,5.64,0.00,2026-09-01,2026-09-07,2
20260825,08111,San Juan County,CO,0.00,0.00,0.00,45.61,54.39,0.00,2026-08-25,2026-08-31,2
20260818,08111,San Juan County,CO,0.00,0.00,0.00,45.61,54.39,0.00,2026-08-18,2026-08-24,2
20260811,08111,San Juan County,CO,0.00,0.00,0.00,45.61,54.39,0.00,2026-08-11,2026-08-17,2
20260804,08111,San Juan County,CO,0.00,0.00,0.00,45.61,54.39,0.00,2026-08-04,2026-08-10,2
20260728,08111,San Juan County,CO,0.00,0.00,0.00,45.61,54.39,0.00,2026-07-28,2026-08-03,2
20260721,08111,San Juan County,CO,0.00,0.00,0.00,45.61,54.39,0.00,2026-07-21,2026-07-27,2
20260714,08111,San Juan County,CO,0.00,0.00,0.00,0.00,100.00,0.00,2026-07-14,2026-07-20,2
20260707,08111,San Juan County,CO,0.00,0.00,0.00,0.00,100.00,0.00,2026-07-07,2026-07-13,2
20260630,08111,San Juan County,CO,0.00,0.00,0.00,0.00,100.00,0.00,2026-06-30,2026-07-06,2
20260623,08111,San Juan County,CO,0.00,0.00,0.00,0.00,100.00,0.00,2026-06-23,2026-06-29,2
20260616,08111,San Juan County,CO,0.00,0.00,0.00,0.00,100.00,0.00,2026-06-16,2026-06-22,2
20260609,08111,San Juan County,CO,0.00,0.00,0.00,0.00,100.00,0.00,2026-06-09,2026-06-15,2
20260602,08111,San Juan County,CO,0.00,0.00,0.00,0.00,100.00,0.00,2026-06-02,2026-06-08,2
20260526,08111,San Juan County,CO,0.00,0.00,0.00,0.00,100.00,0.00,2026-05-26,2026-06-01,2
20260519,08111,San Juan County,CO,0.00,0.00,0.00,0.00,100.00,0.00,2026-05-19,2026-05-25,2
20260512,08111,San Juan County,CO,0.00,0.00,0.00,0.00,100.00,0.00,2026-05-12,2026-05-18,2
20260505,08111,San Juan County,CO,0.00,0.00,0.00,0.00,100.00,0.00,2026-05-05,2026-05-11,2
20260428,08111,San Juan County,CO,0.00,0.00,0.00,0.00,100.00,0.00,2026-04-28,2026-05-04,2
20260421,08111,San Juan County,CO,0.00,0.00,0.00,0.00,9.56,90.44,2026-04-21,2026-04-27,2
20260414,08111,San Juan County,CO,0.00,0.00,0.00,0.00,9.56,90.44,2026-04-14,2026-04-20,2
20260407,08111,San Juan County,CO,0.00,0.00,0.00,0.00,9.56,90.44,2026-04-07,2026-04-13,2
20260331,08111,San Juan County,CO,0.00,0.00,0.00,0.00,9.56,90.44,2026-03-31,2026-04-06,2
20260324,08111,San Juan County,CO,0.00,0.00,0.00,7.02,92.98,0.00,2026-03-24,2026-03-30,2
20260317,08111,San Juan County,CO,0.00,0.00,7.02,92.98,0.00,0.00,2026-03-17,2026-03-23,2
20260310,08111,San Juan County,CO,0.00,0.00,7.02,92.98,0.00,0.00,2026-03-10,2026-03-16,2
20260303,08111,San Juan County,CO,0.00,0.00,7.02,92.98,0.00,0.00,2026-03-03,2026-03-09,2
20260224,08111,San Juan County,CO,0.00,0.00,7.02,92.98,0.00,0.00,2026-02-24,2026-03-02,2
20260217,08111,San Juan County,CO,0.00,0.00,6.90,93.10,0.00,0.00,2026-02-17,2026-02-23,2
20260210,08111,San Juan County,CO,0.00,0.00,6.90,93.10,0.00,0.00,2026-02-10,2026-02-16,2
20260203,08111,San Juan County,CO,0.00,0.00,100.00,0.00,0.00,0.00,2026-02-03,2026-02-09,2
20260127,08111,San Juan County,CO,0.00,0.00,100.00,0.00,0.00,0.00,2026-01-27,2026-02-02,2
20260120,08111,San Juan County,CO,0.00,0.00,100.00,0.00,0.00,0.00,2026-01-20,2026-01-26,2
20260113,08111,San Juan County,CO,0.00,99.61,0.39,0.00,0.00,0.00,2026-01-13,2026-01-19,2
20260106,08111,San Juan County,CO,0.00,99.61,0.39,0.00,0.00,0.00,2026-01-06,2026-01-12,2
20251230,08111,San Juan County,CO,0.00,99.61,0.39,0.00,0.00,0.00,2025-12-30,2026-01-05,2
20251223,08111,San Juan County,CO,0.00,99.61,0.39,0.00,0.00,0.00,2025-12-23,2025-12-29,2
20251216,08111,San Juan County,CO,96.21,3.41,0.38,0.00,0.00,0.00,2025-12-16,2025-12-22,2
20251209,08111,San Juan County,CO,96.21,3.41,0.38,0.00,0.00,0.00,2025-12-09,2025-12-15,2
20251202,08111,San Juan County,CO,96.21,3.41,0.38,0.00,0.00,0.00,2025-12-02,2025-12-08,2
20251125,08111,San Juan County,CO,96.21,3.41,0.38,0.00,0.00,0.00,2025-11-25,2025-12-01,2
20251118,08111,San Juan County,CO,96.21,3.41,0.38,0.00,0.00,0.00,2025-11-18,2025-11-24,2
20251111,08111,San Juan County,CO,96.21,3.41,0.38,0.00,0.00,0.00,2025-11-11,2025-11-17,2
20251104,08111,San Juan County,CO,96.11,3.49,0.40,0.00,0.00,0.00,2025-11-04,2025-11-10,2
20251028,08111,San Juan County,CO,96.09,3.51,0.40,0.00,0.00,0.00,2025-10-28,2025-11-03,2
20251021,08111,San Juan County,CO,96.20,3.37,0.42,0.00,0.00,0.00,2025-10-21,2025-10-27,2
20251014,08111,San Juan County,CO,76.40,20.80,2.81,0.00,0.00,0.00,2025-10-14,2025-10-20,2
20251007,08111,San Juan County,CO,0.00,0.00,77.66,22.34,0.00,0.00,2025-10-07,2025-10-13,2
20250930,08111,San Juan County,CO,0.00,0.00,0.00,100.00,0.00,0.00,2025-09-30,2025-10-06,2
20261006,08113,San Miguel County,CO,0.00,0.04,61.75,38.21,0.00,0.00,2026-10-06,2026-10-12,2
20260929,08113,San Miguel County,CO,0.00,0.04,61.75,38.21,0.00,0.00,2026-09-29,2026-10-05,2
20260922,08113,San Miguel County,CO,0.00,0.00,61.79,38.21,0.00,0.00,2026-09-22,2026-09-28,2
20260915,08113,San Miguel County,CO,0.00,0.00,60.30,39.70,0.00,0.00,2026-09-15,2026-09-21,2
20260908,08113,San Miguel County,CO,0.00,0.00,35.46,64.54,0.00,0.00,2026-09-08,2026-09-14,2
20260901,08113,San Miguel County,CO,0.00,0.00,35.46,64.54,0.00,0.00,2026-09-01,2026-09-07,2
20260825,08113,San Miguel County,CO,0.00,0.00,35.46,64.26,0.28,0.00,2026-08-25,2026-08-31,2
20260818,08113,San Miguel County,CO,0.00,0.00,35.46,64.26,0.28,0.00,2026-08-18,2026-08-24,2
20260811,08113,San Miguel County,CO,0.00,0.00,0.00,99.72,0.28,0.00,2026-08-11,2026-08-17,2
20260804,08113,San Miguel County,CO,0.00,0.00,0.00,99.72,0.28,0.00,2026-08-04,2026-08-10,2
20260728,08113,San Miguel County,CO,0.00,0.00,0.00,99.72,0.28,0.00,2026-07-28,2026-08-03,2
20260721,08113,San Miguel County,CO,0.00,0.00,0.00,99.72,0.28,0.00,2026-07-21,2026-07-27,2
20260714,08113,San Miguel County,CO,0.00,0.00,0.00,93.46,6.54,0.00,2026-07-14,2026-07-20,2
20260707,08113,San Miguel County,CO,0.00,0.00,0.00,93.46,6.54,0.00,2026-07-07,2026-07-13,2
20260630,08113,San Miguel County,CO,0.00,0.00,0.00,93.46,6.54,0.00,2026-06-30,2026-07-06,2
20260623,08113,San Miguel County,CO,0.00,0.00,0.00,93.46,6.54,0.00,2026-06-23,2026-06-29,2
20260616,08113,San Miguel County,CO,0.00,0.00,0.00,93.76,6.24,0.00,2026-06-16,2026-06-22,2
20260609,08113,San Miguel County,CO,0.00,0.00,0.00,93.76,6.24,0.00,2026-06-09,2026-06-15,2
20260602,08113,San Miguel County,CO,0.00,0.00,0.00,93.76,6.24,0.00,2026-06-02,2026-06-08,2
20260526,08113,San Miguel County,CO,0.00,0.00,1.02,92.74,6.24,0.00,2026-05-26,2026-06-01,2
20260519,08113,San Miguel County,CO,0.00,0.00,1.02,83.15,15.83,0.00,2026-05-19,2026-05-25,2
20260512,08113,San Miguel County,CO,0.00,0.00,1.02,83.15,15.83,0.00,2026-05-12,2026-05-18,2
20260505,08113,San Miguel County,CO,0.00,0.00,1.02,83.15,15.83,0.00,2026-05-05,2026-05-11,2
20260428,08113,San Miguel County,CO,0.00,0.00,1.02,83.15,15.83,0.00,2026-04-28,2026-05-04,2
20260421,08113,San Miguel County,CO,0.00,0.00,1.02,19.10,79.27,0.61,2026-04-21,2026-04-27,2
20260414,08113,San Miguel County,CO,0.00,0.00,1.02,19.10,79.27,0.61,2026-04-14,2026-04-20,2
20260407,08113,San Miguel County,CO,0.00,0.00,1.02,19.10,79.27,0.61,2026-04-07,2026-04-13,2
20260331,08113,San Miguel County,CO,0.00,0.00,1.02,19.10,79.27,0.61,2026-03-31,2026-04-06,2
20260324,08113,San Miguel County,CO,0.00,0.00,1.02,98.19,0.79,0.00,2026-03-24,2026-03-30,2
20260317,08113,San Miguel County,CO,0.00,0.00,99.21,0.79,0.00,0.00,2026-03-17,2026-03-23,2
20260310,08113,San Miguel County,CO,0.00,0.00,99.21,0.79,0.00,0.00,2026-03-10,2026-03-16,2
20260303,08113,San Miguel County,CO,0.00,73.92,25.29,0.79,0.00,0.00,2026-03-03,2026-03-09,2
20260224,08113,San Miguel County,CO,0.00,73.92,25.29,0.79,0.00,0.00,2026-02-24,2026-03-02,2
20260217,08113,San Miguel County,CO,0.00,73.92,25.29,0.79,0.00,0.00,2026-02-17,2026-02-23,2
20260210,08113,San Miguel County,CO,0.00,73.92,25.29,0.79,0.00,0.00,2026-02-10,2026-02-16,2
20260203,08113,San Miguel County,CO,0.00,73.92,26.08,0.00,0.00,0.00,2026-02-03,2026-02-09,2
20260127,08113,San Miguel County,CO,0.00,73.92,26.08,0.00,0.00,0.00,2026-01-27,2026-02-02,2
20260120,08113,San Miguel County,CO,0.00,73.96,26.04,0.00,0.00,0.00,2026-01-20,2026-01-26,2
20260113,08113,San Miguel County,CO,0.00,96.63,3.37,0.00,0.00,0.00,2026-01-13,2026-01-19,2
20260106,08113,San Miguel County,CO,0.00,96.63,3.37,0.00,0.00,0.00,2026-01-06,2026-01-12,2
20251230,08113,San Miguel County,CO,0.00,96.63,3.37,0.00,0.00,0.00,2025-12-30,2026-01-05,2
20251223,08113,San Miguel County,CO,0.00,96.63,3.37,0.00,0.00,0.00,2025-12-23,2025-12-29,2
20251216,08113,San Miguel County,CO,6.80,89.83,3.38,0.00,0.00,0.00,2025-12-16,2025-12-22,2
20251209,08113,San Miguel County,CO,6.80,89.83,3.38,0.00,0.00,0.00,2025-12-09,2025-12-15,2
20251202,08113,San Miguel County,CO,6.80,89.83,3.38,0.00,0.00,0.00,2025-12-02,2025-12-08,2
20251125,08113,San Miguel County,CO,6.80,89.83,3.38,0.00,0.00,0.00,2025-11-25,2025-12-01,2
20251118,08113,San Miguel County,CO,6.80,89.83,3.38,0.00,0.00,0.00,2025-11-18,2025-11-24,2
20251111,08113,San Miguel County,CO,6.80,89.83,3.38,0.00,0.00,0.00,2025-11-11,2025-11-17,2
20251104,08113,San Miguel County,CO,6.69,90.29,3.02,0.00,0.00,0.00,2025-11-04,2025-11-10,2
20251028,08113,San Miguel County,CO,6.74,90.24,3.02,0.00,0.00,0.00,2025-10-28,2025-11-03,2
20251021,08113,San Miguel County,CO,6.89,89.98,3.13,0.00,0.00,0.00,2025-10-21,2025-10-27,2
20251014,08113,San Miguel County,CO,0.23,6.32,93.46,0.00,0.00,0.00,2025-10-14,2025-10-20,2
20251007,08113,San Miguel County,CO,0.00,0.00,0.28,99.72,0.00,0.00,2025-10-07,2025-10-13,2
20250930,08113,San Miguel County,CO,0.00,0.00,0.00,100.00,0.00,0.00,2025-09-30,2025-10-06,2
20261006,08115,Sedgwick County,CO,5.86,33.40,52.01,8.74,0.00,0.00,2026-10-06,2026-10-12,2
20260929,08115,Sedgwick County,CO,6.43,35.57,49.26,8.74,0.00,0.00,2026-09-29,2026-10-05,2
20260922,08115,Sedgwick County,CO,0.00,42.00,49.26,8.74,0.00,0.00,2026-09-22,2026-09-28,2
20260915,08115,Sedgwick County,CO,0.00,11.64,79.62,8.74,0.00,0.00,2026-09-15,2026-09-21,2
20260908,08115,Sedgwick County,CO,0.00,11.64,79.69,8.67,0.00,0.00,2026-09-08,2026-09-14,2
20260901,08115,Sedgwick County,CO,0.00,0.00,84.34,15.66,0.00,0.00,2026-09-01,2026-09-07,2
20260825,08115,Sedgwick County,CO,0.00,0.00,84.34,15.66,0.00,0.00,2026-08-25,2026-08-31,2
20260818,08115,Sedgwick County,CO,0.00,0.00,84.34,15.66,0.00,0.00,2026-08-18,2026-08-24,2
20260811,08115,Sedgwick County,CO,0.00,0.00,0.00,100.00,0.00,0.00,2026-08-11,2026-08-17,2
20260804,08115,Sedgwick County,CO,0.00,0.00,10.22,89.78,0.00,0.00,2026-08-04,2026-08-10,2
20260728,08115,Sedgwick County,CO,0.00,0.00,59.03,40.97,0.00,0.00,2026-07-28,2026-08-03,2
20260721,08115,Sedgwick County,CO,0.00,0.00,59.03,40.97,0.00,0.00,2026-07-21,2026-07-27,2
20260714,08115,Sedgwick County,CO,0.00,0.00,59.03,40.97,0.00,0.00,2026-07-14,2026-07-20,2
20260707,08115,Sedgwick County,CO,0.00,0.00,59.03,40.97,0.00,0.00,2026-07-07,2026-07-13,2
20260630,08115,Sedgwick County,CO,0.00,0.00,0.00,82.06,17.94,0.00,2026-06-30,2026-07-06,2
20260623,08115,Sedgwick County,CO,0.00,0.00,0.00,8.28,91.72,0.00,2026-06-23,2026-06-29,2
20260616,08115,Sedgwick County,CO,0.00,0.00,0.00,8.28,91.72,0.00,2026-06-16,2026-06-22,2
20260609,08115,Sedgwick County,CO,0.00,0.00,0.00,8.28,91.72,0.00,2026-06-09,2026-06-15,2
20260602,08115,Sedgwick County,CO,0.00,0.00,0.00,8.28,91.72,0.00,2026-06-02,2026-06-08,2
20260526,08115,Sedgwick County,CO,0.00,0.00,0.00,8.28,91.72,0.00,2026-05-26,2026-06-01,2
20260519,08115,Sedgwick County,CO,0.00,0.00,0.00,0.00,100.00,0.00,2026-05-19,2026-05-25,2
20260512,08115,Sedgwick County,CO,0.00,0.00,0.00,0.00,100.00,0.00,2026-05-12,2026-05-18,2
20260505,08115,Sedgwick County,CO,0.00,0.00,0.00,0.00,100.00,0.00,2026-05-05,2026-05-11,2
20260428,08115,Sedgwick County,CO,0.00,0.00,0.00,0.00,100.00,0.00,2026-04-28,2026-05-04,2
20260421,08115,Sedgwick County,CO,0.00,0.00,0.00,0.00,100.00,0.00,2026-04-21,2026-04-27,2
20260414,08115,Sedgwick County,CO,0.00,0.00,0.00,0.00,100.00,0.00,2026-04-14,2026-04-20,2
20260407,08115,Sedgwick County,CO,0.00,0.00,0.00,0.19,99.81,0.00,2026-04-07,2026-04-13,2
20260331,08115,Sedgwick County,CO,0.00,0.00,0.00,0.19,99.81,0.00,2026-03-31,2026-04-06,2
20260324,08115,Sedgwick County,CO,0.00,0.00,0.00,99.42,0.58,0.00,2026-03-24,2026-03-30,2
20260317,08115,Sedgwick County,CO,0.00,0.00,0.00,100.00,0.00,0.00,2026-03-17,2026-03-23,2
20260310,08115,Sedgwick County,CO,0.00,0.00,0.00,100.00,0.00,0.00,2026-03-10,2026-03-16,2
20260303,08115,Sedgwick County,CO,0.00,0.00,0.00,100.00,0.00,0.00,2026-03-03,2026-03-09,2
20260224,08115,Sedgwick County,CO,0.00,0.00,0.00,100.00,0.00,0.00,2026-02-24,2026-03-02,2
20260217,08115,Sedgwick County,CO,0.00,0.00,0.00,100.00,0.00,0.00,2026-02-17,2026-02-23,2
20260210,08115,Sedgwick County,CO,0.00,0.00,40.51,59.49,0.00,0.00,2026-02-10,2026-02-16,2
20260203,08115,Sedgwick County,CO,0.00,0.00,82.88,17.12,0.00,0.00,2026-02-03,2026-02-09,2
20260127,08115,Sedgwick County,CO,0.00,0.00,82.88,17.12,0.00,0.00,2026-01-27,2026-02-02,2
20260120,08115,Sedgwick County,CO,0.00,0.00,82.88,17.12,0.00,0.00,2026-01-20,2026-01-26,2
20260113,08115,Sedgwick County,CO,0.00,0.00,100.00,0.00,0.00,0.00,2026-01-13,2026-01-19,2
20260106,08115,Sedgwick County,CO,0.00,0.00,100.00,0.00,0.00,0.00,2026-01-06,2026-01-12,2
20251230,08115,Sedgwick County,CO,0.00,100.00,0.00,0.00,0.00,0.00,2025-12-30,2026-01-05,2
20251223,08115,Sedgwick County,CO,38.66,61.34,0.00,0.00,0.00,0.00,2025-12-23,2025-12-29,2
20251216,08115,Sedgwick County,CO,66.20,33.80,0.00,0.00,0.00,0.00,2025-12-16,2025-12-22,2
20251209,08115,Sedgwick County,CO,66.20,33.80,0.00,0.00,0.00,0.00,2025-12-09,2025-12-15,2
20251202,08115,Sedgwick County,CO,66.20,33.80,0.00,0.00,0.00,0.00,2025-12-02,2025-12-08,2
20251125,08115,Sedgwick County,CO,66.20,33.80,0.00,0.00,0.00,0.00,2025-11-25,2025-12-01,2
20251118,08115,Sedgwick County,CO,75.42,24.58,0.00,0.00,0.00,0.00,2025-11-18,2025-11-24,2
20251111,08115,Sedgwick County,CO,75.42,24.58,0.00,0.00,0.00,0.00,2025-11-11,2025-11-17,2
20251104,08115,Sedgwick County,CO,100.00,0.00,0.00,0.00,0.00,0.00,2025-11-04,2025-11-10,2
20251028,08115,Sedgwick County,CO,100.00,0.00,0.00,0.00,0.00,0.00,2025-10-28,2025-11-03,2
20251021,08115,Sedgwick County,CO,100.00,0.00,0.00,0.00,0.00,0.00,2025-10-21,2025-10-27,2
20251014,08115,Sedgwick County,CO,100.00,0.00,0.00,0.00,0.00,0.00,2025-10-14,2025-10-20,2
20251007,08115,Sedgwick County,CO,100.00,0.00,0.00,0.00,0.00,0.00,2025-10-07,2025-10-13,2
20250930,08115,Sedgwick County,CO,100.00,0.00,0.00,0.00,0.00,0.00,2025-09-30,2025-10-06,2
20261006,08117,Summit County,CO,0.00,0.00,0.00,0.00,12.15,87.85,2026-10-06,2026-10-12,2
20260929,08117,Summit County,CO,0.00,0.00,0.00,0.00,12.15,87.85,2026-09-29,2026-10-05,2
20260922,08117,Summit County,CO,0.00,0.00,0.00,0.00,12.15,87.85,2026-09-22,2026-09-28,2
20260915,08117,Summit County,CO,0.00,0.00,0.00,0.00,12.15,87.85,2026-09-15,2026-09-21,2
20260908,08117,Summit County,CO,0.00,0.00,0.00,0.00,12.30,87.70,2026-09-08,2026-09-14,2
20260901,08117,Summit County,CO,0.00,0.00,0.00,0.00,12.30,87.70,2026-09-01,2026-09-07,2
20260825,08117,Summit County,CO,0.00,0.00,0.00,0.00,12.30,87.70,2026-08-25,2026-08-31,2
20260818,08117,Summit County,CO,0.00,0.00,0.00,0.00,12.30,87.70,2026-08-18,2026-08-24,2
20260811,08117,Summit County,CO,0.00,0.00,0.00,0.00,12.30,87.70,2026-08-11,2026-08-17,2
20260804,08117,Summit County,CO,0.00,0.00,0.00,0.00,12.30,87.70,2026-08-04,2026-08-10,2
20260728,08117,Summit County,CO,0.00,0.00,0.00,0.00,12.30,87.70,2026-07-28,2026-08-03,2
20260721,08117,Summit County,CO,0.00,0.00,0.00,0.00,12.30,87.70,2026-07-21,2026-07-27,2
20260714,08117,Summit County,CO,0.00,0.00,0.00,0.00,12.30,87.70,2026-07-14,2026-07-20,2
20260707,08117,Summit County,CO,0.00,0.00,0.00,0.00,12.30,87.70,2026-07-07,2026-07-13,2
20260630,08117,Summit County,CO,0.00,0.00,0.00,0.00,12.30,87.70,2026-06-30,2026-07-06,2
20260623,08117,Summit County,CO,0.00,0.00,0.00,0.00,12.30,87.70,2026-06-23,2026-06-29,2
20260616,08117,Summit County,CO,0.00,0.00,0.00,0.00,12.30,87.70,2026-06-16,2026-06-22,2
20260609,08117,Summit County,CO,0.00,0.00,0.00,0.00,12.30,87.70,2026-06-09,2026-06-15,2
20260602,08117,Summit County,CO,0.00,0.00,0.00,0.00,12.30,87.70,2026-06-02,2026-06-08,2
20260526,08117,Summit County,CO,0.00,0.00,0.00,0.00,0.00,100.00,2026-05-26,2026-06-01,2
20260519,08117,Summit County,CO,0.00,0.00,0.00,0.00,0.00,100.00,2026-05-19,2026-05-25,2
20260512,08117,Summit County,CO,0.00,0.00,0.00,0.00,0.00,100.00,2026-05-12,2026-05-18,2
20260505,08117,Summit County,CO,0.00,0.00,0.00,0.00,0.00,100.00,2026-05-05,2026-05-11,2
20260428,08117,Summit County,CO,0.00,0.00,0.00,0.00,0.00,100.00,2026-04-28,2026-05-04,2
20260421,08117,Summit County,CO,0.00,0.00,0.00,0.00,0.00,100.00,2026-04-21,2026-04-27,2
20260414,08117,Summit County,CO,0.00,0.00,0.00,0.00,0.00,100.00,2026-04-14,2026-04-20,2
20260407,08117,Summit County,CO,0.00,0.00,0.00,0.00,0.00,100.00,2026-04-07,2026-04-13,2
20260331,08117,Summit County,CO,0.00,0.00,0.00,0.00,0.00,100.00,2026-03-31,2026-04-06,2
20260324,08117,Summit County,CO,0.00,0.00,0.00,0.00,11.50,88.50,2026-03-24,2026-03-30,2
20260317,08117,Summit County,CO,0.00,0.00,0.00,0.55,84.62,14.83,2026-03-17,2026-03-23,2
20260310,08117,Summit County,CO,0.00,0.00,0.00,0.55,84.62,14.83,2026-03-10,2026-03-16,2
20260303,08117,Summit County,CO,0.00,0.00,0.00,0.55,84.62,14.83,2026-03-03,2026-03-09,2
20260224,08117,Summit County,CO,0.00,0.00,0.00,0.55,84.62,14.83,2026-02-24,2026-03-02,2
20260217,08117,Summit County,CO,0.00,0.00,0.00,0.55,84.62,14.83,2026-02-17,2026-02-23,2
20260210,08117,Summit County,CO,0.00,0.00,0.00,0.55,84.62,14.83,2026-02-10,2026-02-16,2
20260203,08117,Summit County,CO,0.00,0.00,0.00,0.55,84.62,14.83,2026-02-03,2026-02-09,2
20260127,08117,Summit County,CO,0.00,0.00,0.00,0.55,84.62,14.83,2026-01-27,2026-02-02,2
20260120,08117,Summit County,CO,0.00,0.00,0.00,0.55,84.62,14.83,2026-01-20,2026-01-26,2
20260113,08117,Summit County,CO,0.00,0.00,0.00,0.55,84.62,14.83,2026-01-13,2026-01-19,2
20260106,08117,Summit County,CO,0.00,0.00,0.00,0.56,84.62,14.82,2026-01-06,2026-01-12,2
20251230,08117,Summit County,CO,0.00,0.00,0.00,54.34,45.66,0.00,2025-12-30,2026-01-05,2
20251223,08117,Summit County,CO,0.00,0.00,0.00,81.66,18.34,0.00,2025-12-23,2025-12-29,2
20251216,08117,Summit County,CO,0.00,0.00,0.00,85.42,14.58,0.00,2025-12-16,2025-12-22,2
20251209,08117,Summit County,CO,0.00,0.00,0.00,85.42,14.58,0.00,2025-12-09,2025-12-15,2
20251202,08117,Summit County,CO,0.00,0.00,0.00,63.55,36.45,0.00,2025-12-02,2025-12-08,2
20251125,08117,Summit County,CO,0.00,0.00,0.00,99.96,0.04,0.00,2025-11-25,2025-12-01,2
20251118,08117,Summit County,CO,0.00,0.00,0.00,99.96,0.04,0.00,2025-11-18,2025-11-24,2
20251111,08117,Summit County,CO,0.00,0.00,0.00,99.96,0.04,0.00,2025-11-11,2025-11-17,2
20251104,08117,Summit County,CO,0.00,0.00,0.00,99.96,0.04,0.00,2025-11-04,2025-11-10,2
20251028,08117,Summit County,CO,0.00,0.00,0.00,99.96,0.04,0.00,2025-10-28,2025-11-03,2
20251021,08117,Summit County,CO,0.00,0.00,0.00,99.96,0.04,0.00,2025-10-21,2025-10-27,2
20251014,08117,Summit County,CO,0.00,0.00,0.00,99.96,0.04,0.00,2025-10-14,2025-10-20,2
20251007,08117,Summit County,CO,0.00,0.00,0.00,11.08,88.92,0.00,2025-10-07,2025-10-13,2
20250930,08117,Summit County,CO,0.00,0.00,0.00,11.08,88.92,0.00,2025-09-30,2025-10-06,2
20261006,08119,Teller County,CO,0.00,0.00,0.00,86.40,13.60,0.00,2026-10-06,2026-10-12,2
20260929,08119,Teller County,CO,0.00,0.00,0.00,86.40,13.60,0.00,2026-09-29,2026-10-05,2
20260922,08119,Teller County,CO,0.00,0.00,0.00,86.40,13.60,0.00,2026-09-22,2026-09-28,2
20260915,08119,Teller County,CO,0.00,0.00,0.00,86.40,13.60,0.00,2026-09-15,2026-09-21,2
20260908,08119,Teller County,CO,0.00,0.00,0.00,95.55,4.45,0.00,2026-09-08,2026-09-14,2
20260901,08119,Teller County,CO,0.00,0.00,0.00,95.55,4.45,0.00,2026-09-01,2026-09-07,2
20260825,08119,Teller County,CO,0.00,0.00,0.00,85.80,14.20,0.00,2026-08-25,2026-08-31,2
20260818,08119,Teller County,CO,0.00,0.00,0.00,57.39,42.61,0.00,2026-08-18,2026-08-24,2
20260811,08119,Teller County,CO,0.00,0.00,0.00,57.39,42.61,0.00,2026-08-11,2026-08-17,2
20260804,08119,Teller County,CO,0.00,0.00,0.00,57.39,42.61,0.00,2026-08-04,2026-08-10,2
20260728,08119,Teller County,CO,0.00,0.00,0.00,57.39,42.61,0.00,2026-07-28,2026-08-03,2
20260721,08119,Teller County,CO,0.00,0.00,0.00,57.39,42.61,0.00,2026-07-21,2026-07-27,2
20260714,08119,Teller County,CO,0.00,0.00,0.00,84.53,15.47,0.00,2026-07-14,2026-07-20,2
20260707,08119,Teller County,CO,0.00,0.00,0.00,100.00,0.00,0.00,2026-07-07,2026-07-13,2
20260630,08119,Teller County,CO,0.00,0.00,100.00,0.00,0.00,0.00,2026-06-30,2026-07-06,2
20260623,08119,Teller County,CO,0.00,0.00,100.00,0.00,0.00,0.00,2026-06-23,2026-06-29,2
20260616,08119,Teller County,CO,0.00,0.00,100.00,0.00,0.00,0.00,2026-06-16,2026-06-22,2
20260609,08119,Teller County,CO,0.00,0.00,100.00,0.00,0.00,0.00,2026-06-09,2026-06-15,2
20260602,08119,Teller County,CO,0.00,61.84,38.16,0.00,0.00,0.00,2026-06-02,2026-06-08,2
20260526,08119,Teller County,CO,0.00,61.84,38.16,0.00,0.00,0.00,2026-05-26,2026-06-01,2
20260519,08119,Teller County,CO,0.00,61.84,38.16,0.00,0.00,0.00,2026-05-19,2026-05-25,2
20260512,08119,Teller County,CO,0.00,61.84,38.16,0.00,0.00,0.00,2026-05-12,2026-05-18,2
20260505,08119,Teller County,CO,0.00,61.84,38.16,0.00,0.00,0.00,2026-05-05,2026-05-11,2
20260428,08119,Teller County,CO,0.00,0.00,78.98,21.02,0.00,0.00,2026-04-28,2026-05-04,2
20260421,08119,Teller County,CO,0.00,5.56,73.43,21.02,0.00,0.00,2026-04-21,2026-04-27,2
20260414,08119,Teller County,CO,0.00,5.86,93.62,0.52,0.00,0.00,2026-04-14,2026-04-20,2
20260407,08119,Teller County,CO,0.00,92.31,7.16,0.52,0.00,0.00,2026-04-07,2026-04-13,2
20260331,08119,Teller County,CO,0.00,92.31,7.16,0.52,0.00,0.00,2026-03-31,2026-04-06,2
20260324,08119,Teller County,CO,54.31,38.01,7.16,0.52,0.00,0.00,2026-03-24,2026-03-30,2
20260317,08119,Teller County,CO,54.79,37.52,7.16,0.52,0.00,0.00,2026-03-17,2026-03-23,2
20260310,08119,Teller County,CO,54.79,36.76,7.92,0.52,0.00,0.00,2026-03-10,2026-03-16,2
20260303,08119,Teller County,CO,54.79,36.76,7.92,0.52,0.00,0.00,2026-03-03,2026-03-09,2
20260224,08119,Teller County,CO,55.18,36.37,7.92,0.52,0.00,0.00,2026-02-24,2026-03-02,2
20260217,08119,Teller County,CO,54.94,36.61,8.22,0.22,0.00,0.00,2026-02-17,2026-02-23,2
20260210,08119,Teller County,CO,54.90,36.65,8.22,0.22,0.00,0.00,2026-02-10,2026-02-16,2
20260203,08119,Teller County,CO,54.90,36.65,8.22,0.22,0.00,0.00,2026-02-03,2026-02-09,2
20260127,08119,Teller County,CO,54.90,36.65,8.45,0.00,0.00,0.00,2026-01-27,2026-02-02,2
20260120,08119,Teller County,CO,57.00,34.62,8.38,0.00,0.00,0.00,2026-01-20,2026-01-26,2
20260113,08119,Teller County,CO,57.00,34.62,8.38,0.00,0.00,0.00,2026-01-13,2026-01-19,2
20260106,08119,Teller County,CO,52.61,39.01,8.38,0.00,0.00,0.00,2026-01-06,2026-01-12,2
20251230,08119,Teller County,CO,52.61,47.39,0.00,0.00,0.00,0.00,2025-12-30,2026-01-05,2
20251223,08119,Teller County,CO,52.61,47.39,0.00,0.00,0.00,0.00,2025-12-23,2025-12-29,2
20251216,08119,Teller County,CO,52.61,47.39,0.00,0.00,0.00,0.00,2025-12-16,2025-12-22,2
20251209,08119,Teller County,CO,52.61,47.39,0.00,0.00,0.00,0.00,2025-12-09,2025-12-15,2
20251202,08119,Teller County,CO,52.61,47.39,0.00,0.00,0.00,0.00,2025-12-02,2025-12-08,2
20251125,08119,Teller County,CO,98.69,1.31,0.00,0.00,0.00,0.00,2025-11-25,2025-12-01,2
20251118,08119,Teller County,CO,98.69,1.31,0.00,0.00,0.00,0.00,2025-11-18,2025-11-24,2
20251111,08119,Teller County,CO,98.69,1.31,0.00,0.00,0.00,0.00,2025-11-11,2025-11-17,2
20251104,08119,Teller County,CO,98.61,1.39,0.00,0.00,0.00,0.00,2025-11-04,2025-11-10,2
20251028,08119,Teller County,CO,100.00,0.00,0.00,0.00,0.00,0.00,2025-10-28,2025-11-03,2
20251021,08119,Teller County,CO,100.00,0.00,0.00,0.00,0.00,0.00,2025-10-21,2025-10-27,2
20251014,08119,Teller County,CO,100.00,0.00,0.00,0.00,0.00,0.00,2025-10-14,2025-10-20,2
20251007,08119,Teller County,CO,100.00,0.00,0.00,0.00,0.00,0.00,2025-10-07,2025-10-13,2
20250930,08119,Teller County,CO,100.00,0.00,0.00,0.00,0.00,0.00,2025-09-30,2025-10-06,2
20261006,08121,Washington County,CO,73.78,17.41,8.81,0.00,0.00,0.00,2026-10-06,2026-10-12,2
20260929,08121,Washington County,CO,78.12,21.14,0.74,0.00,0.00,0.00,2026-09-29,2026-10-05,2
20260922,08121,Washington County,CO,91.04,8.96,0.00,0.00,0.00,0.00,2026-09-22,2026-09-28,2
20260915,08121,Washington County,CO,97.61,2.39,0.00,0.00,0.00,0.00,2026-09-15,2026-09-21,2
20260908,08121,Washington County,CO,97.61,2.39,0.00,0.00,0.00,0.00,2026-09-08,2026-09-14,2
20260901,08121,Washington County,CO,97.61,2.39,0.00,0.00,0.00,0.00,2026-09-01,2026-09-07,2
20260825,08121,Washington County,CO,76.79,23.17,0.04,0.00,0.00,0.00,2026-08-25,2026-08-31,2
20260818,08121,Washington County,CO,72.32,27.63,0.04,0.00,0.00,0.00,2026-08-18,2026-08-24,2
20260811,08121,Washington County,CO,3.60,93.54,2.87,0.00,0.00,0.00,2026-08-11,2026-08-17,2
20260804,08121,Washington County,CO,49.35,49.98,0.67,0.00,0.00,0.00,2026-08-04,2026-08-10,2
20260728,08121,Washington County,CO,51.37,47.97,0.67,0.00,0.00,0.00,2026-07-28,2026-08-03,2
20260721,08121,Washington County,CO,51.37,47.97,0.67,0.00,0.00,0.00,2026-07-21,2026-07-27,2
20260714,08121,Washington County,CO,51.37,47.97,0.67,0.00,0.00,0.00,2026-07-14,2026-07-20,2
20260707,08121,Washington County,CO,15.90,71.93,12.17,0.00,0.00,0.00,2026-07-07,2026-07-13,2
20260630,08121,Washington County,CO,0.00,40.07,59.93,0.00,0.00,0.00,2026-06-30,2026-07-06,2
20260623,08121,Washington County,CO,0.00,6.98,46.47,46.55,0.00,0.00,2026-06-23,2026-06-29,2
20260616,08121,Washington County,CO,0.00,0.64,52.81,46.55,0.00,0.00,2026-06-16,2026-06-22,2
20260609,08121,Washington County,CO,0.00,0.64,58.14,41.22,0.00,0.00,2026-06-09,2026-06-15,2
20260602,08121,Washington County,CO,0.00,0.65,58.12,41.22,0.00,0.00,2026-06-02,2026-06-08,2
20260526,08121,Washington County,CO,0.00,0.65,57.96,41.39,0.00,0.00,2026-05-26,2026-06-01,2
20260519,08121,Washington County,CO,0.00,0.00,6.12,92.12,1.76,0.00,2026-05-19,2026-05-25,2
20260512,08121,Washington County,CO,0.00,0.00,5.49,92.75,1.76,0.00,2026-05-12,2026-05-18,2
20260505,08121,Washington County,CO,0.00,0.00,0.00,50.18,49.82,0.00,2026-05-05,2026-05-11,2
20260428,08121,Washington County,CO,0.00,0.00,0.00,50.18,49.82,0.00,2026-04-28,2026-05-04,2
20260421,08121,Washington County,CO,0.00,0.00,0.00,55.38,44.62,0.00,2026-04-21,2026-04-27,2
20260414,08121,Washington County,CO,0.00,0.00,0.00,86.56,13.44,0.00,2026-04-14,2026-04-20,2
20260407,08121,Washington County,CO,0.00,0.00,88.55,11.45,0.00,0.00,2026-04-07,2026-04-13,2
20260331,08121,Washington County,CO,0.00,0.00,88.55,11.45,0.00,0.00,2026-03-31,2026-04-06,2
20260324,08121,Washington County,CO,0.00,42.89,57.11,0.00,0.00,0.00,2026-03-24,2026-03-30,2
20260317,08121,Washington County,CO,0.00,42.89,57.11,0.00,0.00,0.00,2026-03-17,2026-03-23,2
20260310,08121,Washington County,CO,0.00,42.47,57.53,0.00,0.00,0.00,2026-03-10,2026-03-16,2
20260303,08121,Washington County,CO,0.00,42.47,57.53,0.00,0.00,0.00,2026-03-03,2026-03-09,2
20260224,08121,Washington County,CO,0.05,42.42,57.53,0.00,0.00,0.00,2026-02-24,2026-03-02,2
20260217,08121,Washington County,CO,4.79,37.68,57.53,0.00,0.00,0.00,2026-02-17,2026-02-23,2
20260210,08121,Washington County,CO,4.78,37.68,57.53,0.00,0.00,0.00,2026-02-10,2026-02-16,2
20260203,08121,Washington County,CO,4.78,37.68,57.53,0.00,0.00,0.00,2026-02-03,2026-02-09,2
20260127,08121,Washington County,CO,42.47,24.55,32.98,0.00,0.00,0.00,2026-01-27,2026-02-02,2
20260120,08121,Washington County,CO,41.69,25.42,32.89,0.00,0.00,0.00,2026-01-20,2026-01-26,2
20260113,08121,Washington County,CO,41.69,31.69,26.62,0.00,0.00,0.00,2026-01-13,2026-01-19,2
20260106,08121,Washington County,CO,64.65,34.80,0.55,0.00,0.00,0.00,2026-01-06,2026-01-12,2
20251230,08121,Washington County,CO,64.67,35.33,0.00,0.00,0.00,0.00,2025-12-30,2026-01-05,2
20251223,08121,Washington County,CO,100.00,0.00,0.00,0.00,0.00,0.00,2025-12-23,2025-12-29,2
20251216,08121,Washington County,CO,100.00,0.00,0.00,0.00,0.00,0.00,2025-12-16,2025-12-22,2
20251209,08121,Washington County,CO,100.00,0.00,0.00,0.00,0.00,0.00,2025-12-09,2025-12-15,2
20251202,08121,Washington County,CO,100.00,0.00,0.00,0.00,0.00,0.00,2025-12-02,2025-12-08,2
20251125,08121,Washington County,CO,100.00,0.00,0.00,0.00,0.00,0.00,2025-11-25,2025-12-01,2
20251118,08121,Washington County,CO,100.00,0.00,0.00,0.00,0.00,0.00,2025-11-18,2025-11-24,2
20251111,08121,Washington County,CO,100.00,0.00,0.00,0.00,0.00,0.00,2025-11-11,2025-11-17,2
20251104,08121,Washington County,CO,100.00,0.00,0.00,0.00,0.00,0.00,2025-11-04,2025-11-10,2
20251028,08121,Washington County,CO,100.00,0.00,0.00,0.00,0.00,0.00,2025-10-28,2025-11-03,2
20251021,08121,Washington County,CO,100.00,0.00,0.00,0.00,0.00,0.00,2025-10-21,2025-10-27,2
20251014,08121,Washington County,CO,100.00,0.00,0.00,0.00,0.00,0.00,2025-10-14,2025-10-20,2
20251007,08121,Washington County,CO,100.00,0.00,0.00,0.00,0.00,0.00,2025-10-07,2025-10-13,2
20250930,08121,Washington County,CO,100.00,0.00,0.00,0.00,0.00,0.00,2025-09-30,2025-10-06,2
20261006,08123,Weld County,CO,0.00,16.22,32.74,27.63,16.38,7.04,2026-10-06,2026-10-12,2
20260929,08123,Weld County,CO,0.00,19.80,28.09,32.66,17.79,1.65,2026-09-29,2026-10-05,2
20260922,08123,Weld County,CO,0.00,19.80,28.09,32.39,18.06,1.65,2026-09-22,2026-09-28,2
20260915,08123,Weld County,CO,0.00,8.54,38.96,32.63,19.88,0.00,2026-09-15,2026-09-21,2
20260908,08123,Weld County,CO,0.00,8.54,38.88,32.62,19.96,0.00,2026-09-08,2026-09-14,2
20260901,08123,Weld County,CO,0.00,6.33,41.09,32.58,20.00,0.00,2026-09-01,2026-09-07,2
20260825,08123,Weld County,CO,0.00,0.00,7.21,72.79,20.00,0.00,2026-08-25,2026-08-31,2
20260818,08123,Weld County,CO,0.00,0.00,7.21,13.00,79.78,0.00,2026-08-18,2026-08-24,2
20260811,08123,Weld County,CO,0.00,0.00,0.00,20.22,79.78,0.00,2026-08-11,2026-08-17,2
20260804,08123,Weld County,CO,0.00,0.00,2.84,17.38,79.78,0.00,2026-08-04,2026-08-10,2
20260728,08123,Weld County,CO,0.00,0.00,4.43,23.29,72.28,0.00,2026-07-28,2026-08-03,2
20260721,08123,Weld County,CO,0.00,0.00,4.43,23.29,72.28,0.00,2026-07-21,2026-07-27,2
20260714,08123,Weld County,CO,0.00,0.00,5.37,36.00,58.63,0.00,2026-07-14,2026-07-20,2
20260707,08123,Weld County,CO,0.00,0.00,4.43,36.95,58.63,0.00,2026-07-07,2026-07-13,2
20260630,08123,Weld County,CO,0.00,0.00,3.16,49.45,47.39,0.00,2026-06-30,2026-07-06,2
20260623,08123,Weld County,CO,0.00,0.00,0.00,42.36,57.64,0.00,2026-06-23,2026-06-29,2
20260616,08123,Weld County,CO,0.00,0.00,10.05,50.62,39.33,0.00,2026-06-16,2026-06-22,2
20260609,08123,Weld County,CO,0.00,0.00,10.05,50.62,39.33,0.00,2026-06-09,2026-06-15,2
20260602,08123,Weld County,CO,0.00,0.00,10.05,87.97,1.98,0.00,2026-06-02,2026-06-08,2
20260526,08123,Weld County,CO,0.00,0.00,10.05,87.97,1.98,0.00,2026-05-26,2026-06-01,2
20260519,08123,Weld County,CO,0.00,0.00,10.05,87.97,1.98,0.00,2026-05-19,2026-05-25,2
20260512,08123,Weld County,CO,0.00,0.00,0.00,97.97,2.03,0.00,2026-05-12,2026-05-18,2
20260505,08123,Weld County,CO,0.00,0.00,0.00,20.85,79.15,0.00,2026-05-05,2026-05-11,2
20260428,08123,Weld County,CO,0.00,0.00,0.00,20.85,79.15,0.00,2026-04-28,2026-05-04,2
20260421,08123,Weld County,CO,0.00,0.00,0.00,22.31,77.69,0.00,2026-04-21,2026-04-27,2
20260414,08123,Weld County,CO,0.00,0.00,0.00,30.02,69.98,0.00,2026-04-14,2026-04-20,2
20260407,08123,Weld County,CO,0.00,0.00,19.19,42.77,38.04,0.00,2026-04-07,2026-04-13,2
20260331,08123,Weld County,CO,0.00,0.00,19.19,47.38,33.43,0.00,2026-03-31,2026-04-06,2
20260324,08123,Weld County,CO,0.00,6.74,29.63,63.63,0.00,0.00,2026-03-24,2026-03-30,2
20260317,08123,Weld County,CO,0.00,6.74,29.63,63.63,0.00,0.00,2026-03-17,2026-03-23,2
20260310,08123,Weld County,CO,0.00,6.66,29.71,63.63,0.00,0.00,2026-03-10,2026-03-16,2
20260303,08123,Weld County,CO,0.00,6.66,29.71,62.96,0.67,0.00,2026-03-03,2026-03-09,2
20260224,08123,Weld County,CO,0.00,6.66,48.53,44.81,0.00,0.00,2026-02-24,2026-03-02,2
20260217,08123,Weld County,CO,0.00,8.08,64.31,27.61,0.00,0.00,2026-02-17,2026-02-23,2
20260210,08123,Weld County,CO,0.00,8.08,66.95,24.97,0.00,0.00,2026-02-10,2026-02-16,2
20260203,08123,Weld County,CO,0.00,8.08,82.49,9.43,0.00,0.00,2026-02-03,2026-02-09,2
20260127,08123,Weld County,CO,0.00,8.35,91.65,0.00,0.00,0.00,2026-01-27,2026-02-02,2
20260120,08123,Weld County,CO,0.00,8.34,91.66,0.00,0.00,0.00,2026-01-20,2026-01-26,2
20260113,08123,Weld County,CO,0.00,8.34,91.66,0.00,0.00,0.00,2026-01-13,2026-01-19,2
20260106,08123,Weld County,CO,0.00,21.35,78.65,0.00,0.00,0.00,2026-01-06,2026-01-12,2
20251230,08123,Weld County,CO,0.25,70.33,29.43,0.00,0.00,0.00,2025-12-30,2026-01-05,2
20251223,08123,Weld County,CO,13.01,57.57,29.43,0.00,0.00,0.00,2025-12-23,2025-12-29,2
20251216,08123,Weld County,CO,22.81,47.77,29.43,0.00,0.00,0.00,2025-12-16,2025-12-22,2
20251209,08123,Weld County,CO,22.81,47.77,29.43,0.00,0.00,0.00,2025-12-09,2025-12-15,2
20251202,08123,Weld County,CO,22.81,47.77,29.43,0.00,0.00,0.00,2025-12-02,2025-12-08,2
20251125,08123,Weld County,CO,32.48,67.52,0.00,0.00,0.00,0.00,2025-11-25,2025-12-01,2
20251118,08123,Weld County,CO,32.48,67.52,0.00,0.00,0.00,0.00,2025-11-18,2025-11-24,2
20251111,08123,Weld County,CO,32.48,67.52,0.00,0.00,0.00,0.00,2025-11-11,2025-11-17,2
20251104,08123,Weld County,CO,99.60,0.40,0.00,0.00,0.00,0.00,2025-11-04,2025-11-10,2
20251028,08123,Weld County,CO,99.60,0.40,0.00,0.00,0.00,0.00,2025-10-28,2025-11-03,2
20251021,08123,Weld County,CO,99.60,0.40,0.00,0.00,0.00,0.00,2025-10-21,2025-10-27,2
20251014,08123,Weld County,CO,99.60,0.40,0.00,0.00,0.00,0.00,2025-10-14,2025-10-20,2
20251007,08123,Weld County,CO,99.60,0.40,0.00,0.00,0.00,0.00,2025-10-07,2025-10-13,2
20250930,08123,Weld County,CO,99.60,0.40,0.00,0.00,0.00,0.00,2025-09-30,2025-10-06,2
20261006,08125,Yuma County,CO,21.88,64.32,13.80,0.00,0.00,0.00,2026-10-06,2026-10-12,2
20260929,08125,Yuma County,CO,23.87,66.47,9.66,0.00,0.00,0.00,2026-09-29,2026-10-05,2
20260922,08125,Yuma County,CO,28.75,61.59,9.66,0.00,0.00,0.00,2026-09-22,2026-09-28,2
20260915,08125,Yuma County,CO,16.68,73.66,9.66,0.00,0.00,0.00,2026-09-15,2026-09-21,2
20260908,08125,Yuma County,CO,16.68,83.32,0.00,0.00,0.00,0.00,2026-09-08,2026-09-14,2
20260901,08125,Yuma County,CO,16.68,83.32,0.00,0.00,0.00,0.00,2026-09-01,2026-09-07,2
20260825,08125,Yuma County,CO,5.06,90.22,4.72,0.00,0.00,0.00,2026-08-25,2026-08-31,2
20260818,08125,Yuma County,CO,4.94,90.34,4.72,0.00,0.00,0.00,2026-08-18,2026-08-24,2
20260811,08125,Yuma County,CO,3.89,61.11,34.90,0.11,0.00,0.00,2026-08-11,2026-08-17,2
20260804,08125,Yuma County,CO,34.28,61.53,4.19,0.00,0.00,0.00,2026-08-04,2026-08-10,2
20260728,08125,Yuma County,CO,45.92,54.08,0.00,0.00,0.00,0.00,2026-07-28,2026-08-03,2
20260721,08125,Yuma County,CO,54.04,45.96,0.00,0.00,0.00,0.00,2026-07-21,2026-07-27,2
20260714,08125,Yuma County,CO,54.04,45.96,0.00,0.00,0.00,0.00,2026-07-14,2026-07-20,2
20260707,08125,Yuma County,CO,39.80,60.20,0.00,0.00,0.00,0.00,2026-07-07,2026-07-13,2
20260630,08125,Yuma County,CO,0.00,92.26,7.74,0.00,0.00,0.00,2026-06-30,2026-07-06,2
20260623,08125,Yuma County,CO,0.00,27.24,65.52,7.24,0.00,0.00,2026-06-23,2026-06-29,2
20260616,08125,Yuma County,CO,0.00,18.47,74.28,7.24,0.00,0.00,2026-06-16,2026-06-22,2
20260609,08125,Yuma County,CO,3.19,15.29,74.28,7.24,0.00,0.00,2026-06-09,2026-06-15,2
20260602,08125,Yuma County,CO,3.19,15.29,74.28,7.24,0.00,0.00,2026-06-02,2026-06-08,2
20260526,08125,Yuma County,CO,0.00,9.46,35.40,55.14,0.00,0.00,2026-05-26,2026-06-01,2
20260519,08125,Yuma County,CO,0.00,0.00,9.46,48.66,41.89,0.00,2026-05-19,2026-05-25,2
20260512,08125,Yuma County,CO,0.00,0.00,0.00,58.11,41.89,0.00,2026-05-12,2026-05-18,2
20260505,08125,Yuma County,CO,0.00,0.00,0.00,0.00,100.00,0.00,2026-05-05,2026-05-11,2
20260428,08125,Yuma County,CO,0.00,0.00,0.00,0.00,100.00,0.00,2026-04-28,2026-05-04,2
20260421,08125,Yuma County,CO,0.00,0.00,0.00,1.37,98.63,0.00,2026-04-21,2026-04-27,2
20260414,08125,Yuma County,CO,0.00,0.00,0.00,2.44,97.56,0.00,2026-04-14,2026-04-20,2
20260407,08125,Yuma County,CO,0.00,0.00,1.94,41.51,56.56,0.00,2026-04-07,2026-04-13,2
20260331,08125,Yuma County,CO,0.00,0.00,1.94,41.51,56.56,0.00,2026-03-31,2026-04-06,2
20260324,08125,Yuma County,CO,0.00,1.64,32.55,65.80,0.00,0.00,2026-03-24,2026-03-30,2
20260317,08125,Yuma County,CO,0.00,1.64,32.55,65.80,0.00,0.00,2026-03-17,2026-03-23,2
20260310,08125,Yuma County,CO,0.00,1.32,38.84,59.84,0.00,0.00,2026-03-10,2026-03-16,2
20260303,08125,Yuma County,CO,0.00,1.32,38.84,59.84,0.00,0.00,2026-03-03,2026-03-09,2
20260224,08125,Yuma County,CO,0.00,1.32,98.68,0.00,0.00,0.00,2026-02-24,2026-03-02,2
20260217,08125,Yuma County,CO,0.00,1.32,98.68,0.00,0.00,0.00,2026-02-17,2026-02-23,2
20260210,08125,Yuma County,CO,0.00,1.32,98.68,0.00,0.00,0.00,2026-02-10,2026-02-16,2
20260203,08125,Yuma County,CO,0.00,1.32,98.68,0.00,0.00,0.00,2026-02-03,2026-02-09,2
20260127,08125,Yuma County,CO,1.30,26.81,71.89,0.00,0.00,0.00,2026-01-27,2026-02-02,2
20260120,08125,Yuma County,CO,1.31,26.87,71.82,0.00,0.00,0.00,2026-01-20,2026-01-26,2
20260113,08125,Yuma County,CO,2.88,25.31,71.82,0.00,0.00,0.00,2026-01-13,2026-01-19,2
20260106,08125,Yuma County,CO,4.18,75.46,20.37,0.00,0.00,0.00,2026-01-06,2026-01-12,2
20251230,08125,Yuma County,CO,4.18,95.82,0.00,0.00,0.00,0.00,2025-12-30,2026-01-05,2
20251223,08125,Yuma County,CO,100.00,0.00,0.00,0.00,0.00,0.00,2025-12-23,2025-12-29,2
20251216,08125,Yuma County,CO,100.00,0.00,0.00,0.00,0.00,0.00,2025-12-16,2025-12-22,2
20251209,08125,Yuma County,CO,100.00,0.00,0.00,0.00,0.00,0.00,2025-12-09,2025-12-15,2
20251202,08125,Yuma County,CO,100.00,0.00,0.00,0.00,0.00,0.00,2025-12-02,2025-12-08,2
20251125,08125,Yuma County,CO,100.00,0.00,0.00,0.00,0.00,0.00,2025-11-25,2025-12-01,2
20251118,08125,Yuma County,CO,100.00,0.00,0.00,0.00,0.00,0.00,2025-11-18,2025-11-24,2
20251111,08125,Yuma County,CO,100.00,0.00,0.00,0.00,0.00,0.00,2025-11-11,2025-11-17,2
20251104,08125,Yuma County,CO,100.00,0.00,0.00,0.00,0.00,0.00,2025-11-04,2025-11-10,2
20251028,08125,Yuma County,CO,100.00,0.00,0.00,0.00,0.00,0.00,2025-10-28,2025-11-03,2
20251021,08125,Yuma County,CO,100.00,0.00,0.00,0.00,0.00,0.00,2025-10-21,2025-10-27,2
20251014,08125,Yuma County,CO,100.00,0.00,0.00,0.00,0.00,0.00,2025-10-14,2025-10-20,2
20251007,08125,Yuma County,CO,100.00,0.00,0.00,0.00,0.00,0.00,2025-10-07,2025-10-13,2
20250930,08125,Yuma County,CO,100.00,0.00,0.00,0.00,0.00,0.00,2025-09-30,2025-10-06,2
